@odata.etag,msdyn_aieventid,createdon,msdyn_eventtimestamp,msdyn_eventtype,msdyn_billingtype,msdyn_creditconsumed,msdyn_ismeteredevent,msdyn_conversationid,msdyn_sessionid,_msdyn_botid_value,_msdyn_botid_value@OData.Community.Display.V1.FormattedValue,_msdyn_environmentid_value,_msdyn_environmentid_value@OData.Community.Display.V1.FormattedValue,msdyn_channel,msdyn_outcome,statecode,statuscode,versionnumber,_ingested_at,_source_system,_source_api,_watermark,_batch_id,_data_class
"W/""8742766""",073372c0-8123-8f51-5251-ac2b1de335c2,2026-08-01T09:04:38Z,2026-08-01T09:04:38Z,Classic answer,Zero-rated,0,false,a0b5ff79-5f19-287a-cdb2-18f182b9da38,b198aae1-f8be-e2ce-1553-e9f01f95fd31,bdd640fb-0667-1ad1-1c80-317fa3b1799d,HR Helpdesk Bot,3f2ad9c1-7b64-4f6a-9d8e-52c0b7a13e45,Contoso Production,Microsoft Teams,Escalated,0,1,13120537,2026-09-04T18:00:00Z,AI-FinOps-MOCK,dataverse.msdyn_aievents,2026-08-01,batch-2026-09-04,MOCK
"W/""3711208""",0f41c628-57f4-aba7-da90-d76cb9b3e516,2026-08-01T09:10:52Z,2026-08-01T09:10:52Z,Classic answer,Billed,24,true,f9f04a1f-1d10-6f91-1368-5e0dd6d34231,74a36f5b-80f0-0348-e7c6-ab322aa3cf39,bdd640fb-0667-1ad1-1c80-317fa3b1799d,HR Helpdesk Bot,3f2ad9c1-7b64-4f6a-9d8e-52c0b7a13e45,Contoso Production,Web chat,Resolved,0,1,79967130,2026-09-04T18:00:00Z,AI-FinOps-MOCK,dataverse.msdyn_aievents,2026-08-01,batch-2026-09-04,MOCK
"W/""1922485""",8ec67684-3f0c-7e4a-7c2a-29d496ca6de4,2026-08-01T08:12:36Z,2026-08-01T08:12:36Z,Generative answer,Billed,112,true,96e23f3f-9dd1-2d2b-7056-c0c8021e8345,f454cbfb-9aeb-011b-48c4-95d1183e4993,bdd640fb-0667-1ad1-1c80-317fa3b1799d,HR Helpdesk Bot,3f2ad9c1-7b64-4f6a-9d8e-52c0b7a13e45,Contoso Production,Microsoft Teams,Escalated,0,1,24424410,2026-09-04T18:00:00Z,AI-FinOps-MOCK,dataverse.msdyn_aievents,2026-08-01,batch-2026-09-04,MOCK
"W/""6083353""",b44a8c33-61a5-e9ec-417d-76dd1f4cd5b2,2026-08-01T12:23:07Z,2026-08-01T12:23:07Z,Generative answer,Billed,14,true,ffe2ed74-cb20-b628-806e-930089bf4761,516c8225-7eac-608e-c9a4-34c91ef2b337,bdd640fb-0667-1ad1-1c80-317fa3b1799d,HR Helpdesk Bot,3f2ad9c1-7b64-4f6a-9d8e-52c0b7a13e45,Contoso Production,Web chat,Resolved,0,1,15654768,2026-09-04T18:00:00Z,AI-FinOps-MOCK,dataverse.msdyn_aievents,2026-08-01,batch-2026-09-04,MOCK
"W/""5016828""",10bf8cc3-989d-23b3-ee47-ba0056dd14df,2026-08-01T11:50:18Z,2026-08-01T11:50:18Z,Generative answer,Billed,80,true,55ef9130-77b2-afa6-28c0-df38d10924d2,6ac24c11-f5e5-b7a2-3a53-8294e03a6cd8,bdd640fb-0667-1ad1-1c80-317fa3b1799d,HR Helpdesk Bot,3f2ad9c1-7b64-4f6a-9d8e-52c0b7a13e45,Contoso Production,Custom website,Resolved,0,1,50423135,2026-09-04T18:00:00Z,AI-FinOps-MOCK,dataverse.msdyn_aievents,2026-08-01,batch-2026-09-04,MOCK
"W/""4073568""",3162c152-aecb-8744-3ac4-10ccc3d914ac,2026-08-01T19:03:22Z,2026-08-01T19:03:22Z,Agent action,Billed,132,true,b898137f-a916-f5dd-bb63-7777f0f95657,03753465-566c-a730-79fa-2d514ed05f80,bdd640fb-0667-1ad1-1c80-317fa3b1799d,HR Helpdesk Bot,3f2ad9c1-7b64-4f6a-9d8e-52c0b7a13e45,Contoso Production,Custom website,Resolved,0,1,74964934,2026-09-04T18:00:00Z,AI-FinOps-MOCK,dataverse.msdyn_aievents,2026-08-01,batch-2026-09-04,MOCK
"W/""7327358""",d7f31656-4527-efb4-d759-61a6ee17d954,2026-08-01T19:26:12Z,2026-08-01T19:26:12Z,Agent action,Billed,81,true,ef832bbd-a179-197f-fc4d-4a9808fbd8e7,870713a7-5e7d-482c-ab62-57fba19fa30b,bdd640fb-0667-1ad1-1c80-317fa3b1799d,HR Helpdesk Bot,3f2ad9c1-7b64-4f6a-9d8e-52c0b7a13e45,Contoso Production,Web chat,Abandoned,0,1,84172879,2026-09-04T18:00:00Z,AI-FinOps-MOCK,dataverse.msdyn_aievents,2026-08-01,batch-2026-09-04,MOCK
"W/""8971835""",05fd3611-fb53-ab5c-788c-bda715b9a6f1,2026-08-01T13:22:28Z,2026-08-01T13:22:28Z,Agent action,Zero-rated,0,false,5c605c5e-7389-1a56-d7f7-c87171483cf3,e5a14a80-ff3a-eb4a-6d1d-167278ec64b9,bdd640fb-0667-1ad1-1c80-317fa3b1799d,HR Helpdesk Bot,3f2ad9c1-7b64-4f6a-9d8e-52c0b7a13e45,Contoso Production,Web chat,Resolved,0,1,71993288,2026-09-04T18:00:00Z,AI-FinOps-MOCK,dataverse.msdyn_aievents,2026-08-01,batch-2026-09-04,MOCK
"W/""1565780""",c2e552c5-c732-ece8-2c2b-e64b48f9b17a,2026-08-01T19:24:06Z,2026-08-01T19:24:06Z,Agent action,Zero-rated,0,false,79077353-055d-f0ca-3ff8-9cf708728b55,bbde5189-b43f-b27b-ebc7-a4bd34eddad4,bdd640fb-0667-1ad1-1c80-317fa3b1799d,HR Helpdesk Bot,3f2ad9c1-7b64-4f6a-9d8e-52c0b7a13e45,Contoso Production,Web chat,Resolved,0,1,85408922,2026-09-04T18:00:00Z,AI-FinOps-MOCK,dataverse.msdyn_aievents,2026-08-01,batch-2026-09-04,MOCK
"W/""8833403""",b89d7310-0265-a891-056a-922d894f0b03,2026-08-01T16:04:20Z,2026-08-01T16:04:20Z,Agent action,Billed,42,true,a6ddebc4-dce4-8c87-ee59-e4ff778943ed,e3d44ecc-6256-8c20-8fb1-0eedda322f3c,bdd640fb-0667-1ad1-1c80-317fa3b1799d,HR Helpdesk Bot,3f2ad9c1-7b64-4f6a-9d8e-52c0b7a13e45,Contoso Production,Microsoft Teams,Escalated,0,1,91193369,2026-09-04T18:00:00Z,AI-FinOps-MOCK,dataverse.msdyn_aievents,2026-08-01,batch-2026-09-04,MOCK
"W/""8824063""",bf182031-0f8e-a1f1-508e-955553c7c650,2026-08-01T13:15:16Z,2026-08-01T13:15:16Z,Classic answer,Zero-rated,0,false,865f695b-f701-6b66-4c2c-64df7053b15b,ed2b9320-4c94-f0d7-422e-4c771975f625,23b8c1e9-3924-56de-3eb1-3b9046685257,Claims Triage Agent,3f2ad9c1-7b64-4f6a-9d8e-52c0b7a13e45,Contoso Production,Web chat,Resolved,0,1,89285964,2026-09-04T18:00:00Z,AI-FinOps-MOCK,dataverse.msdyn_aievents,2026-08-01,batch-2026-09-04,MOCK
"W/""7708976""",c57aa431-6a00-042e-2caf-6e3c661b6e7f,2026-08-01T19:38:10Z,2026-08-01T19:38:10Z,Classic answer,Billed,31,true,580453bc-e4d1-b98f-98cc-638a3777dfdf,b253a0bc-f6e9-a7ca-95ca-5e3f1884a76e,23b8c1e9-3924-56de-3eb1-3b9046685257,Claims Triage Agent,3f2ad9c1-7b64-4f6a-9d8e-52c0b7a13e45,Contoso Production,Custom website,Resolved,0,1,40634319,2026-09-04T18:00:00Z,AI-FinOps-MOCK,dataverse.msdyn_aievents,2026-08-01,batch-2026-09-04,MOCK
"W/""2332809""",e6da6b46-5651-3a60-ea7e-628d51a00454,2026-08-01T17:41:19Z,2026-08-01T17:41:19Z,Generative answer,Billed,98,true,d8230ab6-bdab-28e0-92e6-75ff2e26f1ac,764f8365-28c0-d9d7-9e00-a25cd9dd1168,23b8c1e9-3924-56de-3eb1-3b9046685257,Claims Triage Agent,3f2ad9c1-7b64-4f6a-9d8e-52c0b7a13e45,Contoso Production,Web chat,Escalated,0,1,70916608,2026-09-04T18:00:00Z,AI-FinOps-MOCK,dataverse.msdyn_aievents,2026-08-01,batch-2026-09-04,MOCK
"W/""7905365""",646c798e-cf3e-c3d2-ead6-5e0d1e0c8279,2026-08-01T16:39:38Z,2026-08-01T16:39:38Z,Generative answer,Zero-rated,0,false,347cc236-14b5-6b25-0ef6-2d3d05f8c31b,d26f8ad2-3e14-8ddb-1dd6-a3901aba5cff,23b8c1e9-3924-56de-3eb1-3b9046685257,Claims Triage Agent,3f2ad9c1-7b64-4f6a-9d8e-52c0b7a13e45,Contoso Production,Custom website,Abandoned,0,1,76111039,2026-09-04T18:00:00Z,AI-FinOps-MOCK,dataverse.msdyn_aievents,2026-08-01,batch-2026-09-04,MOCK
"W/""8737917""",a41c6ed4-8644-1478-b556-f426aa7af008,2026-08-01T16:30:42Z,2026-08-01T16:30:42Z,Generative answer,Billed,18,true,9255e902-2a68-9142-943e-3548d8e99aa6,93029b44-0ef5-7d33-3dd0-d038da978786,23b8c1e9-3924-56de-3eb1-3b9046685257,Claims Triage Agent,3f2ad9c1-7b64-4f6a-9d8e-52c0b7a13e45,Contoso Production,Microsoft Teams,Escalated,0,1,73344698,2026-09-04T18:00:00Z,AI-FinOps-MOCK,dataverse.msdyn_aievents,2026-08-01,batch-2026-09-04,MOCK
"W/""1869207""",db2f42ba-015e-597d-a427-77649b29b1b5,2026-08-01T12:03:52Z,2026-08-01T12:03:52Z,Agent action,Billed,120,true,a22634b5-2fdd-cb84-f1b7-9a0a6a262309,ff430c3e-95ec-65b8-06a4-b9db54c7f626,23b8c1e9-3924-56de-3eb1-3b9046685257,Claims Triage Agent,3f2ad9c1-7b64-4f6a-9d8e-52c0b7a13e45,Contoso Production,Web chat,Escalated,0,1,61564119,2026-09-04T18:00:00Z,AI-FinOps-MOCK,dataverse.msdyn_aievents,2026-08-01,batch-2026-09-04,MOCK
"W/""1031315""",06bbf0ec-912a-7718-8453-94c36a912140,2026-08-01T13:56:58Z,2026-08-01T13:56:58Z,Agent action,Billed,15,true,2ebe36ba-e5ed-20a2-cdd3-9df9efabdfca,5ea034fb-bdaf-bb79-5d06-140fd08200b5,23b8c1e9-3924-56de-3eb1-3b9046685257,Claims Triage Agent,3f2ad9c1-7b64-4f6a-9d8e-52c0b7a13e45,Contoso Production,Custom website,Resolved,0,1,77852433,2026-09-04T18:00:00Z,AI-FinOps-MOCK,dataverse.msdyn_aievents,2026-08-01,batch-2026-09-04,MOCK
"W/""8718627""",068ad35b-4369-6518-8f06-e1eda3618e1a,2026-08-01T17:29:12Z,2026-08-01T17:29:12Z,Agent action,Billed,159,true,4359c3bf-02d4-8550-a8b0-6a7871221afc,06ddb464-94dd-71ed-1d73-6c6de230b9df,23b8c1e9-3924-56de-3eb1-3b9046685257,Claims Triage Agent,3f2ad9c1-7b64-4f6a-9d8e-52c0b7a13e45,Contoso Production,Microsoft Teams,Escalated,0,1,26194468,2026-09-04T18:00:00Z,AI-FinOps-MOCK,dataverse.msdyn_aievents,2026-08-01,batch-2026-09-04,MOCK
"W/""3293182""",91f10c5f-7f96-32f6-f1f7-0daf30daf217,2026-08-01T09:31:28Z,2026-08-01T09:31:28Z,Classic answer,Billed,54,true,3aa548dd-c2e0-143b-70bf-714ea2134956,03cfd821-d88a-907a-9176-94db083c56cc,bd9c66b3-ad3c-2d6d-1a3d-1fa7bc8960a9,Store Ops Assistant,3f2ad9c1-7b64-4f6a-9d8e-52c0b7a13e45,Contoso Production,Web chat,Resolved,0,1,36131252,2026-09-04T18:00:00Z,AI-FinOps-MOCK,dataverse.msdyn_aievents,2026-08-01,batch-2026-09-04,MOCK
"W/""6531625""",86e031e7-d84d-724c-d912-63911fd32aeb,2026-08-01T18:37:10Z,2026-08-01T18:37:10Z,Classic answer,Billed,12,true,72b6e4ea-483f-88b7-6d72-75c3fb906113,5f6a2847-873a-57a2-4224-d4010501c2a3,bd9c66b3-ad3c-2d6d-1a3d-1fa7bc8960a9,Store Ops Assistant,3f2ad9c1-7b64-4f6a-9d8e-52c0b7a13e45,Contoso Production,Custom website,Escalated,0,1,16142024,2026-09-04T18:00:00Z,AI-FinOps-MOCK,dataverse.msdyn_aievents,2026-08-01,batch-2026-09-04,MOCK
"W/""5928347""",7d0e01f4-d6bc-b21c-454c-0b79b59ba5a1,2026-08-01T11:49:28Z,2026-08-01T11:49:28Z,Classic answer,Billed,10,true,e9b4cde5-5831-da28-dae4-e4a91ec95c5b,37def057-0d41-4ccf-5bb0-a01560dac202,bd9c66b3-ad3c-2d6d-1a3d-1fa7bc8960a9,Store Ops Assistant,3f2ad9c1-7b64-4f6a-9d8e-52c0b7a13e45,Contoso Production,Web chat,Resolved,0,1,53415617,2026-09-04T18:00:00Z,AI-FinOps-MOCK,dataverse.msdyn_aievents,2026-08-01,batch-2026-09-04,MOCK
"W/""5305898""",e41eb440-38ba-e5e6-83d1-cdb98e037e5a,2026-08-01T08:00:30Z,2026-08-01T08:00:30Z,Classic answer,Billed,50,true,89b4dbc0-6faa-2983-2622-718082b99c7b,14f652e3-0e23-2341-d397-1d36250d59d1,bd9c66b3-ad3c-2d6d-1a3d-1fa7bc8960a9,Store Ops Assistant,3f2ad9c1-7b64-4f6a-9d8e-52c0b7a13e45,Contoso Production,Microsoft Teams,Resolved,0,1,29388905,2026-09-04T18:00:00Z,AI-FinOps-MOCK,dataverse.msdyn_aievents,2026-08-01,batch-2026-09-04,MOCK
"W/""3403852""",2c6cb095-db2d-62ea-efbb-6956678f1fec,2026-08-01T09:58:20Z,2026-08-01T09:58:20Z,Classic answer,Billed,55,true,ec34576e-a8ca-ef85-7bd7-f5b00c4a4749,af6ca0bd-6cf0-36af-c71a-ae10adf972a6,bd9c66b3-ad3c-2d6d-1a3d-1fa7bc8960a9,Store Ops Assistant,3f2ad9c1-7b64-4f6a-9d8e-52c0b7a13e45,Contoso Production,Web chat,Abandoned,0,1,58981508,2026-09-04T18:00:00Z,AI-FinOps-MOCK,dataverse.msdyn_aievents,2026-08-01,batch-2026-09-04,MOCK
"W/""9481883""",c905ef90-998a-75dd-e297-0c5b6eead93d,2026-08-01T09:46:48Z,2026-08-01T09:46:48Z,Generative answer,Billed,68,true,5e0ccb8c-2404-1592-72d1-3031fd1df5a4,6fac6d23-06f1-862c-ce96-dc3e0405d4b3,bd9c66b3-ad3c-2d6d-1a3d-1fa7bc8960a9,Store Ops Assistant,3f2ad9c1-7b64-4f6a-9d8e-52c0b7a13e45,Contoso Production,Custom website,Escalated,0,1,42841916,2026-09-04T18:00:00Z,AI-FinOps-MOCK,dataverse.msdyn_aievents,2026-08-01,batch-2026-09-04,MOCK
"W/""5378315""",da029afc-25e3-f892-b240-e64b96e58e4d,2026-08-01T16:28:51Z,2026-08-01T16:28:51Z,Generative answer,Billed,110,true,1e93df24-35e6-7875-a8ab-7495e3875beb,1c2f2b78-1bbf-6549-58bd-b036a1f2e4b7,bd9c66b3-ad3c-2d6d-1a3d-1fa7bc8960a9,Store Ops Assistant,3f2ad9c1-7b64-4f6a-9d8e-52c0b7a13e45,Contoso Production,Microsoft Teams,Abandoned,0,1,84859048,2026-09-04T18:00:00Z,AI-FinOps-MOCK,dataverse.msdyn_aievents,2026-08-01,batch-2026-09-04,MOCK
"W/""4827058""",1228bbdb-7563-b124-d883-26635478dcf7,2026-08-01T16:12:05Z,2026-08-01T16:12:05Z,Generative answer,Zero-rated,0,false,974d2610-0f0c-503d-9e68-8afce80a8bff,c5589cc7-b144-417d-3275-9085b04e9f00,bd9c66b3-ad3c-2d6d-1a3d-1fa7bc8960a9,Store Ops Assistant,3f2ad9c1-7b64-4f6a-9d8e-52c0b7a13e45,Contoso Production,Web chat,Escalated,0,1,24824502,2026-09-04T18:00:00Z,AI-FinOps-MOCK,dataverse.msdyn_aievents,2026-08-01,batch-2026-09-04,MOCK
"W/""2439020""",e2e590fe-8294-4168-c856-359b869c5f97,2026-08-01T13:32:32Z,2026-08-01T13:32:32Z,Generative answer,Billed,62,true,cdafbd48-3d6d-194f-d1e9-53c8cc10d7f1,fa47b897-60b0-8f1c-d584-7b24772333f5,bd9c66b3-ad3c-2d6d-1a3d-1fa7bc8960a9,Store Ops Assistant,3f2ad9c1-7b64-4f6a-9d8e-52c0b7a13e45,Contoso Production,Microsoft Teams,Escalated,0,1,19086101,2026-09-04T18:00:00Z,AI-FinOps-MOCK,dataverse.msdyn_aievents,2026-08-01,batch-2026-09-04,MOCK
"W/""6726190""",73640c2a-e45d-ad86-0e29-a199b05c8346,2026-08-01T09:08:22Z,2026-08-01T09:08:22Z,Generative answer,Billed,66,true,92dd2a85-43ff-9b45-8a74-72b1581d84d2,cd836844-1ddf-f7fd-9c03-699f321ad789,bd9c66b3-ad3c-2d6d-1a3d-1fa7bc8960a9,Store Ops Assistant,3f2ad9c1-7b64-4f6a-9d8e-52c0b7a13e45,Contoso Production,Custom website,Escalated,0,1,81887831,2026-09-04T18:00:00Z,AI-FinOps-MOCK,dataverse.msdyn_aievents,2026-08-01,batch-2026-09-04,MOCK
"W/""4308825""",45f07409-a955-3dcb-ee5c-9916450c339f,2026-08-01T12:03:50Z,2026-08-01T12:03:50Z,Agent action,Billed,93,true,0fb9b382-464b-1fb8-3506-3c474e8fa241,859d845e-8478-eaa9-e2ee-74022edee587,bd9c66b3-ad3c-2d6d-1a3d-1fa7bc8960a9,Store Ops Assistant,3f2ad9c1-7b64-4f6a-9d8e-52c0b7a13e45,Contoso Production,Web chat,Abandoned,0,1,51981711,2026-09-04T18:00:00Z,AI-FinOps-MOCK,dataverse.msdyn_aievents,2026-08-01,batch-2026-09-04,MOCK
"W/""8592370""",d44cceb3-5055-cb9b-7d0f-236c1bb6b098,2026-08-01T08:32:29Z,2026-08-01T08:32:29Z,Agent action,Billed,30,true,ae98ac79-ba4e-c9ad-60be-a0d36fcc4bd6,94f2f401-7d66-94b4-503e-14aa3f3b5126,bd9c66b3-ad3c-2d6d-1a3d-1fa7bc8960a9,Store Ops Assistant,3f2ad9c1-7b64-4f6a-9d8e-52c0b7a13e45,Contoso Production,Microsoft Teams,Resolved,0,1,78122543,2026-09-04T18:00:00Z,AI-FinOps-MOCK,dataverse.msdyn_aievents,2026-08-01,batch-2026-09-04,MOCK
"W/""2023378""",bb0535b8-f62e-6476-77ba-732b02713dda,2026-08-01T16:12:10Z,2026-08-01T16:12:10Z,Agent action,Zero-rated,0,false,af562d4a-bbe6-8747-8db5-239534310812,4a34aa5b-e353-afe6-5435-2af4648fc93a,bd9c66b3-ad3c-2d6d-1a3d-1fa7bc8960a9,Store Ops Assistant,3f2ad9c1-7b64-4f6a-9d8e-52c0b7a13e45,Contoso Production,Microsoft Teams,Escalated,0,1,10448477,2026-09-04T18:00:00Z,AI-FinOps-MOCK,dataverse.msdyn_aievents,2026-08-01,batch-2026-09-04,MOCK
"W/""9808667""",22eada73-a5ee-68fa-7582-bcb09bf5097c,2026-08-02T17:37:11Z,2026-08-02T17:37:11Z,Classic answer,Zero-rated,0,false,eb936354-9274-c058-431e-03902227a9b3,f403fe63-1710-0685-6850-a57971ef5f95,bdd640fb-0667-1ad1-1c80-317fa3b1799d,HR Helpdesk Bot,3f2ad9c1-7b64-4f6a-9d8e-52c0b7a13e45,Contoso Production,Custom website,Abandoned,0,1,39406683,2026-09-04T18:00:00Z,AI-FinOps-MOCK,dataverse.msdyn_aievents,2026-08-02,batch-2026-09-04,MOCK
"W/""7401735""",1a137fea-38c9-cadf-18be-89870b2b4aec,2026-08-02T15:30:41Z,2026-08-02T15:30:41Z,Classic answer,Billed,39,true,88822c16-9ffd-8b3a-b6b1-037805b39b1f,42d56a06-21b2-b4e7-6d80-056fec359559,bdd640fb-0667-1ad1-1c80-317fa3b1799d,HR Helpdesk Bot,3f2ad9c1-7b64-4f6a-9d8e-52c0b7a13e45,Contoso Production,Web chat,Resolved,0,1,20648399,2026-09-04T18:00:00Z,AI-FinOps-MOCK,dataverse.msdyn_aievents,2026-08-02,batch-2026-09-04,MOCK
"W/""3337306""",226b8bd4-55ea-2cb9-63f9-20cbc5a4df44,2026-08-02T15:06:34Z,2026-08-02T15:06:34Z,Generative answer,Billed,106,true,1defb12c-74bb-9795-ddc7-60002e2b675e,87b59fb2-6707-5ace-0263-8eeeb11c7a00,bdd640fb-0667-1ad1-1c80-317fa3b1799d,HR Helpdesk Bot,3f2ad9c1-7b64-4f6a-9d8e-52c0b7a13e45,Contoso Production,Web chat,Escalated,0,1,66795735,2026-09-04T18:00:00Z,AI-FinOps-MOCK,dataverse.msdyn_aievents,2026-08-02,batch-2026-09-04,MOCK
"W/""7143410""",4890f6a4-0852-19c8-400c-0fa78aaf21c6,2026-08-02T13:54:26Z,2026-08-02T13:54:26Z,Generative answer,Billed,64,true,d4c4be39-b6c1-11ad-a2e6-f4142f01bb8e,a50058ad-1578-d9d2-944b-ddfdefa8972c,bdd640fb-0667-1ad1-1c80-317fa3b1799d,HR Helpdesk Bot,3f2ad9c1-7b64-4f6a-9d8e-52c0b7a13e45,Contoso Production,Microsoft Teams,Resolved,0,1,69395077,2026-09-04T18:00:00Z,AI-FinOps-MOCK,dataverse.msdyn_aievents,2026-08-02,batch-2026-09-04,MOCK
"W/""7092168""",12dc746f-f9de-5e8c-7ee7-97b36a3e1ac5,2026-08-02T11:27:19Z,2026-08-02T11:27:19Z,Agent action,Billed,99,true,b3e886bf-1425-8378-d2cb-0fa828daa155,8d6216ae-9bb1-0c30-4ca5-47ec296bc878,bdd640fb-0667-1ad1-1c80-317fa3b1799d,HR Helpdesk Bot,3f2ad9c1-7b64-4f6a-9d8e-52c0b7a13e45,Contoso Production,Custom website,Escalated,0,1,68060832,2026-09-04T18:00:00Z,AI-FinOps-MOCK,dataverse.msdyn_aievents,2026-08-02,batch-2026-09-04,MOCK
"W/""8955695""",be0636e3-e3e9-4379-ddf2-a4f4d43f3ee2,2026-08-02T09:20:22Z,2026-08-02T09:20:22Z,Agent action,Billed,72,true,1f0772fe-22dc-7727-ab4f-2c5bd19321f1,ec660769-f533-bd9f-3f7f-42daadaee6fc,bdd640fb-0667-1ad1-1c80-317fa3b1799d,HR Helpdesk Bot,3f2ad9c1-7b64-4f6a-9d8e-52c0b7a13e45,Contoso Production,Microsoft Teams,Abandoned,0,1,93366112,2026-09-04T18:00:00Z,AI-FinOps-MOCK,dataverse.msdyn_aievents,2026-08-02,batch-2026-09-04,MOCK
"W/""5055742""",b3861760-df05-ec3b-9744-4ccacd7c207e,2026-08-02T14:33:58Z,2026-08-02T14:33:58Z,Agent action,Zero-rated,0,false,c99979c6-2b37-d44f-0c3f-f969e2e8348e,93a6723d-28ea-818b-806f-429ccca00e5a,bdd640fb-0667-1ad1-1c80-317fa3b1799d,HR Helpdesk Bot,3f2ad9c1-7b64-4f6a-9d8e-52c0b7a13e45,Contoso Production,Web chat,Escalated,0,1,75194872,2026-09-04T18:00:00Z,AI-FinOps-MOCK,dataverse.msdyn_aievents,2026-08-02,batch-2026-09-04,MOCK
"W/""2413418""",13a60486-a4a3-0744-ebd5-9d18c526199b,2026-08-02T08:31:51Z,2026-08-02T08:31:51Z,Agent action,Billed,48,true,07182cc2-5dae-b8ab-f25b-ce3f3721c57a,3a3e0b9f-b637-a2fa-a44b-6f98d041bfbc,bdd640fb-0667-1ad1-1c80-317fa3b1799d,HR Helpdesk Bot,3f2ad9c1-7b64-4f6a-9d8e-52c0b7a13e45,Contoso Production,Microsoft Teams,Escalated,0,1,65392453,2026-09-04T18:00:00Z,AI-FinOps-MOCK,dataverse.msdyn_aievents,2026-08-02,batch-2026-09-04,MOCK
"W/""4448954""",4775f014-7b36-12f0-79c2-fe526d27cda9,2026-08-02T17:09:31Z,2026-08-02T17:09:31Z,Classic answer,Billed,23,true,2b515b74-3001-f7fa-7d87-b0f14bdf3af0,7398bc20-54ed-8b69-4a35-bd63f51ee600,23b8c1e9-3924-56de-3eb1-3b9046685257,Claims Triage Agent,3f2ad9c1-7b64-4f6a-9d8e-52c0b7a13e45,Contoso Production,Microsoft Teams,Abandoned,0,1,54319629,2026-09-04T18:00:00Z,AI-FinOps-MOCK,dataverse.msdyn_aievents,2026-08-02,batch-2026-09-04,MOCK
"W/""8300889""",28465616-79c2-1cab-40c7-863d8a417c7e,2026-08-02T12:36:48Z,2026-08-02T12:36:48Z,Classic answer,Billed,28,true,66e0d74e-afda-6a51-74e4-d750fdc3501d,eb750a62-11ac-2697-42b2-db4f0adfe3cf,23b8c1e9-3924-56de-3eb1-3b9046685257,Claims Triage Agent,3f2ad9c1-7b64-4f6a-9d8e-52c0b7a13e45,Contoso Production,Custom website,Resolved,0,1,82941326,2026-09-04T18:00:00Z,AI-FinOps-MOCK,dataverse.msdyn_aievents,2026-08-02,batch-2026-09-04,MOCK
"W/""7462842""",f91bd964-970a-3a73-95fe-bca1fb5724a6,2026-08-02T09:31:05Z,2026-08-02T09:31:05Z,Classic answer,Zero-rated,0,false,458d5042-4961-0a59-d54a-f5d7d79b71a5,f20f428d-a56d-1c5f-2f6e-8aa84f5a671b,23b8c1e9-3924-56de-3eb1-3b9046685257,Claims Triage Agent,3f2ad9c1-7b64-4f6a-9d8e-52c0b7a13e45,Contoso Production,Custom website,Resolved,0,1,88190562,2026-09-04T18:00:00Z,AI-FinOps-MOCK,dataverse.msdyn_aievents,2026-08-02,batch-2026-09-04,MOCK
"W/""1672960""",2ae41c9b-4f6e-6708-02d7-b184e72b4cd2,2026-08-02T10:17:31Z,2026-08-02T10:17:31Z,Classic answer,Billed,58,true,f3a0b0a7-a870-1dd1-ae7f-a7a095bd9eac,f0885fa0-527c-52cc-f7f8-acb95f19a28b,23b8c1e9-3924-56de-3eb1-3b9046685257,Claims Triage Agent,3f2ad9c1-7b64-4f6a-9d8e-52c0b7a13e45,Contoso Production,Custom website,Abandoned,0,1,46390454,2026-09-04T18:00:00Z,AI-FinOps-MOCK,dataverse.msdyn_aievents,2026-08-02,batch-2026-09-04,MOCK
"W/""4891516""",6203af07-1693-824f-f647-dd59faba415b,2026-08-02T08:02:28Z,2026-08-02T08:02:28Z,Generative answer,Billed,30,true,0b3060d3-896a-075f-0ae8-bfed8e3a4113,2e67a7a7-8f87-702e-cab7-8f436171bbf0,23b8c1e9-3924-56de-3eb1-3b9046685257,Claims Triage Agent,3f2ad9c1-7b64-4f6a-9d8e-52c0b7a13e45,Contoso Production,Web chat,Resolved,0,1,42915455,2026-09-04T18:00:00Z,AI-FinOps-MOCK,dataverse.msdyn_aievents,2026-08-02,batch-2026-09-04,MOCK
"W/""7572503""",51e65866-f7b8-70c3-7b5c-2074b187fe2b,2026-08-02T15:40:28Z,2026-08-02T15:40:28Z,Generative answer,Billed,86,true,9fbfc6f9-f0b3-912d-208d-cf8132b27bec,38d68760-8951-c581-9106-fd8b915fe1be,23b8c1e9-3924-56de-3eb1-3b9046685257,Claims Triage Agent,3f2ad9c1-7b64-4f6a-9d8e-52c0b7a13e45,Contoso Production,Custom website,Resolved,0,1,83951622,2026-09-04T18:00:00Z,AI-FinOps-MOCK,dataverse.msdyn_aievents,2026-08-02,batch-2026-09-04,MOCK
"W/""7082623""",f0fe15f0-4cf5-9f22-8788-bdfa80896774,2026-08-02T17:36:03Z,2026-08-02T17:36:03Z,Generative answer,Billed,52,true,a5d3270c-c2f5-c149-9572-1c801dfb535c,83428d04-4f50-ff02-b71e-8196c1e8aceb,23b8c1e9-3924-56de-3eb1-3b9046685257,Claims Triage Agent,3f2ad9c1-7b64-4f6a-9d8e-52c0b7a13e45,Contoso Production,Microsoft Teams,Escalated,0,1,66027260,2026-09-04T18:00:00Z,AI-FinOps-MOCK,dataverse.msdyn_aievents,2026-08-02,batch-2026-09-04,MOCK
"W/""9875004""",3b79a6a3-d74e-0b86-0107-32db859b05cd,2026-08-02T09:04:55Z,2026-08-02T09:04:55Z,Generative answer,Billed,96,true,73ab0a2f-66be-fa85-4504-fedfb9b3943e,6c32e305-049a-d3ea-b3c1-e9690bb05c94,23b8c1e9-3924-56de-3eb1-3b9046685257,Claims Triage Agent,3f2ad9c1-7b64-4f6a-9d8e-52c0b7a13e45,Contoso Production,Microsoft Teams,Escalated,0,1,90792798,2026-09-04T18:00:00Z,AI-FinOps-MOCK,dataverse.msdyn_aievents,2026-08-02,batch-2026-09-04,MOCK
"W/""9576188""",b0e80213-c2b5-33f4-0781-330012ac1acf,2026-08-02T12:31:15Z,2026-08-02T12:31:15Z,Generative answer,Billed,110,true,d97f4923-7f8e-4d86-3ecf-489765753163,70714dd8-af4a-1353-ee27-756a01277f82,23b8c1e9-3924-56de-3eb1-3b9046685257,Claims Triage Agent,3f2ad9c1-7b64-4f6a-9d8e-52c0b7a13e45,Contoso Production,Microsoft Teams,Resolved,0,1,85439116,2026-09-04T18:00:00Z,AI-FinOps-MOCK,dataverse.msdyn_aievents,2026-08-02,batch-2026-09-04,MOCK
"W/""7705101""",57fb3663-0bc7-e023-4e84-f43d3f87cb22,2026-08-02T10:25:04Z,2026-08-02T10:25:04Z,Agent action,Zero-rated,0,false,9c9810b1-4921-d21d-63c6-68b5482b57f0,fd7c581f-53a4-d245-f920-606681e19daf,23b8c1e9-3924-56de-3eb1-3b9046685257,Claims Triage Agent,3f2ad9c1-7b64-4f6a-9d8e-52c0b7a13e45,Contoso Production,Custom website,Resolved,0,1,25017391,2026-09-04T18:00:00Z,AI-FinOps-MOCK,dataverse.msdyn_aievents,2026-08-02,batch-2026-09-04,MOCK
"W/""1131899""",5cb72055-5db8-c311-744c-8e181279c075,2026-08-02T12:03:44Z,2026-08-02T12:03:44Z,Agent action,Billed,45,true,aa4d15b3-9791-83a9-4afb-4e6a064aaec9,8c56a176-732c-4627-5358-39793cf7816e,23b8c1e9-3924-56de-3eb1-3b9046685257,Claims Triage Agent,3f2ad9c1-7b64-4f6a-9d8e-52c0b7a13e45,Contoso Production,Microsoft Teams,Escalated,0,1,22565383,2026-09-04T18:00:00Z,AI-FinOps-MOCK,dataverse.msdyn_aievents,2026-08-02,batch-2026-09-04,MOCK
"W/""7052099""",e0dedab1-f58e-3804-318d-69a93d5f103c,2026-08-02T15:01:04Z,2026-08-02T15:01:04Z,Agent action,Billed,105,true,ed2a3dfb-98f4-2a8e-7eb1-769285574e06,3d1cdbc8-89f0-d60a-a971-0c9b2299d0d8,23b8c1e9-3924-56de-3eb1-3b9046685257,Claims Triage Agent,3f2ad9c1-7b64-4f6a-9d8e-52c0b7a13e45,Contoso Production,Custom website,Resolved,0,1,89752697,2026-09-04T18:00:00Z,AI-FinOps-MOCK,dataverse.msdyn_aievents,2026-08-02,batch-2026-09-04,MOCK
"W/""3076671""",a7e9a377-1490-b828-e6a5-a353bbd76c95,2026-08-02T11:32:43Z,2026-08-02T11:32:43Z,Agent action,Zero-rated,0,false,472949ff-7d85-8820-f548-7ad88da7aad8,0b977561-cbb4-2479-a718-7ea6e411783a,23b8c1e9-3924-56de-3eb1-3b9046685257,Claims Triage Agent,3f2ad9c1-7b64-4f6a-9d8e-52c0b7a13e45,Contoso Production,Microsoft Teams,Escalated,0,1,43826361,2026-09-04T18:00:00Z,AI-FinOps-MOCK,dataverse.msdyn_aievents,2026-08-02,batch-2026-09-04,MOCK
"W/""5235981""",39437052-f589-06b9-2acc-21d93643c274,2026-08-02T10:34:57Z,2026-08-02T10:34:57Z,Classic answer,Billed,29,true,0a9e10d3-626b-2a8a-7c81-8c96a916f073,d9b775b5-a198-73a7-ba0e-0fbbf50759f5,bd9c66b3-ad3c-2d6d-1a3d-1fa7bc8960a9,Store Ops Assistant,3f2ad9c1-7b64-4f6a-9d8e-52c0b7a13e45,Contoso Production,Microsoft Teams,Escalated,0,1,60602379,2026-09-04T18:00:00Z,AI-FinOps-MOCK,dataverse.msdyn_aievents,2026-08-02,batch-2026-09-04,MOCK
"W/""3441418""",2c17ab53-7b31-f3bd-d1a7-728949255abc,2026-08-02T17:17:17Z,2026-08-02T17:17:17Z,Classic answer,Billed,13,true,e71e6484-2840-bc44-236e-ba4cdb9927be,7a9698c2-eea5-98f9-495b-fb6f6c7e61cc,bd9c66b3-ad3c-2d6d-1a3d-1fa7bc8960a9,Store Ops Assistant,3f2ad9c1-7b64-4f6a-9d8e-52c0b7a13e45,Contoso Production,Microsoft Teams,Abandoned,0,1,43209848,2026-09-04T18:00:00Z,AI-FinOps-MOCK,dataverse.msdyn_aievents,2026-08-02,batch-2026-09-04,MOCK
"W/""3660785""",c5f2f230-0b43-70e8-60f7-32d2a1fc5751,2026-08-02T12:47:15Z,2026-08-02T12:47:15Z,Classic answer,Billed,19,true,ac1941f1-afb3-7ab5-ec90-9bc8e2c8cce0,26631965-22da-0119-2e23-2d2937834910,bd9c66b3-ad3c-2d6d-1a3d-1fa7bc8960a9,Store Ops Assistant,3f2ad9c1-7b64-4f6a-9d8e-52c0b7a13e45,Contoso Production,Custom website,Escalated,0,1,54334436,2026-09-04T18:00:00Z,AI-FinOps-MOCK,dataverse.msdyn_aievents,2026-08-02,batch-2026-09-04,MOCK
"W/""6120482""",e837be9b-abe4-d36b-45a8-61a1ae8955b7,2026-08-02T13:33:13Z,2026-08-02T13:33:13Z,Generative answer,Zero-rated,0,false,380e2ccb-74d5-03cd-d1e3-716c125567bc,ce1c4c84-d00f-ff50-9f87-8bc4067bf431,bd9c66b3-ad3c-2d6d-1a3d-1fa7bc8960a9,Store Ops Assistant,3f2ad9c1-7b64-4f6a-9d8e-52c0b7a13e45,Contoso Production,Custom website,Abandoned,0,1,21237842,2026-09-04T18:00:00Z,AI-FinOps-MOCK,dataverse.msdyn_aievents,2026-08-02,batch-2026-09-04,MOCK
"W/""3405130""",dd01af9d-e8fb-cbb5-bb48-0db349fa9ada,2026-08-02T09:45:47Z,2026-08-02T09:45:47Z,Generative answer,Billed,74,true,1c0400c4-47ac-1bb1-246b-9039a8d6d52b,997cb8d2-2ba9-eee7-d980-ff40cfffaa9c,bd9c66b3-ad3c-2d6d-1a3d-1fa7bc8960a9,Store Ops Assistant,3f2ad9c1-7b64-4f6a-9d8e-52c0b7a13e45,Contoso Production,Web chat,Resolved,0,1,57808637,2026-09-04T18:00:00Z,AI-FinOps-MOCK,dataverse.msdyn_aievents,2026-08-02,batch-2026-09-04,MOCK
"W/""9602547""",2621d492-3a54-832c-821e-bcbbb22ec8a1,2026-08-02T13:10:08Z,2026-08-02T13:10:08Z,Generative answer,Billed,72,true,386a6c49-9e9d-3b3e-c2c2-d9fe07f96494,43016101-c4b1-79b8-7d75-a12b96b380cc,bd9c66b3-ad3c-2d6d-1a3d-1fa7bc8960a9,Store Ops Assistant,3f2ad9c1-7b64-4f6a-9d8e-52c0b7a13e45,Contoso Production,Custom website,Abandoned,0,1,14843294,2026-09-04T18:00:00Z,AI-FinOps-MOCK,dataverse.msdyn_aievents,2026-08-02,batch-2026-09-04,MOCK
"W/""4867247""",889a3a96-7056-fe37-7155-19e368527344,2026-08-02T17:11:39Z,2026-08-02T17:11:39Z,Generative answer,Billed,114,true,468d0623-153e-9f52-d495-1de65e24a913,4506c144-57f7-de45-597a-f8bdf07e3384,bd9c66b3-ad3c-2d6d-1a3d-1fa7bc8960a9,Store Ops Assistant,3f2ad9c1-7b64-4f6a-9d8e-52c0b7a13e45,Contoso Production,Custom website,Abandoned,0,1,51833088,2026-09-04T18:00:00Z,AI-FinOps-MOCK,dataverse.msdyn_aievents,2026-08-02,batch-2026-09-04,MOCK
"W/""8772326""",25967c07-7d3f-ebfa-38f5-7074ebe1e6bd,2026-08-02T12:09:50Z,2026-08-02T12:09:50Z,Generative answer,Billed,102,true,29e04ef9-302b-11fa-8fe9-554e6da910e1,f990d104-3446-5266-3b2b-a5dccac958d3,bd9c66b3-ad3c-2d6d-1a3d-1fa7bc8960a9,Store Ops Assistant,3f2ad9c1-7b64-4f6a-9d8e-52c0b7a13e45,Contoso Production,Web chat,Abandoned,0,1,38615005,2026-09-04T18:00:00Z,AI-FinOps-MOCK,dataverse.msdyn_aievents,2026-08-02,batch-2026-09-04,MOCK
"W/""4672277""",17a5a428-571c-4603-8a97-758a7e19ed39,2026-08-02T13:44:28Z,2026-08-02T13:44:28Z,Agent action,Billed,81,true,3226513c-981f-e99e-f818-915e3b5b4384,1b6b71b8-138b-5754-e6b0-e671fa7304de,bd9c66b3-ad3c-2d6d-1a3d-1fa7bc8960a9,Store Ops Assistant,3f2ad9c1-7b64-4f6a-9d8e-52c0b7a13e45,Contoso Production,Web chat,Escalated,0,1,38935157,2026-09-04T18:00:00Z,AI-FinOps-MOCK,dataverse.msdyn_aievents,2026-08-02,batch-2026-09-04,MOCK
"W/""7395967""",60d0f201-9d89-9652-be0f-d219b1d73ebb,2026-08-02T14:16:22Z,2026-08-02T14:16:22Z,Agent action,Zero-rated,0,false,d6d9ff96-5a1c-47d4-e90f-97c071df3f59,7a49af78-5ab5-f2f2-08f0-a65c717528ab,bd9c66b3-ad3c-2d6d-1a3d-1fa7bc8960a9,Store Ops Assistant,3f2ad9c1-7b64-4f6a-9d8e-52c0b7a13e45,Contoso Production,Microsoft Teams,Escalated,0,1,22563758,2026-09-04T18:00:00Z,AI-FinOps-MOCK,dataverse.msdyn_aievents,2026-08-02,batch-2026-09-04,MOCK
"W/""4743033""",e728e109-ca0d-434a-3ae0-db32e8841d08,2026-08-02T09:41:34Z,2026-08-02T09:41:34Z,Agent action,Billed,138,true,653d3fcb-5db5-c3f6-3b78-456939fc62ee,a7453a0d-a1de-1edb-c5be-4a9d2ab9adda,bd9c66b3-ad3c-2d6d-1a3d-1fa7bc8960a9,Store Ops Assistant,3f2ad9c1-7b64-4f6a-9d8e-52c0b7a13e45,Contoso Production,Web chat,Escalated,0,1,12296901,2026-09-04T18:00:00Z,AI-FinOps-MOCK,dataverse.msdyn_aievents,2026-08-02,batch-2026-09-04,MOCK
"W/""1923307""",ba8c5a80-3e26-3894-baf8-034cb4fdc347,2026-08-03T16:19:07Z,2026-08-03T16:19:07Z,Classic answer,Billed,53,true,e536130d-13fa-791a-154a-3f3842a82bf2,d26062cd-314b-bef8-70ec-d6093ba6d077,bdd640fb-0667-1ad1-1c80-317fa3b1799d,HR Helpdesk Bot,3f2ad9c1-7b64-4f6a-9d8e-52c0b7a13e45,Contoso Production,Custom website,Resolved,0,1,13171212,2026-09-04T18:00:00Z,AI-FinOps-MOCK,dataverse.msdyn_aievents,2026-08-03,batch-2026-09-04,MOCK
"W/""1538075""",74809230-f151-2495-f9ea-114d1540ea69,2026-08-03T18:08:08Z,2026-08-03T18:08:08Z,Classic answer,Billed,45,true,8a41ee5b-d1ac-9fb2-f6ba-e4663a7fd06e,20478556-d99a-4b6b-2cc9-66f1ff96677e,bdd640fb-0667-1ad1-1c80-317fa3b1799d,HR Helpdesk Bot,3f2ad9c1-7b64-4f6a-9d8e-52c0b7a13e45,Contoso Production,Custom website,Escalated,0,1,15276125,2026-09-04T18:00:00Z,AI-FinOps-MOCK,dataverse.msdyn_aievents,2026-08-03,batch-2026-09-04,MOCK
"W/""7943043""",c003457a-0030-1152-3af9-12c46bd3ca24,2026-08-03T16:44:47Z,2026-08-03T16:44:47Z,Generative answer,Billed,90,true,9f5ad5a6-9fe8-afc7-0438-e6767b09757d,48a872ec-ce82-5802-69c4-75b4f8bedffd,bdd640fb-0667-1ad1-1c80-317fa3b1799d,HR Helpdesk Bot,3f2ad9c1-7b64-4f6a-9d8e-52c0b7a13e45,Contoso Production,Custom website,Abandoned,0,1,64700049,2026-09-04T18:00:00Z,AI-FinOps-MOCK,dataverse.msdyn_aievents,2026-08-03,batch-2026-09-04,MOCK
"W/""8600185""",8f8aac4c-6de0-4e75-f440-fa6f5010052f,2026-08-03T19:39:32Z,2026-08-03T19:39:32Z,Generative answer,Billed,86,true,2b4723fc-937f-ae81-193e-c69ff262717d,54ff7e4c-c2df-af6f-91bd-c21c9fff13d1,bdd640fb-0667-1ad1-1c80-317fa3b1799d,HR Helpdesk Bot,3f2ad9c1-7b64-4f6a-9d8e-52c0b7a13e45,Contoso Production,Custom website,Resolved,0,1,21598010,2026-09-04T18:00:00Z,AI-FinOps-MOCK,dataverse.msdyn_aievents,2026-08-03,batch-2026-09-04,MOCK
"W/""6120290""",86a95175-3524-a3e3-a654-95ca94f45431,2026-08-03T17:59:33Z,2026-08-03T17:59:33Z,Generative answer,Billed,26,true,03a3f80f-51e0-7ae2-30a6-4f2cdc413634,2579b838-3eac-9744-918e-c281d0c68dc0,bdd640fb-0667-1ad1-1c80-317fa3b1799d,HR Helpdesk Bot,3f2ad9c1-7b64-4f6a-9d8e-52c0b7a13e45,Contoso Production,Web chat,Escalated,0,1,35553196,2026-09-04T18:00:00Z,AI-FinOps-MOCK,dataverse.msdyn_aievents,2026-08-03,batch-2026-09-04,MOCK
"W/""9399308""",df615d48-30ed-1598-6574-a3febe8b065c,2026-08-03T14:38:18Z,2026-08-03T14:38:18Z,Generative answer,Zero-rated,0,false,0e20629f-2022-634f-a910-6253afefcc5a,d801e1e4-14ee-13d4-ed09-41bdb262762f,bdd640fb-0667-1ad1-1c80-317fa3b1799d,HR Helpdesk Bot,3f2ad9c1-7b64-4f6a-9d8e-52c0b7a13e45,Contoso Production,Microsoft Teams,Abandoned,0,1,11755133,2026-09-04T18:00:00Z,AI-FinOps-MOCK,dataverse.msdyn_aievents,2026-08-03,batch-2026-09-04,MOCK
"W/""4381641""",b0ec919f-99bc-1a56-3cb5-ed092bf24e83,2026-08-03T13:49:12Z,2026-08-03T13:49:12Z,Generative answer,Billed,116,true,d67ff9ea-e9de-2024-645b-52edf379026f,d3588497-121e-aeea-9bef-b060f75b3a1f,bdd640fb-0667-1ad1-1c80-317fa3b1799d,HR Helpdesk Bot,3f2ad9c1-7b64-4f6a-9d8e-52c0b7a13e45,Contoso Production,Microsoft Teams,Abandoned,0,1,84905422,2026-09-04T18:00:00Z,AI-FinOps-MOCK,dataverse.msdyn_aievents,2026-08-03,batch-2026-09-04,MOCK
"W/""2562648""",4b1e295e-62a6-1390-bfaf-ab87fea17af7,2026-08-03T09:04:21Z,2026-08-03T09:04:21Z,Agent action,Billed,144,true,ab35b9d2-c674-d18b-b3a0-ec14d432b7be,69b0353f-eca3-9912-408a-ac29d276dad1,bdd640fb-0667-1ad1-1c80-317fa3b1799d,HR Helpdesk Bot,3f2ad9c1-7b64-4f6a-9d8e-52c0b7a13e45,Contoso Production,Web chat,Abandoned,0,1,29762305,2026-09-04T18:00:00Z,AI-FinOps-MOCK,dataverse.msdyn_aievents,2026-08-03,batch-2026-09-04,MOCK
"W/""8925578""",95ae9fb2-6eba-4271-26be-24228fbb7b4b,2026-08-03T13:59:59Z,2026-08-03T13:59:59Z,Agent action,Billed,93,true,03c85720-86ec-7402-0d41-89a904cfd5e4,00cb9ca8-7490-13bb-4824-d06c00e970b5,bdd640fb-0667-1ad1-1c80-317fa3b1799d,HR Helpdesk Bot,3f2ad9c1-7b64-4f6a-9d8e-52c0b7a13e45,Contoso Production,Microsoft Teams,Resolved,0,1,31510078,2026-09-04T18:00:00Z,AI-FinOps-MOCK,dataverse.msdyn_aievents,2026-08-03,batch-2026-09-04,MOCK
"W/""9455066""",4e5909d7-8807-53ad-dc53-1a9cc5b15532,2026-08-03T08:52:33Z,2026-08-03T08:52:33Z,Agent action,Billed,156,true,309492ef-a8fc-2c6b-ef6e-e4b4dbdc2460,338282da-14b3-c01b-902e-3b34e9a4f456,bdd640fb-0667-1ad1-1c80-317fa3b1799d,HR Helpdesk Bot,3f2ad9c1-7b64-4f6a-9d8e-52c0b7a13e45,Contoso Production,Custom website,Escalated,0,1,93165529,2026-09-04T18:00:00Z,AI-FinOps-MOCK,dataverse.msdyn_aievents,2026-08-03,batch-2026-09-04,MOCK
"W/""9686433""",99b78f1c-a8e4-bedd-a536-2ac1876a49bb,2026-08-03T08:23:13Z,2026-08-03T08:23:13Z,Agent action,Billed,36,true,2935ed70-c336-2f45-19d0-cc8d38be52c8,4f9f9da2-0216-695b-b414-01639f873ed2,bdd640fb-0667-1ad1-1c80-317fa3b1799d,HR Helpdesk Bot,3f2ad9c1-7b64-4f6a-9d8e-52c0b7a13e45,Contoso Production,Custom website,Escalated,0,1,31648495,2026-09-04T18:00:00Z,AI-FinOps-MOCK,dataverse.msdyn_aievents,2026-08-03,batch-2026-09-04,MOCK
"W/""8061955""",c399fc1b-0883-8021-6e6d-a80e1fe26dde,2026-08-03T10:15:47Z,2026-08-03T10:15:47Z,Agent action,Billed,174,true,f82ccd42-a9ef-5319-0557-2a2415dff492,25f5bb7f-7df6-319a-e813-6e2e9f1a7077,bdd640fb-0667-1ad1-1c80-317fa3b1799d,HR Helpdesk Bot,3f2ad9c1-7b64-4f6a-9d8e-52c0b7a13e45,Contoso Production,Custom website,Abandoned,0,1,93723608,2026-09-04T18:00:00Z,AI-FinOps-MOCK,dataverse.msdyn_aievents,2026-08-03,batch-2026-09-04,MOCK
"W/""2585504""",5ca50379-f783-fd33-18ed-4c570a0a056b,2026-08-03T09:08:54Z,2026-08-03T09:08:54Z,Classic answer,Billed,15,true,ea2efc22-0174-a07f-197c-c035c1ce2dee,d9f1ea8f-0c0f-52aa-f8fb-a4b06a3be92f,23b8c1e9-3924-56de-3eb1-3b9046685257,Claims Triage Agent,3f2ad9c1-7b64-4f6a-9d8e-52c0b7a13e45,Contoso Production,Custom website,Abandoned,0,1,75786649,2026-09-04T18:00:00Z,AI-FinOps-MOCK,dataverse.msdyn_aievents,2026-08-03,batch-2026-09-04,MOCK
"W/""1438560""",a3dbfcac-ac91-8dc0-f02f-aad24810e70b,2026-08-03T17:30:43Z,2026-08-03T17:30:43Z,Classic answer,Billed,24,true,94e4dc3f-0898-bab0-b31b-8c07278859d7,f3838240-db07-affc-ac57-084b70068cce,23b8c1e9-3924-56de-3eb1-3b9046685257,Claims Triage Agent,3f2ad9c1-7b64-4f6a-9d8e-52c0b7a13e45,Contoso Production,Web chat,Abandoned,0,1,64408318,2026-09-04T18:00:00Z,AI-FinOps-MOCK,dataverse.msdyn_aievents,2026-08-03,batch-2026-09-04,MOCK
"W/""2720638""",9a7aae55-0ce9-937e-087c-f1acf8c1d222,2026-08-03T18:52:15Z,2026-08-03T18:52:15Z,Classic answer,Billed,32,true,337ddfa4-5585-e365-4f59-64caf47a5c6b,dbadd040-ba2f-9fbe-98c9-cd0013a4135e,23b8c1e9-3924-56de-3eb1-3b9046685257,Claims Triage Agent,3f2ad9c1-7b64-4f6a-9d8e-52c0b7a13e45,Contoso Production,Custom website,Abandoned,0,1,47373370,2026-09-04T18:00:00Z,AI-FinOps-MOCK,dataverse.msdyn_aievents,2026-08-03,batch-2026-09-04,MOCK
"W/""4999470""",422fdf53-1459-3ddf-790c-3b1b2a18539d,2026-08-03T14:20:47Z,2026-08-03T14:20:47Z,Generative answer,Zero-rated,0,false,c68b6e64-7b49-d369-dced-012ee380efea,adaf21ac-a4c8-15c4-2dbb-d714b1b5033a,23b8c1e9-3924-56de-3eb1-3b9046685257,Claims Triage Agent,3f2ad9c1-7b64-4f6a-9d8e-52c0b7a13e45,Contoso Production,Web chat,Resolved,0,1,74672935,2026-09-04T18:00:00Z,AI-FinOps-MOCK,dataverse.msdyn_aievents,2026-08-03,batch-2026-09-04,MOCK
"W/""3137214""",e8ff2991-7555-de6e-c702-0a01f9d6d733,2026-08-03T10:12:14Z,2026-08-03T10:12:14Z,Generative answer,Billed,112,true,94e190ac-0a1e-9f2c-5f58-06cdf7257825,4f030adf-e846-875e-45f3-63f4a98112a3,23b8c1e9-3924-56de-3eb1-3b9046685257,Claims Triage Agent,3f2ad9c1-7b64-4f6a-9d8e-52c0b7a13e45,Contoso Production,Web chat,Abandoned,0,1,39815288,2026-09-04T18:00:00Z,AI-FinOps-MOCK,dataverse.msdyn_aievents,2026-08-03,batch-2026-09-04,MOCK
"W/""4592670""",cc6ea4dc-0253-4f81-6a49-aa2cfe0f5393,2026-08-03T18:18:47Z,2026-08-03T18:18:47Z,Generative answer,Zero-rated,0,false,14eb383a-65f2-bc1b-12d1-9c16fd52e5fb,7973a413-8330-5c57-b6ff-68376faeabba,23b8c1e9-3924-56de-3eb1-3b9046685257,Claims Triage Agent,3f2ad9c1-7b64-4f6a-9d8e-52c0b7a13e45,Contoso Production,Custom website,Abandoned,0,1,61468527,2026-09-04T18:00:00Z,AI-FinOps-MOCK,dataverse.msdyn_aievents,2026-08-03,batch-2026-09-04,MOCK
"W/""3550080""",50ed42d9-a857-e1e8-e30b-cc40d739c59a,2026-08-03T11:29:10Z,2026-08-03T11:29:10Z,Agent action,Billed,108,true,42e76bef-8b95-700a-5f47-61c97b260f44,3562e906-6721-6cf6-3db1-d06f87d802a1,23b8c1e9-3924-56de-3eb1-3b9046685257,Claims Triage Agent,3f2ad9c1-7b64-4f6a-9d8e-52c0b7a13e45,Contoso Production,Custom website,Resolved,0,1,69581638,2026-09-04T18:00:00Z,AI-FinOps-MOCK,dataverse.msdyn_aievents,2026-08-03,batch-2026-09-04,MOCK
"W/""2709159""",5240758e-91a9-2d1c-24c2-b86a0182d5e4,2026-08-03T11:50:32Z,2026-08-03T11:50:32Z,Agent action,Billed,33,true,85041e4e-8e20-c39d-7110-2ad6d2dafc63,ac25d007-fd40-504c-2c5d-ba222062e7f4,23b8c1e9-3924-56de-3eb1-3b9046685257,Claims Triage Agent,3f2ad9c1-7b64-4f6a-9d8e-52c0b7a13e45,Contoso Production,Microsoft Teams,Resolved,0,1,55194229,2026-09-04T18:00:00Z,AI-FinOps-MOCK,dataverse.msdyn_aievents,2026-08-03,batch-2026-09-04,MOCK
"W/""3375868""",d304c821-3a4a-2c34-2199-94cba8151143,2026-08-03T11:17:55Z,2026-08-03T11:17:55Z,Agent action,Billed,39,true,21918ba0-c2f4-2d84-e898-41e34aadd895,137dc095-4d56-af40-6af4-30b324e81d83,23b8c1e9-3924-56de-3eb1-3b9046685257,Claims Triage Agent,3f2ad9c1-7b64-4f6a-9d8e-52c0b7a13e45,Contoso Production,Microsoft Teams,Resolved,0,1,44700761,2026-09-04T18:00:00Z,AI-FinOps-MOCK,dataverse.msdyn_aievents,2026-08-03,batch-2026-09-04,MOCK
"W/""7094801""",c8ba8729-63f6-c0d8-d28d-66aa618b47ed,2026-08-03T11:57:00Z,2026-08-03T11:57:00Z,Classic answer,Billed,14,true,73b5e5e7-701d-aebf-c142-c18456647b59,c3d24f49-ba5d-db0a-0337-5e286bd2b5e3,bd9c66b3-ad3c-2d6d-1a3d-1fa7bc8960a9,Store Ops Assistant,3f2ad9c1-7b64-4f6a-9d8e-52c0b7a13e45,Contoso Production,Web chat,Resolved,0,1,94864070,2026-09-04T18:00:00Z,AI-FinOps-MOCK,dataverse.msdyn_aievents,2026-08-03,batch-2026-09-04,MOCK
"W/""4994628""",072d680a-1fed-984b-2c27-65da4d42578b,2026-08-03T09:31:16Z,2026-08-03T09:31:16Z,Classic answer,Billed,27,true,feb1d806-3c08-75e8-4fa9-0af88a9c4cc4,830fc407-d52b-b10c-895a-78c79dff9267,bd9c66b3-ad3c-2d6d-1a3d-1fa7bc8960a9,Store Ops Assistant,3f2ad9c1-7b64-4f6a-9d8e-52c0b7a13e45,Contoso Production,Custom website,Resolved,0,1,86115865,2026-09-04T18:00:00Z,AI-FinOps-MOCK,dataverse.msdyn_aievents,2026-08-03,batch-2026-09-04,MOCK
"W/""7910741""",f264d70a-6e93-aa6f-63c8-db5f42e39c29,2026-08-03T09:27:38Z,2026-08-03T09:27:38Z,Classic answer,Zero-rated,0,false,f3c997db-c400-ba3c-02a9-96e0845f88ac,64750b11-d49c-5df4-d370-5ef82666f8d1,bd9c66b3-ad3c-2d6d-1a3d-1fa7bc8960a9,Store Ops Assistant,3f2ad9c1-7b64-4f6a-9d8e-52c0b7a13e45,Contoso Production,Custom website,Abandoned,0,1,84463560,2026-09-04T18:00:00Z,AI-FinOps-MOCK,dataverse.msdyn_aievents,2026-08-03,batch-2026-09-04,MOCK
"W/""2723554""",6c972c45-e21d-53f7-d3af-213d72061d39,2026-08-03T16:22:07Z,2026-08-03T16:22:07Z,Classic answer,Billed,52,true,b6a5a0f7-fe4f-1bd4-f3d5-a4eea9d7aa10,25b9e59d-1d51-edc4-6d51-9462b373e393,bd9c66b3-ad3c-2d6d-1a3d-1fa7bc8960a9,Store Ops Assistant,3f2ad9c1-7b64-4f6a-9d8e-52c0b7a13e45,Contoso Production,Web chat,Escalated,0,1,60420820,2026-09-04T18:00:00Z,AI-FinOps-MOCK,dataverse.msdyn_aievents,2026-08-03,batch-2026-09-04,MOCK
"W/""6068577""",2858a3d4-9047-fdea-6d86-1a6fc8e905bd,2026-08-03T15:24:27Z,2026-08-03T15:24:27Z,Generative answer,Billed,84,true,99189112-5e1b-4741-6ed9-cce2eb69c6b6,f833f215-a37c-d69c-e437-e45dad734c4b,bd9c66b3-ad3c-2d6d-1a3d-1fa7bc8960a9,Store Ops Assistant,3f2ad9c1-7b64-4f6a-9d8e-52c0b7a13e45,Contoso Production,Microsoft Teams,Resolved,0,1,83838204,2026-09-04T18:00:00Z,AI-FinOps-MOCK,dataverse.msdyn_aievents,2026-08-03,batch-2026-09-04,MOCK
"W/""7888543""",471b51bf-c0a6-2a72-f9a7-76569d512836,2026-08-03T15:44:19Z,2026-08-03T15:44:19Z,Generative answer,Billed,70,true,2eeb39d6-8b76-7a94-b71a-57b0fe50de00,cdac2816-4a7b-bd7c-b6c4-564a55014fb5,bd9c66b3-ad3c-2d6d-1a3d-1fa7bc8960a9,Store Ops Assistant,3f2ad9c1-7b64-4f6a-9d8e-52c0b7a13e45,Contoso Production,Web chat,Escalated,0,1,60874740,2026-09-04T18:00:00Z,AI-FinOps-MOCK,dataverse.msdyn_aievents,2026-08-03,batch-2026-09-04,MOCK
"W/""3875316""",310adbd8-1bed-09ca-0c3d-c9aa0a7440d6,2026-08-03T15:42:35Z,2026-08-03T15:42:35Z,Generative answer,Billed,46,true,82ffb3e3-62e9-826e-a9b4-adc17d888e18,e66b2b38-ed03-91cd-5caf-20ae3f45f107,bd9c66b3-ad3c-2d6d-1a3d-1fa7bc8960a9,Store Ops Assistant,3f2ad9c1-7b64-4f6a-9d8e-52c0b7a13e45,Contoso Production,Microsoft Teams,Abandoned,0,1,80093188,2026-09-04T18:00:00Z,AI-FinOps-MOCK,dataverse.msdyn_aievents,2026-08-03,batch-2026-09-04,MOCK
"W/""3900149""",f2d16b75-0bd6-4166-c0bc-deeee08fb5a4,2026-08-03T10:43:16Z,2026-08-03T10:43:16Z,Generative answer,Zero-rated,0,false,5ddf1634-bf6d-3117-6b66-977849a9128e,5025761c-e029-7f5d-f46d-39c93a301530,bd9c66b3-ad3c-2d6d-1a3d-1fa7bc8960a9,Store Ops Assistant,3f2ad9c1-7b64-4f6a-9d8e-52c0b7a13e45,Contoso Production,Microsoft Teams,Resolved,0,1,97963754,2026-09-04T18:00:00Z,AI-FinOps-MOCK,dataverse.msdyn_aievents,2026-08-03,batch-2026-09-04,MOCK
"W/""9304138""",3161e145-8cf5-7a05-9284-9b75745d82b8,2026-08-03T15:08:24Z,2026-08-03T15:08:24Z,Agent action,Billed,78,true,d9b3d2bd-ce9c-0fb0-0b2e-6ca6e3272dbb,bf307ca1-b8b1-c22f-2520-35cf0c27b835,bd9c66b3-ad3c-2d6d-1a3d-1fa7bc8960a9,Store Ops Assistant,3f2ad9c1-7b64-4f6a-9d8e-52c0b7a13e45,Contoso Production,Microsoft Teams,Resolved,0,1,15168405,2026-09-04T18:00:00Z,AI-FinOps-MOCK,dataverse.msdyn_aievents,2026-08-03,batch-2026-09-04,MOCK
"W/""9150598""",048ac2aa-d707-a313-9086-8ed976b0bf1a,2026-08-03T08:58:50Z,2026-08-03T08:58:50Z,Agent action,Billed,51,true,1791b7a1-a301-7eea-0727-6bdbb8e77e1a,d713bdaf-16c5-d15d-e940-43002152f3fa,bd9c66b3-ad3c-2d6d-1a3d-1fa7bc8960a9,Store Ops Assistant,3f2ad9c1-7b64-4f6a-9d8e-52c0b7a13e45,Contoso Production,Web chat,Resolved,0,1,34225004,2026-09-04T18:00:00Z,AI-FinOps-MOCK,dataverse.msdyn_aievents,2026-08-03,batch-2026-09-04,MOCK
"W/""6684714""",edc707ed-0282-786c-56a9-a6965ed8e959,2026-08-03T12:03:54Z,2026-08-03T12:03:54Z,Agent action,Billed,117,true,294d66a0-d571-098a-6de4-cd2dcd32ef88,1f994e9c-8ea2-5b2d-1f6c-1bef7c4bc4cf,bd9c66b3-ad3c-2d6d-1a3d-1fa7bc8960a9,Store Ops Assistant,3f2ad9c1-7b64-4f6a-9d8e-52c0b7a13e45,Contoso Production,Microsoft Teams,Escalated,0,1,36826643,2026-09-04T18:00:00Z,AI-FinOps-MOCK,dataverse.msdyn_aievents,2026-08-03,batch-2026-09-04,MOCK
"W/""1903335""",e4773c21-7330-a404-6394-fbea6e9060ab,2026-08-03T13:18:17Z,2026-08-03T13:18:17Z,Agent action,Zero-rated,0,false,b4bedb6e-455b-4c78-61a2-318ebaf9d5d9,a2e9a072-23e3-3d37-6ed3-d084f7b17fdd,bd9c66b3-ad3c-2d6d-1a3d-1fa7bc8960a9,Store Ops Assistant,3f2ad9c1-7b64-4f6a-9d8e-52c0b7a13e45,Contoso Production,Custom website,Abandoned,0,1,14422900,2026-09-04T18:00:00Z,AI-FinOps-MOCK,dataverse.msdyn_aievents,2026-08-03,batch-2026-09-04,MOCK
"W/""2053692""",21e094fc-15db-a69e-591a-86896626978d,2026-08-03T19:26:20Z,2026-08-03T19:26:20Z,Agent action,Billed,162,true,debd7bfa-51b8-181f-66b9-4d32fee673d7,79f8573e-ea03-f1a5-4004-b62dde49a2e7,bd9c66b3-ad3c-2d6d-1a3d-1fa7bc8960a9,Store Ops Assistant,3f2ad9c1-7b64-4f6a-9d8e-52c0b7a13e45,Contoso Production,Microsoft Teams,Escalated,0,1,14995958,2026-09-04T18:00:00Z,AI-FinOps-MOCK,dataverse.msdyn_aievents,2026-08-03,batch-2026-09-04,MOCK
"W/""3001641""",8e0f4617-3c4e-fd0c-24fa-95c15d029c3c,2026-08-04T09:50:19Z,2026-08-04T09:50:19Z,Classic answer,Billed,46,true,cd2c99c2-f13b-88cf-7041-f2ae73297767,cc320c0f-7e27-b1e1-8752-3f42c03d3135,bdd640fb-0667-1ad1-1c80-317fa3b1799d,HR Helpdesk Bot,3f2ad9c1-7b64-4f6a-9d8e-52c0b7a13e45,Contoso Production,Microsoft Teams,Resolved,0,1,10837114,2026-09-04T18:00:00Z,AI-FinOps-MOCK,dataverse.msdyn_aievents,2026-08-04,batch-2026-09-04,MOCK
"W/""1939646""",34845369-98e6-c1b8-a318-fff66826d833,2026-08-04T12:58:22Z,2026-08-04T12:58:22Z,Classic answer,Billed,26,true,798d6acf-a020-72ff-572b-feeace40691a,34fb03b3-ab14-e526-3d7d-7b2f66024a18,bdd640fb-0667-1ad1-1c80-317fa3b1799d,HR Helpdesk Bot,3f2ad9c1-7b64-4f6a-9d8e-52c0b7a13e45,Contoso Production,Custom website,Abandoned,0,1,25722712,2026-09-04T18:00:00Z,AI-FinOps-MOCK,dataverse.msdyn_aievents,2026-08-04,batch-2026-09-04,MOCK
"W/""4593100""",648f5a06-f6b9-bc93-0bf3-6d4f6e1f6ba5,2026-08-04T12:41:12Z,2026-08-04T12:41:12Z,Classic answer,Billed,25,true,7e52d77c-34e0-2dfe-0176-1649279210b5,21235164-0e5d-3732-69b2-d940fa287c6a,bdd640fb-0667-1ad1-1c80-317fa3b1799d,HR Helpdesk Bot,3f2ad9c1-7b64-4f6a-9d8e-52c0b7a13e45,Contoso Production,Custom website,Resolved,0,1,94551648,2026-09-04T18:00:00Z,AI-FinOps-MOCK,dataverse.msdyn_aievents,2026-08-04,batch-2026-09-04,MOCK
"W/""7637161""",0b191009-897e-0ab6-d3c9-c3f56b557a51,2026-08-04T11:30:15Z,2026-08-04T11:30:15Z,Classic answer,Billed,33,true,d5a087f2-6f32-c404-172f-9c043def8dcf,6f7666c4-7135-c7d1-a489-f8729be313d0,bdd640fb-0667-1ad1-1c80-317fa3b1799d,HR Helpdesk Bot,3f2ad9c1-7b64-4f6a-9d8e-52c0b7a13e45,Contoso Production,Microsoft Teams,Escalated,0,1,91368588,2026-09-04T18:00:00Z,AI-FinOps-MOCK,dataverse.msdyn_aievents,2026-08-04,batch-2026-09-04,MOCK
"W/""1743782""",c22b6013-977b-95d6-55d2-215d562e4c33,2026-08-04T18:27:01Z,2026-08-04T18:27:01Z,Generative answer,Billed,58,true,957bce2f-1097-97e1-bd4b-da9d3c88f1df,fafcc5af-92dc-cbc7-474f-d709944d31d1,bdd640fb-0667-1ad1-1c80-317fa3b1799d,HR Helpdesk Bot,3f2ad9c1-7b64-4f6a-9d8e-52c0b7a13e45,Contoso Production,Microsoft Teams,Escalated,0,1,46009649,2026-09-04T18:00:00Z,AI-FinOps-MOCK,dataverse.msdyn_aievents,2026-08-04,batch-2026-09-04,MOCK
"W/""7522341""",0b2c7790-9e19-5755-5d2e-7eec15de2c3b,2026-08-04T09:41:41Z,2026-08-04T09:41:41Z,Generative answer,Billed,86,true,704dc28c-8f36-48b4-ca53-6e222fcde2a7,e1b14543-8fb6-da13-b2e1-f0bf9c08a226,bdd640fb-0667-1ad1-1c80-317fa3b1799d,HR Helpdesk Bot,3f2ad9c1-7b64-4f6a-9d8e-52c0b7a13e45,Contoso Production,Microsoft Teams,Escalated,0,1,98044662,2026-09-04T18:00:00Z,AI-FinOps-MOCK,dataverse.msdyn_aievents,2026-08-04,batch-2026-09-04,MOCK
"W/""8473590""",c7463641-e191-6fcd-4dfd-2468e3633352,2026-08-04T13:58:21Z,2026-08-04T13:58:21Z,Agent action,Zero-rated,0,false,42c8cb7e-e961-1641-9eb6-5e431b7820bf,a21efafc-ff49-e319-5844-e380b81505d0,bdd640fb-0667-1ad1-1c80-317fa3b1799d,HR Helpdesk Bot,3f2ad9c1-7b64-4f6a-9d8e-52c0b7a13e45,Contoso Production,Microsoft Teams,Abandoned,0,1,95044591,2026-09-04T18:00:00Z,AI-FinOps-MOCK,dataverse.msdyn_aievents,2026-08-04,batch-2026-09-04,MOCK
"W/""4894603""",03615001-4401-4739-3ba1-e8966a63c6a9,2026-08-04T14:24:01Z,2026-08-04T14:24:01Z,Agent action,Billed,21,true,b5a4160b-168c-76fa-a529-8ef295045996,f9ed7f8b-e08d-b89f-6174-972fc180b76e,bdd640fb-0667-1ad1-1c80-317fa3b1799d,HR Helpdesk Bot,3f2ad9c1-7b64-4f6a-9d8e-52c0b7a13e45,Contoso Production,Microsoft Teams,Escalated,0,1,85933655,2026-09-04T18:00:00Z,AI-FinOps-MOCK,dataverse.msdyn_aievents,2026-08-04,batch-2026-09-04,MOCK
"W/""4367687""",cbd5aa22-cb38-a2f4-52a6-f47a4a9e9e6f,2026-08-04T11:15:24Z,2026-08-04T11:15:24Z,Agent action,Billed,60,true,44ce5acf-07f3-3e14-88ba-39c32c2da376,2d8b8b44-3059-5b9b-3835-b4d1aa7b0257,bdd640fb-0667-1ad1-1c80-317fa3b1799d,HR Helpdesk Bot,3f2ad9c1-7b64-4f6a-9d8e-52c0b7a13e45,Contoso Production,Custom website,Escalated,0,1,44594964,2026-09-04T18:00:00Z,AI-FinOps-MOCK,dataverse.msdyn_aievents,2026-08-04,batch-2026-09-04,MOCK
"W/""6066381""",6a7292a6-45fb-e0e3-f93e-bbad95c7b4cf,2026-08-04T16:06:25Z,2026-08-04T16:06:25Z,Classic answer,Billed,28,true,540bafd0-ca68-e4f0-188f-3807e915855f,811c81c9-a2b1-3ac4-2878-e868e02d60d6,23b8c1e9-3924-56de-3eb1-3b9046685257,Claims Triage Agent,3f2ad9c1-7b64-4f6a-9d8e-52c0b7a13e45,Contoso Production,Web chat,Abandoned,0,1,25220099,2026-09-04T18:00:00Z,AI-FinOps-MOCK,dataverse.msdyn_aievents,2026-08-04,batch-2026-09-04,MOCK
"W/""8823666""",04a9c38c-c053-b8d4-a6cc-a9a54d39aa69,2026-08-04T09:23:26Z,2026-08-04T09:23:26Z,Classic answer,Billed,44,true,d3b91cce-b0e6-9247-7c99-af92a14de07d,18726379-9236-f028-4096-6bde966e1fe9,23b8c1e9-3924-56de-3eb1-3b9046685257,Claims Triage Agent,3f2ad9c1-7b64-4f6a-9d8e-52c0b7a13e45,Contoso Production,Web chat,Abandoned,0,1,91945241,2026-09-04T18:00:00Z,AI-FinOps-MOCK,dataverse.msdyn_aievents,2026-08-04,batch-2026-09-04,MOCK
"W/""2663726""",db142d73-708c-e69a-580f-d0c823a0c367,2026-08-04T14:01:42Z,2026-08-04T14:01:42Z,Classic answer,Billed,6,true,27c272c4-07d8-a281-6495-fd6a0fe3f047,b8c8b9da-87ee-3a06-9dde-43beb23203b2,23b8c1e9-3924-56de-3eb1-3b9046685257,Claims Triage Agent,3f2ad9c1-7b64-4f6a-9d8e-52c0b7a13e45,Contoso Production,Microsoft Teams,Resolved,0,1,45640514,2026-09-04T18:00:00Z,AI-FinOps-MOCK,dataverse.msdyn_aievents,2026-08-04,batch-2026-09-04,MOCK
"W/""6235802""",68e4c9d9-fdc9-b4cf-0d2a-26b279d86d23,2026-08-04T19:28:04Z,2026-08-04T19:28:04Z,Classic answer,Billed,42,true,647e8d63-9bd4-a173-5971-0f847cfa63d3,facea57b-086d-6fbb-544f-7542d0da7618,23b8c1e9-3924-56de-3eb1-3b9046685257,Claims Triage Agent,3f2ad9c1-7b64-4f6a-9d8e-52c0b7a13e45,Contoso Production,Microsoft Teams,Abandoned,0,1,98398182,2026-09-04T18:00:00Z,AI-FinOps-MOCK,dataverse.msdyn_aievents,2026-08-04,batch-2026-09-04,MOCK
"W/""8563582""",c5951e02-eb12-6636-721d-09d29ed9e494,2026-08-04T18:36:47Z,2026-08-04T18:36:47Z,Generative answer,Billed,24,true,4dad9bbd-6be2-bcdb-b1ae-cbe1c13540fd,01cad913-71e5-d9a2-a52b-0e5dcbdab212,23b8c1e9-3924-56de-3eb1-3b9046685257,Claims Triage Agent,3f2ad9c1-7b64-4f6a-9d8e-52c0b7a13e45,Contoso Production,Custom website,Escalated,0,1,84729334,2026-09-04T18:00:00Z,AI-FinOps-MOCK,dataverse.msdyn_aievents,2026-08-04,batch-2026-09-04,MOCK
"W/""7683349""",6fb93d10-4f76-8822-2446-ee1a11c08c0c,2026-08-04T09:25:21Z,2026-08-04T09:25:21Z,Generative answer,Billed,12,true,69875328-550d-987d-226f-09a16966eec2,1072ac5a-58c9-3ac6-94ff-24c6ff62236c,23b8c1e9-3924-56de-3eb1-3b9046685257,Claims Triage Agent,3f2ad9c1-7b64-4f6a-9d8e-52c0b7a13e45,Contoso Production,Microsoft Teams,Escalated,0,1,18920039,2026-09-04T18:00:00Z,AI-FinOps-MOCK,dataverse.msdyn_aievents,2026-08-04,batch-2026-09-04,MOCK
"W/""1493457""",1bf60c6e-e839-c8f6-61ca-71ad2cce4996,2026-08-04T10:32:46Z,2026-08-04T10:32:46Z,Agent action,Billed,180,true,dd79c4ab-d0bd-5160-cdec-728dc967c613,26f2f44d-eb12-992c-2dd5-ef494658398e,23b8c1e9-3924-56de-3eb1-3b9046685257,Claims Triage Agent,3f2ad9c1-7b64-4f6a-9d8e-52c0b7a13e45,Contoso Production,Custom website,Abandoned,0,1,49245349,2026-09-04T18:00:00Z,AI-FinOps-MOCK,dataverse.msdyn_aievents,2026-08-04,batch-2026-09-04,MOCK
"W/""6768326""",6c17f962-35e0-bd49-1f50-9cf3e2d77296,2026-08-04T17:31:33Z,2026-08-04T17:31:33Z,Agent action,Billed,87,true,9b65a4a8-12dc-1332-870e-1c13f5e362eb,8a24ac9f-c688-0773-e646-d57c462bcdde,23b8c1e9-3924-56de-3eb1-3b9046685257,Claims Triage Agent,3f2ad9c1-7b64-4f6a-9d8e-52c0b7a13e45,Contoso Production,Microsoft Teams,Abandoned,0,1,46906305,2026-09-04T18:00:00Z,AI-FinOps-MOCK,dataverse.msdyn_aievents,2026-08-04,batch-2026-09-04,MOCK
"W/""1654428""",a34c1731-bec2-294e-0ae5-f9add193ef51,2026-08-04T11:58:21Z,2026-08-04T11:58:21Z,Agent action,Billed,87,true,c9973c42-eeb3-dae4-2250-a9aea624306c,2315d76a-d018-49b0-f460-bfc9733ed6d5,23b8c1e9-3924-56de-3eb1-3b9046685257,Claims Triage Agent,3f2ad9c1-7b64-4f6a-9d8e-52c0b7a13e45,Contoso Production,Custom website,Resolved,0,1,69942158,2026-09-04T18:00:00Z,AI-FinOps-MOCK,dataverse.msdyn_aievents,2026-08-04,batch-2026-09-04,MOCK
"W/""4029233""",f9c18f3f-fa5e-a6b5-0a69-87909c2e1a91,2026-08-04T09:08:06Z,2026-08-04T09:08:06Z,Agent action,Zero-rated,0,false,efa469d7-808c-ef2f-85a4-9dd058bd9674,1146f764-4a94-e9ec-80db-e18dbab5858a,23b8c1e9-3924-56de-3eb1-3b9046685257,Claims Triage Agent,3f2ad9c1-7b64-4f6a-9d8e-52c0b7a13e45,Contoso Production,Custom website,Resolved,0,1,62453306,2026-09-04T18:00:00Z,AI-FinOps-MOCK,dataverse.msdyn_aievents,2026-08-04,batch-2026-09-04,MOCK
"W/""4530020""",fd9e4520-38ba-9ec2-c61c-f3e8173f874a,2026-08-04T10:24:40Z,2026-08-04T10:24:40Z,Agent action,Billed,153,true,415724b7-95cb-6169-4d29-83ddb0192cf2,831b4361-7755-186e-0709-25066c8c0bf7,23b8c1e9-3924-56de-3eb1-3b9046685257,Claims Triage Agent,3f2ad9c1-7b64-4f6a-9d8e-52c0b7a13e45,Contoso Production,Microsoft Teams,Abandoned,0,1,78564064,2026-09-04T18:00:00Z,AI-FinOps-MOCK,dataverse.msdyn_aievents,2026-08-04,batch-2026-09-04,MOCK
"W/""4961925""",29e976d4-57b1-9c28-f47b-38e28b4aa54f,2026-08-04T09:37:42Z,2026-08-04T09:37:42Z,Classic answer,Billed,13,true,9d87522f-ec95-99ed-2a87-1982224939ce,10c55a1b-f39b-be07-1f23-133d37de78b5,bd9c66b3-ad3c-2d6d-1a3d-1fa7bc8960a9,Store Ops Assistant,3f2ad9c1-7b64-4f6a-9d8e-52c0b7a13e45,Contoso Production,Web chat,Resolved,0,1,40169158,2026-09-04T18:00:00Z,AI-FinOps-MOCK,dataverse.msdyn_aievents,2026-08-04,batch-2026-09-04,MOCK
"W/""8585307""",d3189d91-df04-13d2-baa3-53b0a141d46c,2026-08-04T12:30:52Z,2026-08-04T12:30:52Z,Classic answer,Zero-rated,0,false,9fb540d0-df0e-8915-41f1-1885022f83bb,924d88d7-afd7-0d9e-a045-5766bb71086d,bd9c66b3-ad3c-2d6d-1a3d-1fa7bc8960a9,Store Ops Assistant,3f2ad9c1-7b64-4f6a-9d8e-52c0b7a13e45,Contoso Production,Custom website,Abandoned,0,1,78469493,2026-09-04T18:00:00Z,AI-FinOps-MOCK,dataverse.msdyn_aievents,2026-08-04,batch-2026-09-04,MOCK
"W/""3918267""",091f323f-a93a-26d4-60f6-8115046ddac8,2026-08-04T09:50:55Z,2026-08-04T09:50:55Z,Classic answer,Billed,19,true,9521b0fe-3ae0-e617-d35e-fb8b506b97e4,4f596af1-cb27-97f9-df3d-e47157919d9b,bd9c66b3-ad3c-2d6d-1a3d-1fa7bc8960a9,Store Ops Assistant,3f2ad9c1-7b64-4f6a-9d8e-52c0b7a13e45,Contoso Production,Microsoft Teams,Abandoned,0,1,32404147,2026-09-04T18:00:00Z,AI-FinOps-MOCK,dataverse.msdyn_aievents,2026-08-04,batch-2026-09-04,MOCK
"W/""4507076""",8598228b-b23c-1a5b-7545-eb0b8926a08a,2026-08-04T09:59:08Z,2026-08-04T09:59:08Z,Generative answer,Billed,92,true,33ada4f2-4535-91de-82ab-cdc5ebb616fe,4ae863d1-702e-36cb-00db-ea1413a24bde,bd9c66b3-ad3c-2d6d-1a3d-1fa7bc8960a9,Store Ops Assistant,3f2ad9c1-7b64-4f6a-9d8e-52c0b7a13e45,Contoso Production,Custom website,Resolved,0,1,45267166,2026-09-04T18:00:00Z,AI-FinOps-MOCK,dataverse.msdyn_aievents,2026-08-04,batch-2026-09-04,MOCK
"W/""5716207""",01286f4f-3786-ab40-711c-95162db82454,2026-08-04T15:26:53Z,2026-08-04T15:26:53Z,Generative answer,Billed,76,true,2ab7751b-95bf-aeb1-0190-119ae08a346b,19f36dd5-c0c3-71de-d548-e2dd0d5a5b54,bd9c66b3-ad3c-2d6d-1a3d-1fa7bc8960a9,Store Ops Assistant,3f2ad9c1-7b64-4f6a-9d8e-52c0b7a13e45,Contoso Production,Custom website,Abandoned,0,1,75234996,2026-09-04T18:00:00Z,AI-FinOps-MOCK,dataverse.msdyn_aievents,2026-08-04,batch-2026-09-04,MOCK
"W/""4306809""",25d40d6c-921c-5ef6-c030-851925d459a0,2026-08-04T14:40:53Z,2026-08-04T14:40:53Z,Generative answer,Zero-rated,0,false,14625b2e-0e4f-e9d8-458b-ece8d0532808,d7bedd64-2c3d-420a-609d-8eb21d75f479,bd9c66b3-ad3c-2d6d-1a3d-1fa7bc8960a9,Store Ops Assistant,3f2ad9c1-7b64-4f6a-9d8e-52c0b7a13e45,Contoso Production,Custom website,Resolved,0,1,21785053,2026-09-04T18:00:00Z,AI-FinOps-MOCK,dataverse.msdyn_aievents,2026-08-04,batch-2026-09-04,MOCK
"W/""8790142""",ea6029f6-2bf9-8b9b-f676-68953ded87f8,2026-08-04T08:59:56Z,2026-08-04T08:59:56Z,Generative answer,Billed,78,true,9300c466-d0ab-c2f7-1acc-ec2284c03f8e,a03b1e61-5de6-3714-e20e-9c0b76b7edba,bd9c66b3-ad3c-2d6d-1a3d-1fa7bc8960a9,Store Ops Assistant,3f2ad9c1-7b64-4f6a-9d8e-52c0b7a13e45,Contoso Production,Custom website,Abandoned,0,1,14294741,2026-09-04T18:00:00Z,AI-FinOps-MOCK,dataverse.msdyn_aievents,2026-08-04,batch-2026-09-04,MOCK
"W/""1310356""",e5c4ab9d-e813-68c3-6b50-edeb6e4c2b13,2026-08-04T16:59:53Z,2026-08-04T16:59:53Z,Agent action,Billed,27,true,a9f606a4-0e4f-8fd3-a49c-aeb159a72878,e24fd7b8-5c96-4bc3-6cf9-aff3559018cc,bd9c66b3-ad3c-2d6d-1a3d-1fa7bc8960a9,Store Ops Assistant,3f2ad9c1-7b64-4f6a-9d8e-52c0b7a13e45,Contoso Production,Web chat,Resolved,0,1,47521998,2026-09-04T18:00:00Z,AI-FinOps-MOCK,dataverse.msdyn_aievents,2026-08-04,batch-2026-09-04,MOCK
"W/""8305603""",1525f975-7e3b-c0c1-e3b9-d4ccaec8a6c7,2026-08-04T08:51:09Z,2026-08-04T08:51:09Z,Agent action,Billed,18,true,22828020-7460-aba0-1194-807d697bb898,51486322-71ea-b516-7515-1435cd01ab44,bd9c66b3-ad3c-2d6d-1a3d-1fa7bc8960a9,Store Ops Assistant,3f2ad9c1-7b64-4f6a-9d8e-52c0b7a13e45,Contoso Production,Microsoft Teams,Abandoned,0,1,91963833,2026-09-04T18:00:00Z,AI-FinOps-MOCK,dataverse.msdyn_aievents,2026-08-04,batch-2026-09-04,MOCK
"W/""2570416""",a6ed75be-a13a-55f4-a09e-64edb2d77243,2026-08-04T12:56:13Z,2026-08-04T12:56:13Z,Agent action,Billed,78,true,12d556e1-d615-5abe-180f-7c286d80b414,8465fc98-972b-69cf-683b-a8dc8a353ee8,bd9c66b3-ad3c-2d6d-1a3d-1fa7bc8960a9,Store Ops Assistant,3f2ad9c1-7b64-4f6a-9d8e-52c0b7a13e45,Contoso Production,Microsoft Teams,Escalated,0,1,33108666,2026-09-04T18:00:00Z,AI-FinOps-MOCK,dataverse.msdyn_aievents,2026-08-04,batch-2026-09-04,MOCK
"W/""4024208""",0d322337-3dd0-7e68-edfa-0cde910bc36b,2026-08-04T16:23:36Z,2026-08-04T16:23:36Z,Agent action,Billed,36,true,4b89264a-e100-569f-0661-4e5cef526bd5,9b33a68d-4646-7710-f1fa-ffe7ad1099fc,bd9c66b3-ad3c-2d6d-1a3d-1fa7bc8960a9,Store Ops Assistant,3f2ad9c1-7b64-4f6a-9d8e-52c0b7a13e45,Contoso Production,Microsoft Teams,Resolved,0,1,88086760,2026-09-04T18:00:00Z,AI-FinOps-MOCK,dataverse.msdyn_aievents,2026-08-04,batch-2026-09-04,MOCK
"W/""7727959""",d27be71e-685d-0751-1a19-5aa4a111f44b,2026-08-04T16:39:29Z,2026-08-04T16:39:29Z,Agent action,Billed,168,true,1dd217d3-1fe9-9077-c6a5-4047693e0fba,094b8e96-769f-5cec-5f45-54258915c54d,bd9c66b3-ad3c-2d6d-1a3d-1fa7bc8960a9,Store Ops Assistant,3f2ad9c1-7b64-4f6a-9d8e-52c0b7a13e45,Contoso Production,Custom website,Resolved,0,1,22554639,2026-09-04T18:00:00Z,AI-FinOps-MOCK,dataverse.msdyn_aievents,2026-08-04,batch-2026-09-04,MOCK
"W/""8972616""",ea0659c6-8d33-75de-716f-8b0b3b1d31cf,2026-08-05T08:59:53Z,2026-08-05T08:59:53Z,Classic answer,Billed,15,true,52550548-66d2-9dd4-6fc9-70f1b2c759b9,cd70ed21-e643-692c-ab1f-7fd25be8ebee,bdd640fb-0667-1ad1-1c80-317fa3b1799d,HR Helpdesk Bot,3f2ad9c1-7b64-4f6a-9d8e-52c0b7a13e45,Contoso Production,Web chat,Resolved,0,1,91661431,2026-09-04T18:00:00Z,AI-FinOps-MOCK,dataverse.msdyn_aievents,2026-08-05,batch-2026-09-04,MOCK
"W/""1718550""",a734db7b-11b6-7738-43ed-0e8330dfd90c,2026-08-05T15:10:36Z,2026-08-05T15:10:36Z,Classic answer,Billed,26,true,cfdf88f8-6b12-121a-8be1-4d073acb981f,627f1fb9-76c6-1e2e-1262-1ecb50442f78,bdd640fb-0667-1ad1-1c80-317fa3b1799d,HR Helpdesk Bot,3f2ad9c1-7b64-4f6a-9d8e-52c0b7a13e45,Contoso Production,Web chat,Abandoned,0,1,98470698,2026-09-04T18:00:00Z,AI-FinOps-MOCK,dataverse.msdyn_aievents,2026-08-05,batch-2026-09-04,MOCK
"W/""1476798""",5822bc3c-30fb-6528-f140-475265f7f7c3,2026-08-05T15:10:22Z,2026-08-05T15:10:22Z,Generative answer,Billed,28,true,1ef80a8b-3812-99e8-b1ad-1c8a9cc9d6e3,b2a61bc7-1e04-3a70-c596-00f1280c9be1,bdd640fb-0667-1ad1-1c80-317fa3b1799d,HR Helpdesk Bot,3f2ad9c1-7b64-4f6a-9d8e-52c0b7a13e45,Contoso Production,Web chat,Resolved,0,1,98940815,2026-09-04T18:00:00Z,AI-FinOps-MOCK,dataverse.msdyn_aievents,2026-08-05,batch-2026-09-04,MOCK
"W/""2816131""",96faf49d-dc8a-12a7-9feb-7f702cb6afa5,2026-08-05T17:38:38Z,2026-08-05T17:38:38Z,Generative answer,Billed,12,true,ba39fd6f-fbd3-bfcb-2e86-5d5086ece471,ed3b0383-85d5-164f-45fb-0dcfd08d2a30,bdd640fb-0667-1ad1-1c80-317fa3b1799d,HR Helpdesk Bot,3f2ad9c1-7b64-4f6a-9d8e-52c0b7a13e45,Contoso Production,Web chat,Resolved,0,1,39260538,2026-09-04T18:00:00Z,AI-FinOps-MOCK,dataverse.msdyn_aievents,2026-08-05,batch-2026-09-04,MOCK
"W/""6474580""",74600844-06b8-f092-8515-985fe884aa83,2026-08-05T08:12:56Z,2026-08-05T08:12:56Z,Generative answer,Billed,22,true,15e4486f-b012-1057-de26-819477177df6,179cdfbc-9707-1445-e4ca-20f50e81cbbd,bdd640fb-0667-1ad1-1c80-317fa3b1799d,HR Helpdesk Bot,3f2ad9c1-7b64-4f6a-9d8e-52c0b7a13e45,Contoso Production,Microsoft Teams,Resolved,0,1,44059164,2026-09-04T18:00:00Z,AI-FinOps-MOCK,dataverse.msdyn_aievents,2026-08-05,batch-2026-09-04,MOCK
"W/""7039443""",6069cd2e-eb3b-72f9-e980-ff949bfd62c7,2026-08-05T11:32:30Z,2026-08-05T11:32:30Z,Agent action,Billed,126,true,4d741278-a84b-69d7-858e-54ad39cc53a0,b9cbe58b-5362-cea2-3ff7-33ab527d3f17,bdd640fb-0667-1ad1-1c80-317fa3b1799d,HR Helpdesk Bot,3f2ad9c1-7b64-4f6a-9d8e-52c0b7a13e45,Contoso Production,Web chat,Escalated,0,1,83395461,2026-09-04T18:00:00Z,AI-FinOps-MOCK,dataverse.msdyn_aievents,2026-08-05,batch-2026-09-04,MOCK
"W/""4224205""",ade07438-b8f4-c5d1-d0d4-ba5fe43dde13,2026-08-05T14:24:11Z,2026-08-05T14:24:11Z,Agent action,Billed,132,true,de091db6-30c3-2d22-0251-2f180c19ceb8,32578935-6415-670f-3baa-d0347196721e,bdd640fb-0667-1ad1-1c80-317fa3b1799d,HR Helpdesk Bot,3f2ad9c1-7b64-4f6a-9d8e-52c0b7a13e45,Contoso Production,Web chat,Abandoned,0,1,56179442,2026-09-04T18:00:00Z,AI-FinOps-MOCK,dataverse.msdyn_aievents,2026-08-05,batch-2026-09-04,MOCK
"W/""6556977""",d42eb4c3-89c1-54c4-b1e0-8ece10514bf7,2026-08-05T08:33:04Z,2026-08-05T08:33:04Z,Agent action,Billed,159,true,f0c625fc-0325-2bdc-b5b9-2c65f9c4dc6c,7eb9cee4-7494-a3c7-c9ee-9528bb1113e3,bdd640fb-0667-1ad1-1c80-317fa3b1799d,HR Helpdesk Bot,3f2ad9c1-7b64-4f6a-9d8e-52c0b7a13e45,Contoso Production,Custom website,Resolved,0,1,38752791,2026-09-04T18:00:00Z,AI-FinOps-MOCK,dataverse.msdyn_aievents,2026-08-05,batch-2026-09-04,MOCK
"W/""5876514""",4d87ebfd-b6db-9de7-d67b-2ef2b1578bc8,2026-08-05T10:26:04Z,2026-08-05T10:26:04Z,Agent action,Billed,114,true,c66a87d0-e6cb-674e-43a7-1e406582a48e,5d48f4d8-f66b-72ae-5af9-7c9ed5b21bf1,bdd640fb-0667-1ad1-1c80-317fa3b1799d,HR Helpdesk Bot,3f2ad9c1-7b64-4f6a-9d8e-52c0b7a13e45,Contoso Production,Web chat,Escalated,0,1,39817504,2026-09-04T18:00:00Z,AI-FinOps-MOCK,dataverse.msdyn_aievents,2026-08-05,batch-2026-09-04,MOCK
"W/""8179052""",b46eb4bc-9bec-c679-8f06-cbf7f471e8d3,2026-08-05T10:26:55Z,2026-08-05T10:26:55Z,Classic answer,Zero-rated,0,false,f0115b08-d928-0efb-4f50-29eb71853225,71c937da-51b0-981f-7972-23f22ec35c27,23b8c1e9-3924-56de-3eb1-3b9046685257,Claims Triage Agent,3f2ad9c1-7b64-4f6a-9d8e-52c0b7a13e45,Contoso Production,Microsoft Teams,Escalated,0,1,80247473,2026-09-04T18:00:00Z,AI-FinOps-MOCK,dataverse.msdyn_aievents,2026-08-05,batch-2026-09-04,MOCK
"W/""3205001""",67cb4a86-ade6-8538-1903-414e9ea96ab5,2026-08-05T10:23:22Z,2026-08-05T10:23:22Z,Classic answer,Billed,9,true,9be61d4c-c824-dd9b-33e6-fc5858583f95,400910a8-9147-1e8a-7ede-ad33d1c05323,23b8c1e9-3924-56de-3eb1-3b9046685257,Claims Triage Agent,3f2ad9c1-7b64-4f6a-9d8e-52c0b7a13e45,Contoso Production,Web chat,Escalated,0,1,43756465,2026-09-04T18:00:00Z,AI-FinOps-MOCK,dataverse.msdyn_aievents,2026-08-05,batch-2026-09-04,MOCK
"W/""7926410""",86bed30e-6ac5-a03a-ef80-afadd1a62e7a,2026-08-05T13:35:41Z,2026-08-05T13:35:41Z,Generative answer,Zero-rated,0,false,ecf35c83-4855-1330-db4c-4132dca47da8,71d2676a-2bf6-7532-d0f6-a62d93e053e4,23b8c1e9-3924-56de-3eb1-3b9046685257,Claims Triage Agent,3f2ad9c1-7b64-4f6a-9d8e-52c0b7a13e45,Contoso Production,Microsoft Teams,Escalated,0,1,44375866,2026-09-04T18:00:00Z,AI-FinOps-MOCK,dataverse.msdyn_aievents,2026-08-05,batch-2026-09-04,MOCK
"W/""4175772""",dcf04af3-b94d-8bfd-cff7-df41d6f810b5,2026-08-05T10:55:33Z,2026-08-05T10:55:33Z,Generative answer,Billed,108,true,077a2f03-463d-e7cd-2624-91afd0728b7c,3035ebf4-2365-9101-da8e-22ccd02f4423,23b8c1e9-3924-56de-3eb1-3b9046685257,Claims Triage Agent,3f2ad9c1-7b64-4f6a-9d8e-52c0b7a13e45,Contoso Production,Microsoft Teams,Abandoned,0,1,88348837,2026-09-04T18:00:00Z,AI-FinOps-MOCK,dataverse.msdyn_aievents,2026-08-05,batch-2026-09-04,MOCK
"W/""8382225""",fe3ddd26-bf3c-731b-f86d-da0d1aed1a2b,2026-08-05T17:18:12Z,2026-08-05T17:18:12Z,Agent action,Zero-rated,0,false,1b67fde9-0946-d055-fb9a-08e4501e2f04,e2c00373-d6a0-b874-2606-f7350c37ef93,23b8c1e9-3924-56de-3eb1-3b9046685257,Claims Triage Agent,3f2ad9c1-7b64-4f6a-9d8e-52c0b7a13e45,Contoso Production,Custom website,Resolved,0,1,86716676,2026-09-04T18:00:00Z,AI-FinOps-MOCK,dataverse.msdyn_aievents,2026-08-05,batch-2026-09-04,MOCK
"W/""1941300""",4d7a3b1d-9187-62c2-e07b-8ff50fcd3fd9,2026-08-05T18:08:43Z,2026-08-05T18:08:43Z,Agent action,Billed,72,true,d3ac1bf7-711c-a44b-1f1e-08090a5c262a,429df6a1-ba23-590e-d361-6a9e7b9c007c,23b8c1e9-3924-56de-3eb1-3b9046685257,Claims Triage Agent,3f2ad9c1-7b64-4f6a-9d8e-52c0b7a13e45,Contoso Production,Custom website,Abandoned,0,1,23099743,2026-09-04T18:00:00Z,AI-FinOps-MOCK,dataverse.msdyn_aievents,2026-08-05,batch-2026-09-04,MOCK
"W/""7209132""",018f19bb-1ca0-20d2-18cc-6931d175196c,2026-08-05T10:18:36Z,2026-08-05T10:18:36Z,Classic answer,Billed,17,true,e2f2809b-6d3e-3d29-b73a-54d7972fcb00,7391aea0-b5f5-6bfb-d679-dc4eb33cf9d7,bd9c66b3-ad3c-2d6d-1a3d-1fa7bc8960a9,Store Ops Assistant,3f2ad9c1-7b64-4f6a-9d8e-52c0b7a13e45,Contoso Production,Microsoft Teams,Abandoned,0,1,33773615,2026-09-04T18:00:00Z,AI-FinOps-MOCK,dataverse.msdyn_aievents,2026-08-05,batch-2026-09-04,MOCK
"W/""7947108""",3927a8c3-9be8-f86e-dce4-ffb593e78e24,2026-08-05T09:04:48Z,2026-08-05T09:04:48Z,Classic answer,Billed,44,true,750d98b9-b8b4-748e-4c6c-3bd6cb7028ee,73f7ec3b-c478-6e01-8eab-0fe8a4c21537,bd9c66b3-ad3c-2d6d-1a3d-1fa7bc8960a9,Store Ops Assistant,3f2ad9c1-7b64-4f6a-9d8e-52c0b7a13e45,Contoso Production,Web chat,Escalated,0,1,29197896,2026-09-04T18:00:00Z,AI-FinOps-MOCK,dataverse.msdyn_aievents,2026-08-05,batch-2026-09-04,MOCK
"W/""7530811""",e9f4c626-357f-5765-9b57-0c7f70e1d1a1,2026-08-05T12:47:58Z,2026-08-05T12:47:58Z,Classic answer,Billed,35,true,763910cb-e40d-47ef-b1e5-0b920081895a,c4153cab-ef51-3789-1e30-552e259b3d54,bd9c66b3-ad3c-2d6d-1a3d-1fa7bc8960a9,Store Ops Assistant,3f2ad9c1-7b64-4f6a-9d8e-52c0b7a13e45,Contoso Production,Custom website,Escalated,0,1,84435263,2026-09-04T18:00:00Z,AI-FinOps-MOCK,dataverse.msdyn_aievents,2026-08-05,batch-2026-09-04,MOCK
"W/""9116155""",b6d166cd-0726-b291-c916-45ab9a8c8a39,2026-08-05T19:43:08Z,2026-08-05T19:43:08Z,Generative answer,Zero-rated,0,false,bd9d0a81-6785-32f9-0e39-4b3dcdc07f5a,f31c1c24-40c0-9894-a68a-4282835288a4,bd9c66b3-ad3c-2d6d-1a3d-1fa7bc8960a9,Store Ops Assistant,3f2ad9c1-7b64-4f6a-9d8e-52c0b7a13e45,Contoso Production,Web chat,Escalated,0,1,33850787,2026-09-04T18:00:00Z,AI-FinOps-MOCK,dataverse.msdyn_aievents,2026-08-05,batch-2026-09-04,MOCK
"W/""8415945""",ad08ba34-30d6-817d-6314-e061eed02773,2026-08-05T12:23:42Z,2026-08-05T12:23:42Z,Generative answer,Billed,40,true,da0a4d13-834e-d2c5-5d83-04f5fb035a6d,18ddd0ec-3161-0d58-7580-2785bab619b7,bd9c66b3-ad3c-2d6d-1a3d-1fa7bc8960a9,Store Ops Assistant,3f2ad9c1-7b64-4f6a-9d8e-52c0b7a13e45,Contoso Production,Microsoft Teams,Resolved,0,1,38868810,2026-09-04T18:00:00Z,AI-FinOps-MOCK,dataverse.msdyn_aievents,2026-08-05,batch-2026-09-04,MOCK
"W/""7419390""",6863778e-51d9-4f78-462c-10667843d846,2026-08-05T17:11:20Z,2026-08-05T17:11:20Z,Generative answer,Billed,102,true,4a72f034-eab6-f918-f3fc-6cf0cb18754a,1eb00c17-3971-b0cd-ffed-8f164ff29102,bd9c66b3-ad3c-2d6d-1a3d-1fa7bc8960a9,Store Ops Assistant,3f2ad9c1-7b64-4f6a-9d8e-52c0b7a13e45,Contoso Production,Microsoft Teams,Resolved,0,1,81997874,2026-09-04T18:00:00Z,AI-FinOps-MOCK,dataverse.msdyn_aievents,2026-08-05,batch-2026-09-04,MOCK
"W/""8045482""",e0dfafcd-3823-53f6-2f86-740b8004ee58,2026-08-05T14:04:12Z,2026-08-05T14:04:12Z,Agent action,Billed,84,true,b990d38f-a958-2fca-fa60-75243c4e3df4,08c6614c-b5ed-da23-9f6a-001025312620,bd9c66b3-ad3c-2d6d-1a3d-1fa7bc8960a9,Store Ops Assistant,3f2ad9c1-7b64-4f6a-9d8e-52c0b7a13e45,Contoso Production,Custom website,Escalated,0,1,67791251,2026-09-04T18:00:00Z,AI-FinOps-MOCK,dataverse.msdyn_aievents,2026-08-05,batch-2026-09-04,MOCK
"W/""8416066""",785e55c1-0896-6cbb-4c22-1f54f98e5faa,2026-08-05T12:24:43Z,2026-08-05T12:24:43Z,Agent action,Zero-rated,0,false,c6dc9cbe-d031-41a2-49ab-f564221f5888,d28498fe-ddf5-ffa9-ee03-54638753ce2e,bd9c66b3-ad3c-2d6d-1a3d-1fa7bc8960a9,Store Ops Assistant,3f2ad9c1-7b64-4f6a-9d8e-52c0b7a13e45,Contoso Production,Microsoft Teams,Abandoned,0,1,24591625,2026-09-04T18:00:00Z,AI-FinOps-MOCK,dataverse.msdyn_aievents,2026-08-05,batch-2026-09-04,MOCK
"W/""9189559""",05acb90f-eb3b-1428-9add-db9fedb86bc7,2026-08-06T15:06:50Z,2026-08-06T15:06:50Z,Classic answer,Billed,43,true,8e944685-410a-d23d-cc73-fd168a6c3a16,b2e80225-eee2-3864-5195-395f14d08231,bdd640fb-0667-1ad1-1c80-317fa3b1799d,HR Helpdesk Bot,3f2ad9c1-7b64-4f6a-9d8e-52c0b7a13e45,Contoso Production,Microsoft Teams,Escalated,0,1,70621195,2026-09-04T18:00:00Z,AI-FinOps-MOCK,dataverse.msdyn_aievents,2026-08-06,batch-2026-09-04,MOCK
"W/""3719991""",039a3a5a-b3c9-3829-5250-871b7e4f91c8,2026-08-06T13:47:58Z,2026-08-06T13:47:58Z,Classic answer,Billed,9,true,f53d7637-bb9e-acb8-a25e-3bb5773d2de7,6cf7d833-c1f6-4956-f7fa-1734345732c5,bdd640fb-0667-1ad1-1c80-317fa3b1799d,HR Helpdesk Bot,3f2ad9c1-7b64-4f6a-9d8e-52c0b7a13e45,Contoso Production,Microsoft Teams,Resolved,0,1,35144646,2026-09-04T18:00:00Z,AI-FinOps-MOCK,dataverse.msdyn_aievents,2026-08-06,batch-2026-09-04,MOCK
"W/""3731904""",6324b423-31a7-9ab7-2bb7-606fd6f19ed1,2026-08-06T14:53:15Z,2026-08-06T14:53:15Z,Classic answer,Zero-rated,0,false,fb4087e6-81a3-9dce-a488-008f2c0185b4,b6288795-d796-ae9f-a466-dd5218757f6e,bdd640fb-0667-1ad1-1c80-317fa3b1799d,HR Helpdesk Bot,3f2ad9c1-7b64-4f6a-9d8e-52c0b7a13e45,Contoso Production,Custom website,Abandoned,0,1,71258419,2026-09-04T18:00:00Z,AI-FinOps-MOCK,dataverse.msdyn_aievents,2026-08-06,batch-2026-09-04,MOCK
"W/""2376731""",3aa0124d-798f-eb71-06be-735f364e4bbb,2026-08-06T09:51:06Z,2026-08-06T09:51:06Z,Classic answer,Billed,60,true,170dfdf1-6335-c6b7-6ba4-5237fd9fc808,997f6bc6-c649-78f4-c0df-13f2cc4e6312,bdd640fb-0667-1ad1-1c80-317fa3b1799d,HR Helpdesk Bot,3f2ad9c1-7b64-4f6a-9d8e-52c0b7a13e45,Contoso Production,Custom website,Escalated,0,1,71413245,2026-09-04T18:00:00Z,AI-FinOps-MOCK,dataverse.msdyn_aievents,2026-08-06,batch-2026-09-04,MOCK
"W/""8353902""",2c54cbcb-6179-8dd5-1136-ab418636ed97,2026-08-06T15:37:27Z,2026-08-06T15:37:27Z,Classic answer,Billed,42,true,1836c403-7d5a-d5c5-6131-e49d66b3195f,6efdda4f-1069-b827-4555-d360c1f82302,bdd640fb-0667-1ad1-1c80-317fa3b1799d,HR Helpdesk Bot,3f2ad9c1-7b64-4f6a-9d8e-52c0b7a13e45,Contoso Production,Custom website,Resolved,0,1,64626045,2026-09-04T18:00:00Z,AI-FinOps-MOCK,dataverse.msdyn_aievents,2026-08-06,batch-2026-09-04,MOCK
"W/""3711123""",1c69ea7e-e929-58c0-fc8f-0a6dfd51c6dd,2026-08-06T08:28:13Z,2026-08-06T08:28:13Z,Generative answer,Billed,14,true,73b8a7c7-2357-0a5e-cf43-3079ffa30182,ec10e1f8-b9fc-82c7-aaf3-cecc12bc819a,bdd640fb-0667-1ad1-1c80-317fa3b1799d,HR Helpdesk Bot,3f2ad9c1-7b64-4f6a-9d8e-52c0b7a13e45,Contoso Production,Microsoft Teams,Resolved,0,1,57555690,2026-09-04T18:00:00Z,AI-FinOps-MOCK,dataverse.msdyn_aievents,2026-08-06,batch-2026-09-04,MOCK
"W/""1319439""",c12d25ab-6731-b419-d7fe-f4119b52fdc7,2026-08-06T15:56:41Z,2026-08-06T15:56:41Z,Generative answer,Zero-rated,0,false,1bf8204f-380d-dae4-756d-46272759137f,340e9439-7990-0dbc-6dc6-1203cba4aac2,bdd640fb-0667-1ad1-1c80-317fa3b1799d,HR Helpdesk Bot,3f2ad9c1-7b64-4f6a-9d8e-52c0b7a13e45,Contoso Production,Web chat,Abandoned,0,1,93353954,2026-09-04T18:00:00Z,AI-FinOps-MOCK,dataverse.msdyn_aievents,2026-08-06,batch-2026-09-04,MOCK
"W/""9190835""",179e4b03-bc25-797e-6a05-be468503fc26,2026-08-06T12:09:27Z,2026-08-06T12:09:27Z,Generative answer,Zero-rated,0,false,d819a033-800e-400e-728f-e07ed31740a5,4cdc3b9a-52f4-af97-0264-4899479d5be0,bdd640fb-0667-1ad1-1c80-317fa3b1799d,HR Helpdesk Bot,3f2ad9c1-7b64-4f6a-9d8e-52c0b7a13e45,Contoso Production,Custom website,Escalated,0,1,97284763,2026-09-04T18:00:00Z,AI-FinOps-MOCK,dataverse.msdyn_aievents,2026-08-06,batch-2026-09-04,MOCK
"W/""7334196""",e0561a93-79e8-5b50-d11b-f383832b0f8b,2026-08-06T14:06:08Z,2026-08-06T14:06:08Z,Generative answer,Zero-rated,0,false,1b3c5439-033b-d630-784b-d85d3fbaec62,ad5eec30-9e5d-272a-4426-4a3a453fdd62,bdd640fb-0667-1ad1-1c80-317fa3b1799d,HR Helpdesk Bot,3f2ad9c1-7b64-4f6a-9d8e-52c0b7a13e45,Contoso Production,Custom website,Escalated,0,1,74966704,2026-09-04T18:00:00Z,AI-FinOps-MOCK,dataverse.msdyn_aievents,2026-08-06,batch-2026-09-04,MOCK
"W/""3106134""",f84cf06d-e905-5133-f22b-f842c265347e,2026-08-06T13:33:41Z,2026-08-06T13:33:41Z,Agent action,Billed,147,true,cc4dd8a8-8e05-4fdc-7e1e-2994f4a51943,2531b75e-bab0-0a7a-f8fb-0c64191cea20,bdd640fb-0667-1ad1-1c80-317fa3b1799d,HR Helpdesk Bot,3f2ad9c1-7b64-4f6a-9d8e-52c0b7a13e45,Contoso Production,Custom website,Escalated,0,1,89982429,2026-09-04T18:00:00Z,AI-FinOps-MOCK,dataverse.msdyn_aievents,2026-08-06,batch-2026-09-04,MOCK
"W/""2286694""",b960cb74-e32f-be6b-7dd2-ab199741389c,2026-08-06T19:36:43Z,2026-08-06T19:36:43Z,Agent action,Billed,54,true,6b757970-36c3-e232-9401-9349aa58feda,d1bcfb2b-e7f2-bb2c-6baa-9211806147ab,bdd640fb-0667-1ad1-1c80-317fa3b1799d,HR Helpdesk Bot,3f2ad9c1-7b64-4f6a-9d8e-52c0b7a13e45,Contoso Production,Web chat,Resolved,0,1,25781868,2026-09-04T18:00:00Z,AI-FinOps-MOCK,dataverse.msdyn_aievents,2026-08-06,batch-2026-09-04,MOCK
"W/""7557150""",967436ca-01c2-2d44-fe9b-6aa9110995e9,2026-08-06T10:45:51Z,2026-08-06T10:45:51Z,Classic answer,Zero-rated,0,false,229123b1-b94d-8e09-10f4-026fbb6d5625,7aad793e-26a0-5e9d-b637-cfae8707806c,23b8c1e9-3924-56de-3eb1-3b9046685257,Claims Triage Agent,3f2ad9c1-7b64-4f6a-9d8e-52c0b7a13e45,Contoso Production,Web chat,Escalated,0,1,60674386,2026-09-04T18:00:00Z,AI-FinOps-MOCK,dataverse.msdyn_aievents,2026-08-06,batch-2026-09-04,MOCK
"W/""4570823""",b7208f9c-6d88-9408-7dab-868cf9fe9339,2026-08-06T11:38:36Z,2026-08-06T11:38:36Z,Classic answer,Billed,27,true,3a715a67-7796-ea87-a0c7-4724a06071f0,6beb0aa5-2824-0bca-cd25-c551f0151972,23b8c1e9-3924-56de-3eb1-3b9046685257,Claims Triage Agent,3f2ad9c1-7b64-4f6a-9d8e-52c0b7a13e45,Contoso Production,Web chat,Resolved,0,1,68473382,2026-09-04T18:00:00Z,AI-FinOps-MOCK,dataverse.msdyn_aievents,2026-08-06,batch-2026-09-04,MOCK
"W/""1465188""",2209c3fc-eca6-a68c-4319-e0c41644273a,2026-08-06T15:28:13Z,2026-08-06T15:28:13Z,Classic answer,Billed,54,true,a898fdd4-571d-bbbe-33bf-772ad1f1b34e,9d0a717d-acd3-e094-7c5d-3ac42304af49,23b8c1e9-3924-56de-3eb1-3b9046685257,Claims Triage Agent,3f2ad9c1-7b64-4f6a-9d8e-52c0b7a13e45,Contoso Production,Custom website,Escalated,0,1,42125597,2026-09-04T18:00:00Z,AI-FinOps-MOCK,dataverse.msdyn_aievents,2026-08-06,batch-2026-09-04,MOCK
"W/""7813112""",7c3a2e25-b9d2-c9f3-c473-3fd6244cc942,2026-08-06T09:44:47Z,2026-08-06T09:44:47Z,Classic answer,Billed,34,true,7b17751e-4268-cfa7-6f9d-5564669efebb,b2781d12-dca5-8793-b6b6-7988874cedf6,23b8c1e9-3924-56de-3eb1-3b9046685257,Claims Triage Agent,3f2ad9c1-7b64-4f6a-9d8e-52c0b7a13e45,Contoso Production,Web chat,Abandoned,0,1,68284389,2026-09-04T18:00:00Z,AI-FinOps-MOCK,dataverse.msdyn_aievents,2026-08-06,batch-2026-09-04,MOCK
"W/""2335843""",66de504f-669d-4e54-05f8-9735b5537adc,2026-08-06T12:07:14Z,2026-08-06T12:07:14Z,Generative answer,Billed,58,true,0b5b2dd5-c74a-56fb-e95d-4f3f64b31c15,b3a519a4-9ce8-6886-274a-68bbb964cb59,23b8c1e9-3924-56de-3eb1-3b9046685257,Claims Triage Agent,3f2ad9c1-7b64-4f6a-9d8e-52c0b7a13e45,Contoso Production,Web chat,Resolved,0,1,92588958,2026-09-04T18:00:00Z,AI-FinOps-MOCK,dataverse.msdyn_aievents,2026-08-06,batch-2026-09-04,MOCK
"W/""7889628""",0d56c2fb-978f-c744-99da-b8d801a386ce,2026-08-06T11:46:22Z,2026-08-06T11:46:22Z,Generative answer,Billed,24,true,cbb907ea-42af-aede-a83f-657c137f5fb7,8df5edcc-66fa-069d-03a0-b69c853473a3,23b8c1e9-3924-56de-3eb1-3b9046685257,Claims Triage Agent,3f2ad9c1-7b64-4f6a-9d8e-52c0b7a13e45,Contoso Production,Microsoft Teams,Resolved,0,1,67594162,2026-09-04T18:00:00Z,AI-FinOps-MOCK,dataverse.msdyn_aievents,2026-08-06,batch-2026-09-04,MOCK
"W/""1021291""",663637b9-a43e-8daf-3439-99edf60ea405,2026-08-06T19:23:43Z,2026-08-06T19:23:43Z,Agent action,Billed,174,true,c818ab72-aea3-1181-37a9-9592d67a6b6f,fabf757a-2bef-d5c8-6e12-55ea25ab957d,23b8c1e9-3924-56de-3eb1-3b9046685257,Claims Triage Agent,3f2ad9c1-7b64-4f6a-9d8e-52c0b7a13e45,Contoso Production,Microsoft Teams,Escalated,0,1,53268406,2026-09-04T18:00:00Z,AI-FinOps-MOCK,dataverse.msdyn_aievents,2026-08-06,batch-2026-09-04,MOCK
"W/""3584201""",6b5bf467-b850-4e23-2f51-e180f46ae51d,2026-08-06T18:18:13Z,2026-08-06T18:18:13Z,Agent action,Zero-rated,0,false,7b532071-2889-af18-f91d-5ba50293cc55,639a8b21-e5da-bd8d-462b-58bd8f626239,23b8c1e9-3924-56de-3eb1-3b9046685257,Claims Triage Agent,3f2ad9c1-7b64-4f6a-9d8e-52c0b7a13e45,Contoso Production,Custom website,Resolved,0,1,48015298,2026-09-04T18:00:00Z,AI-FinOps-MOCK,dataverse.msdyn_aievents,2026-08-06,batch-2026-09-04,MOCK
"W/""8582033""",bfc8df92-9853-5c12-55fa-c683d0620b87,2026-08-06T19:33:13Z,2026-08-06T19:33:13Z,Agent action,Billed,87,true,5b44f17b-b783-10b0-4245-4dc2fc00319b,b283ee48-d907-23af-7bba-e4d8867bfd7e,23b8c1e9-3924-56de-3eb1-3b9046685257,Claims Triage Agent,3f2ad9c1-7b64-4f6a-9d8e-52c0b7a13e45,Contoso Production,Microsoft Teams,Resolved,0,1,38675535,2026-09-04T18:00:00Z,AI-FinOps-MOCK,dataverse.msdyn_aievents,2026-08-06,batch-2026-09-04,MOCK
"W/""1722694""",4e4592ea-607f-ba83-540a-ce34bfeb59aa,2026-08-06T18:50:04Z,2026-08-06T18:50:04Z,Agent action,Billed,105,true,69a10d9a-05bb-6080-bdb2-4e710a9f53ab,1b2104af-4e34-ee0d-f118-6e7a733f1a6f,23b8c1e9-3924-56de-3eb1-3b9046685257,Claims Triage Agent,3f2ad9c1-7b64-4f6a-9d8e-52c0b7a13e45,Contoso Production,Web chat,Abandoned,0,1,61667483,2026-09-04T18:00:00Z,AI-FinOps-MOCK,dataverse.msdyn_aievents,2026-08-06,batch-2026-09-04,MOCK
"W/""1379129""",b3abaf81-7ed4-9f42-896f-3475a212ea3c,2026-08-06T10:18:46Z,2026-08-06T10:18:46Z,Classic answer,Billed,48,true,50e9636e-197d-e8b1-d61b-14dd45f11959,f8563880-a7f3-6fe3-da73-f6a1c17e09cb,bd9c66b3-ad3c-2d6d-1a3d-1fa7bc8960a9,Store Ops Assistant,3f2ad9c1-7b64-4f6a-9d8e-52c0b7a13e45,Contoso Production,Custom website,Escalated,0,1,12276349,2026-09-04T18:00:00Z,AI-FinOps-MOCK,dataverse.msdyn_aievents,2026-08-06,batch-2026-09-04,MOCK
"W/""7311795""",c6a66ec2-dd91-d67b-3f64-b49ea0471a81,2026-08-06T14:16:19Z,2026-08-06T14:16:19Z,Classic answer,Billed,36,true,4ddebfec-1889-e211-2ec3-744692811d91,91f2508b-1eb9-9729-cc39-ce1b8e0fe8d7,bd9c66b3-ad3c-2d6d-1a3d-1fa7bc8960a9,Store Ops Assistant,3f2ad9c1-7b64-4f6a-9d8e-52c0b7a13e45,Contoso Production,Web chat,Escalated,0,1,32304264,2026-09-04T18:00:00Z,AI-FinOps-MOCK,dataverse.msdyn_aievents,2026-08-06,batch-2026-09-04,MOCK
"W/""4280734""",be91d140-4a74-b5e1-5da7-f4f0668b1d14,2026-08-06T08:54:18Z,2026-08-06T08:54:18Z,Classic answer,Billed,50,true,ffc5f0dd-973f-6c85-1449-084152c52159,d81f899e-f0fd-3956-b65c-2f9b131926d7,bd9c66b3-ad3c-2d6d-1a3d-1fa7bc8960a9,Store Ops Assistant,3f2ad9c1-7b64-4f6a-9d8e-52c0b7a13e45,Contoso Production,Web chat,Resolved,0,1,16770321,2026-09-04T18:00:00Z,AI-FinOps-MOCK,dataverse.msdyn_aievents,2026-08-06,batch-2026-09-04,MOCK
"W/""6551764""",7e337fb1-6c07-2da8-b63f-ace7e8af5d90,2026-08-06T10:09:27Z,2026-08-06T10:09:27Z,Classic answer,Billed,50,true,282797fb-9e60-3d8d-98a8-f810e05f6854,4d65bcea-2269-21eb-601c-56e26b813e22,bd9c66b3-ad3c-2d6d-1a3d-1fa7bc8960a9,Store Ops Assistant,3f2ad9c1-7b64-4f6a-9d8e-52c0b7a13e45,Contoso Production,Microsoft Teams,Escalated,0,1,23051623,2026-09-04T18:00:00Z,AI-FinOps-MOCK,dataverse.msdyn_aievents,2026-08-06,batch-2026-09-04,MOCK
"W/""6067023""",0adfeaa5-bc95-48b7-ad65-459085dbe1f6,2026-08-06T16:42:04Z,2026-08-06T16:42:04Z,Classic answer,Billed,55,true,f2595fad-b471-44cb-9c3f-8284898563c2,ba8aa5d9-f636-1bed-5c4e-75a363a66609,bd9c66b3-ad3c-2d6d-1a3d-1fa7bc8960a9,Store Ops Assistant,3f2ad9c1-7b64-4f6a-9d8e-52c0b7a13e45,Contoso Production,Custom website,Abandoned,0,1,61266573,2026-09-04T18:00:00Z,AI-FinOps-MOCK,dataverse.msdyn_aievents,2026-08-06,batch-2026-09-04,MOCK
"W/""2954439""",95265676-d903-3297-13b2-b8afb1277ab3,2026-08-06T10:42:52Z,2026-08-06T10:42:52Z,Generative answer,Billed,88,true,61a768ad-ae13-f392-d175-e41538ea564f,5cc4f13d-c026-507a-76de-574589ce15a2,bd9c66b3-ad3c-2d6d-1a3d-1fa7bc8960a9,Store Ops Assistant,3f2ad9c1-7b64-4f6a-9d8e-52c0b7a13e45,Contoso Production,Web chat,Escalated,0,1,22105803,2026-09-04T18:00:00Z,AI-FinOps-MOCK,dataverse.msdyn_aievents,2026-08-06,batch-2026-09-04,MOCK
"W/""8191775""",402af48c-ada4-bbf0-0307-c6527c557465,2026-08-06T19:32:30Z,2026-08-06T19:32:30Z,Generative answer,Billed,32,true,7968f364-ed48-861b-4eed-56dc445baf7a,6315597c-89ef-9a8e-122f-53cccd9154c4,bd9c66b3-ad3c-2d6d-1a3d-1fa7bc8960a9,Store Ops Assistant,3f2ad9c1-7b64-4f6a-9d8e-52c0b7a13e45,Contoso Production,Custom website,Escalated,0,1,98505989,2026-09-04T18:00:00Z,AI-FinOps-MOCK,dataverse.msdyn_aievents,2026-08-06,batch-2026-09-04,MOCK
"W/""1877153""",23fadfb0-6867-40be-ea7c-446c81ebe9de,2026-08-06T08:16:02Z,2026-08-06T08:16:02Z,Agent action,Billed,129,true,c28497fe-854a-4b54-bb6f-e822b68af595,51421722-3b43-8b28-b6e3-c816cd854361,bd9c66b3-ad3c-2d6d-1a3d-1fa7bc8960a9,Store Ops Assistant,3f2ad9c1-7b64-4f6a-9d8e-52c0b7a13e45,Contoso Production,Custom website,Abandoned,0,1,53966998,2026-09-04T18:00:00Z,AI-FinOps-MOCK,dataverse.msdyn_aievents,2026-08-06,batch-2026-09-04,MOCK
"W/""1529800""",1577551a-ec88-f373-37c8-07ff963113d6,2026-08-06T12:11:29Z,2026-08-06T12:11:29Z,Agent action,Billed,33,true,2ec694f6-ba19-8686-154d-e0bd987861d0,268e1070-1059-3602-b47f-e245edff7579,bd9c66b3-ad3c-2d6d-1a3d-1fa7bc8960a9,Store Ops Assistant,3f2ad9c1-7b64-4f6a-9d8e-52c0b7a13e45,Contoso Production,Web chat,Abandoned,0,1,88226751,2026-09-04T18:00:00Z,AI-FinOps-MOCK,dataverse.msdyn_aievents,2026-08-06,batch-2026-09-04,MOCK
"W/""5834948""",6c8ebc13-dcf9-8f24-2a20-70ec1e892458,2026-08-07T11:40:08Z,2026-08-07T11:40:08Z,Classic answer,Billed,26,true,2d860ff1-b265-2039-6734-eb6a6a1c6ba2,6cfc78a6-0b98-ae6b-a834-81b9f4bc3def,bdd640fb-0667-1ad1-1c80-317fa3b1799d,HR Helpdesk Bot,3f2ad9c1-7b64-4f6a-9d8e-52c0b7a13e45,Contoso Production,Custom website,Escalated,0,1,62617016,2026-09-04T18:00:00Z,AI-FinOps-MOCK,dataverse.msdyn_aievents,2026-08-07,batch-2026-09-04,MOCK
"W/""1059222""",8c4c912f-83d8-aac9-26fa-4004b541ce2e,2026-08-07T08:53:55Z,2026-08-07T08:53:55Z,Classic answer,Billed,53,true,11916202-4dc2-6314-cb9c-09ef54cb5255,b7131d43-13bf-8ece-d57b-f28111e2c398,bdd640fb-0667-1ad1-1c80-317fa3b1799d,HR Helpdesk Bot,3f2ad9c1-7b64-4f6a-9d8e-52c0b7a13e45,Contoso Production,Microsoft Teams,Abandoned,0,1,27666163,2026-09-04T18:00:00Z,AI-FinOps-MOCK,dataverse.msdyn_aievents,2026-08-07,batch-2026-09-04,MOCK
"W/""7305370""",da6c84f2-dc87-f0b8-1706-85b4e0a95988,2026-08-07T08:09:50Z,2026-08-07T08:09:50Z,Classic answer,Zero-rated,0,false,cb44c06d-df60-b6a2-5e94-b67355d4f687,76b57231-26ba-5961-b86d-30be41191b0a,bdd640fb-0667-1ad1-1c80-317fa3b1799d,HR Helpdesk Bot,3f2ad9c1-7b64-4f6a-9d8e-52c0b7a13e45,Contoso Production,Custom website,Escalated,0,1,22230953,2026-09-04T18:00:00Z,AI-FinOps-MOCK,dataverse.msdyn_aievents,2026-08-07,batch-2026-09-04,MOCK
"W/""7003646""",893f77c7-857d-5b11-df93-591a22eac88b,2026-08-07T08:19:58Z,2026-08-07T08:19:58Z,Classic answer,Billed,9,true,bb2a9335-4a4c-c097-6802-14ac78c292dd,82ca0555-f0f5-24f0-81c9-938b6e89b1f5,bdd640fb-0667-1ad1-1c80-317fa3b1799d,HR Helpdesk Bot,3f2ad9c1-7b64-4f6a-9d8e-52c0b7a13e45,Contoso Production,Microsoft Teams,Abandoned,0,1,13397860,2026-09-04T18:00:00Z,AI-FinOps-MOCK,dataverse.msdyn_aievents,2026-08-07,batch-2026-09-04,MOCK
"W/""1464375""",1bf9b608-e078-107f-b41d-fad355de5699,2026-08-07T13:09:24Z,2026-08-07T13:09:24Z,Generative answer,Billed,98,true,807d705e-bdbe-f28e-bd56-841ef8378d0c,4b11c3bc-d4cf-4e60-5e77-fe41f5683579,bdd640fb-0667-1ad1-1c80-317fa3b1799d,HR Helpdesk Bot,3f2ad9c1-7b64-4f6a-9d8e-52c0b7a13e45,Contoso Production,Custom website,Abandoned,0,1,61605335,2026-09-04T18:00:00Z,AI-FinOps-MOCK,dataverse.msdyn_aievents,2026-08-07,batch-2026-09-04,MOCK
"W/""2801119""",3579ea62-2adf-c39c-20ab-d3241b01ac79,2026-08-07T11:31:09Z,2026-08-07T11:31:09Z,Generative answer,Billed,22,true,8eff82eb-431b-1d4f-4d8d-a5ac13e35b4b,3a9e06d3-f216-f4fd-67f1-06e78881d87e,bdd640fb-0667-1ad1-1c80-317fa3b1799d,HR Helpdesk Bot,3f2ad9c1-7b64-4f6a-9d8e-52c0b7a13e45,Contoso Production,Web chat,Escalated,0,1,77672223,2026-09-04T18:00:00Z,AI-FinOps-MOCK,dataverse.msdyn_aievents,2026-08-07,batch-2026-09-04,MOCK
"W/""6761825""",9049361e-f666-3e93-fd6b-f551c15fc2b1,2026-08-07T13:23:17Z,2026-08-07T13:23:17Z,Generative answer,Zero-rated,0,false,fd887093-be48-da6b-e1e2-18b4b42fa4fa,98accc08-ec90-9933-a204-6bf6c4ee69aa,bdd640fb-0667-1ad1-1c80-317fa3b1799d,HR Helpdesk Bot,3f2ad9c1-7b64-4f6a-9d8e-52c0b7a13e45,Contoso Production,Web chat,Escalated,0,1,34724658,2026-09-04T18:00:00Z,AI-FinOps-MOCK,dataverse.msdyn_aievents,2026-08-07,batch-2026-09-04,MOCK
"W/""1952452""",8616d748-23b7-179b-6917-72b758aa73f2,2026-08-07T15:02:52Z,2026-08-07T15:02:52Z,Generative answer,Billed,54,true,dcb60a27-48a4-06ad-4a28-dce1b31feb5c,c81ad24f-e11e-825b-315e-dbddf558a8d1,bdd640fb-0667-1ad1-1c80-317fa3b1799d,HR Helpdesk Bot,3f2ad9c1-7b64-4f6a-9d8e-52c0b7a13e45,Contoso Production,Microsoft Teams,Abandoned,0,1,96102513,2026-09-04T18:00:00Z,AI-FinOps-MOCK,dataverse.msdyn_aievents,2026-08-07,batch-2026-09-04,MOCK
"W/""8148629""",986befbb-d5a0-29a4-b68b-3b3d0b1b8ee1,2026-08-07T09:45:05Z,2026-08-07T09:45:05Z,Agent action,Billed,117,true,9d692daa-2d91-cb74-6937-349cf7d101c5,b9579a72-90bd-5535-3f04-04c4af8287db,bdd640fb-0667-1ad1-1c80-317fa3b1799d,HR Helpdesk Bot,3f2ad9c1-7b64-4f6a-9d8e-52c0b7a13e45,Contoso Production,Web chat,Abandoned,0,1,95559440,2026-09-04T18:00:00Z,AI-FinOps-MOCK,dataverse.msdyn_aievents,2026-08-07,batch-2026-09-04,MOCK
"W/""2715822""",01d8fb45-c4b9-4828-e717-1cc10228da31,2026-08-07T14:05:20Z,2026-08-07T14:05:20Z,Agent action,Billed,51,true,a0ab3e0b-4205-dca4-7ee4-ba9e341ef8e3,af9ea8e0-9260-42fc-d9ca-be7da28284fa,bdd640fb-0667-1ad1-1c80-317fa3b1799d,HR Helpdesk Bot,3f2ad9c1-7b64-4f6a-9d8e-52c0b7a13e45,Contoso Production,Microsoft Teams,Resolved,0,1,30152532,2026-09-04T18:00:00Z,AI-FinOps-MOCK,dataverse.msdyn_aievents,2026-08-07,batch-2026-09-04,MOCK
"W/""1610470""",7f026c30-b762-9ec7-b190-17580c964dee,2026-08-07T16:49:24Z,2026-08-07T16:49:24Z,Classic answer,Billed,44,true,53f1dda7-af2b-657b-d812-b47e777e2de9,5ca00738-17de-9c8c-ecf4-a6ef727ec8dc,23b8c1e9-3924-56de-3eb1-3b9046685257,Claims Triage Agent,3f2ad9c1-7b64-4f6a-9d8e-52c0b7a13e45,Contoso Production,Web chat,Escalated,0,1,61772428,2026-09-04T18:00:00Z,AI-FinOps-MOCK,dataverse.msdyn_aievents,2026-08-07,batch-2026-09-04,MOCK
"W/""5764070""",e4d13a9c-4f05-ce3f-6a81-ef1d7f29a69e,2026-08-07T11:36:43Z,2026-08-07T11:36:43Z,Classic answer,Zero-rated,0,false,b435dc7c-ffcc-f126-d8f3-9ed368962b35,48319c94-bc96-c9a2-101d-8e159dde5625,23b8c1e9-3924-56de-3eb1-3b9046685257,Claims Triage Agent,3f2ad9c1-7b64-4f6a-9d8e-52c0b7a13e45,Contoso Production,Web chat,Escalated,0,1,78481803,2026-09-04T18:00:00Z,AI-FinOps-MOCK,dataverse.msdyn_aievents,2026-08-07,batch-2026-09-04,MOCK
"W/""6641778""",8cffbbb8-b9f7-b0af-9a32-bb791ebed4d6,2026-08-07T18:46:00Z,2026-08-07T18:46:00Z,Generative answer,Billed,98,true,9620a685-0768-ec54-d7bf-12b2ec64eda6,c5d3c0d7-9e77-4063-98b4-1588501801cc,23b8c1e9-3924-56de-3eb1-3b9046685257,Claims Triage Agent,3f2ad9c1-7b64-4f6a-9d8e-52c0b7a13e45,Contoso Production,Microsoft Teams,Escalated,0,1,60479270,2026-09-04T18:00:00Z,AI-FinOps-MOCK,dataverse.msdyn_aievents,2026-08-07,batch-2026-09-04,MOCK
"W/""7808375""",ba4dc6bf-224e-a52f-d2fe-1c67c3a28d68,2026-08-07T10:24:53Z,2026-08-07T10:24:53Z,Generative answer,Zero-rated,0,false,18e14826-bbb3-0175-5710-2df1b1c46890,5d3cc506-18d5-0162-3b9b-1b260e03d2f6,23b8c1e9-3924-56de-3eb1-3b9046685257,Claims Triage Agent,3f2ad9c1-7b64-4f6a-9d8e-52c0b7a13e45,Contoso Production,Microsoft Teams,Resolved,0,1,78341492,2026-09-04T18:00:00Z,AI-FinOps-MOCK,dataverse.msdyn_aievents,2026-08-07,batch-2026-09-04,MOCK
"W/""3721685""",ecc071b4-7bea-a8ea-6908-843f46bede46,2026-08-07T11:14:00Z,2026-08-07T11:14:00Z,Generative answer,Billed,14,true,9fd34760-aa1d-c493-6b3d-d7387afc1461,a7115cc4-8dbe-5a90-6b83-539ebedf6b8d,23b8c1e9-3924-56de-3eb1-3b9046685257,Claims Triage Agent,3f2ad9c1-7b64-4f6a-9d8e-52c0b7a13e45,Contoso Production,Custom website,Escalated,0,1,10711249,2026-09-04T18:00:00Z,AI-FinOps-MOCK,dataverse.msdyn_aievents,2026-08-07,batch-2026-09-04,MOCK
"W/""1896813""",a93d86c7-9f6f-be5a-fd1a-cb8ffbcba2e4,2026-08-07T09:03:32Z,2026-08-07T09:03:32Z,Generative answer,Billed,46,true,7847ee34-01f7-1917-10fe-ed62f2a2a7b5,9035717c-e59a-c8c4-27f3-b5fea7e00a21,23b8c1e9-3924-56de-3eb1-3b9046685257,Claims Triage Agent,3f2ad9c1-7b64-4f6a-9d8e-52c0b7a13e45,Contoso Production,Custom website,Abandoned,0,1,68235323,2026-09-04T18:00:00Z,AI-FinOps-MOCK,dataverse.msdyn_aievents,2026-08-07,batch-2026-09-04,MOCK
"W/""2936967""",72b0e713-a1aa-9a6d-d81d-255f575d4934,2026-08-07T16:21:22Z,2026-08-07T16:21:22Z,Agent action,Billed,69,true,421b1f6a-33e0-db2a-f04b-04ff093043f3,cb0065f0-487f-f5ba-fcfe-2bf133f88cc0,23b8c1e9-3924-56de-3eb1-3b9046685257,Claims Triage Agent,3f2ad9c1-7b64-4f6a-9d8e-52c0b7a13e45,Contoso Production,Custom website,Resolved,0,1,68933117,2026-09-04T18:00:00Z,AI-FinOps-MOCK,dataverse.msdyn_aievents,2026-08-07,batch-2026-09-04,MOCK
"W/""4913186""",57bda882-f363-19e2-a06f-3903a71bf1bd,2026-08-07T18:03:03Z,2026-08-07T18:03:03Z,Agent action,Billed,27,true,a03f6417-f6f4-af9b-7e0a-7c12d1125d59,88b0157e-e1ec-2944-55a5-4a4a0a70e53c,23b8c1e9-3924-56de-3eb1-3b9046685257,Claims Triage Agent,3f2ad9c1-7b64-4f6a-9d8e-52c0b7a13e45,Contoso Production,Microsoft Teams,Abandoned,0,1,39430255,2026-09-04T18:00:00Z,AI-FinOps-MOCK,dataverse.msdyn_aievents,2026-08-07,batch-2026-09-04,MOCK
"W/""5712047""",48ccbf79-7cde-4129-a035-7bf53e8be5a2,2026-08-07T12:53:37Z,2026-08-07T12:53:37Z,Agent action,Billed,138,true,6dfbafc2-0f13-4247-5ff7-debf7d9d6715,8efa4ccd-e657-f241-66f9-22933547baeb,23b8c1e9-3924-56de-3eb1-3b9046685257,Claims Triage Agent,3f2ad9c1-7b64-4f6a-9d8e-52c0b7a13e45,Contoso Production,Web chat,Resolved,0,1,85679598,2026-09-04T18:00:00Z,AI-FinOps-MOCK,dataverse.msdyn_aievents,2026-08-07,batch-2026-09-04,MOCK
"W/""4439553""",a6fa2813-9514-476b-ef55-7420603614d3,2026-08-07T10:32:25Z,2026-08-07T10:32:25Z,Agent action,Billed,147,true,3b823984-ecef-10fb-ea67-3147af519026,147a4262-ac99-571e-fb8f-2a6e4074cb94,23b8c1e9-3924-56de-3eb1-3b9046685257,Claims Triage Agent,3f2ad9c1-7b64-4f6a-9d8e-52c0b7a13e45,Contoso Production,Microsoft Teams,Escalated,0,1,28377398,2026-09-04T18:00:00Z,AI-FinOps-MOCK,dataverse.msdyn_aievents,2026-08-07,batch-2026-09-04,MOCK
"W/""6934927""",f309327e-6e75-6922-0c9a-830ff02a83bc,2026-08-07T09:41:25Z,2026-08-07T09:41:25Z,Agent action,Billed,66,true,b4b85a2b-3624-06fa-4bfe-cb44d78d9826,06997342-f5d7-5ee9-d4fc-c9013a392c0f,23b8c1e9-3924-56de-3eb1-3b9046685257,Claims Triage Agent,3f2ad9c1-7b64-4f6a-9d8e-52c0b7a13e45,Contoso Production,Web chat,Escalated,0,1,18184985,2026-09-04T18:00:00Z,AI-FinOps-MOCK,dataverse.msdyn_aievents,2026-08-07,batch-2026-09-04,MOCK
"W/""3362674""",8edaa3db-df15-7669-dadc-7e13629b6715,2026-08-07T09:17:32Z,2026-08-07T09:17:32Z,Classic answer,Billed,28,true,56ca2769-2428-d6cd-74c2-54522d2b8c57,fc9f31e6-fb50-690f-c332-18c468090654,bd9c66b3-ad3c-2d6d-1a3d-1fa7bc8960a9,Store Ops Assistant,3f2ad9c1-7b64-4f6a-9d8e-52c0b7a13e45,Contoso Production,Microsoft Teams,Abandoned,0,1,43247883,2026-09-04T18:00:00Z,AI-FinOps-MOCK,dataverse.msdyn_aievents,2026-08-07,batch-2026-09-04,MOCK
"W/""3602603""",12952600-c640-de83-dc80-ce4f474b559b,2026-08-07T18:09:57Z,2026-08-07T18:09:57Z,Classic answer,Zero-rated,0,false,1e43d2b9-7944-26ba-7961-f06417630864,3127b938-b41e-70e8-5a1a-3a615e1e2017,bd9c66b3-ad3c-2d6d-1a3d-1fa7bc8960a9,Store Ops Assistant,3f2ad9c1-7b64-4f6a-9d8e-52c0b7a13e45,Contoso Production,Web chat,Escalated,0,1,42498637,2026-09-04T18:00:00Z,AI-FinOps-MOCK,dataverse.msdyn_aievents,2026-08-07,batch-2026-09-04,MOCK
"W/""2107186""",1a299aa7-21d8-0287-5798-7c781aac6e19,2026-08-07T12:10:50Z,2026-08-07T12:10:50Z,Classic answer,Zero-rated,0,false,dbba3ea0-cadc-ee97-b1d9-7384c4198ca8,28b39bb7-a049-49ab-ec00-16b9948c0aab,bd9c66b3-ad3c-2d6d-1a3d-1fa7bc8960a9,Store Ops Assistant,3f2ad9c1-7b64-4f6a-9d8e-52c0b7a13e45,Contoso Production,Web chat,Abandoned,0,1,90737984,2026-09-04T18:00:00Z,AI-FinOps-MOCK,dataverse.msdyn_aievents,2026-08-07,batch-2026-09-04,MOCK
"W/""9309586""",dd8b99ad-30af-f761-7856-3be60a188e35,2026-08-07T08:36:37Z,2026-08-07T08:36:37Z,Classic answer,Billed,31,true,5d2c3098-5ef0-d853-9ebd-f5529ded2282,06057709-17fd-5485-3b8c-2fb219a4494d,bd9c66b3-ad3c-2d6d-1a3d-1fa7bc8960a9,Store Ops Assistant,3f2ad9c1-7b64-4f6a-9d8e-52c0b7a13e45,Contoso Production,Microsoft Teams,Abandoned,0,1,86300394,2026-09-04T18:00:00Z,AI-FinOps-MOCK,dataverse.msdyn_aievents,2026-08-07,batch-2026-09-04,MOCK
"W/""8208206""",4b80f313-9856-9e9f-5539-af0331ca374b,2026-08-07T16:33:49Z,2026-08-07T16:33:49Z,Classic answer,Billed,54,true,0272a0f7-39a8-e0bd-2405-5a6919b4678f,de34e78d-78ec-5420-cbca-3c49abe44f06,bd9c66b3-ad3c-2d6d-1a3d-1fa7bc8960a9,Store Ops Assistant,3f2ad9c1-7b64-4f6a-9d8e-52c0b7a13e45,Contoso Production,Web chat,Escalated,0,1,70302483,2026-09-04T18:00:00Z,AI-FinOps-MOCK,dataverse.msdyn_aievents,2026-08-07,batch-2026-09-04,MOCK
"W/""7633620""",22fed722-27d7-2031-fedd-4ac440ea4115,2026-08-07T19:31:02Z,2026-08-07T19:31:02Z,Generative answer,Billed,68,true,821dadce-3559-5fdf-69e0-5ebd5dfdc4cd,6f477c45-1163-7ce7-5d27-666ac69128ed,bd9c66b3-ad3c-2d6d-1a3d-1fa7bc8960a9,Store Ops Assistant,3f2ad9c1-7b64-4f6a-9d8e-52c0b7a13e45,Contoso Production,Microsoft Teams,Resolved,0,1,24694757,2026-09-04T18:00:00Z,AI-FinOps-MOCK,dataverse.msdyn_aievents,2026-08-07,batch-2026-09-04,MOCK
"W/""5442610""",8a83f25a-311c-20d6-bcea-4b9b21e171c8,2026-08-07T17:05:19Z,2026-08-07T17:05:19Z,Generative answer,Billed,108,true,54db444a-4fc8-b678-142e-5ff5ec5c80a0,3eae060b-0e84-63ce-469f-006ad749cf12,bd9c66b3-ad3c-2d6d-1a3d-1fa7bc8960a9,Store Ops Assistant,3f2ad9c1-7b64-4f6a-9d8e-52c0b7a13e45,Contoso Production,Microsoft Teams,Escalated,0,1,46484395,2026-09-04T18:00:00Z,AI-FinOps-MOCK,dataverse.msdyn_aievents,2026-08-07,batch-2026-09-04,MOCK
"W/""3604164""",23a7dcef-9172-300d-5eaa-ae6d5d2c710b,2026-08-07T14:16:11Z,2026-08-07T14:16:11Z,Generative answer,Zero-rated,0,false,12f1bfeb-7fd6-c3d4-22ec-c266df1fe433,f990f46f-2eeb-731c-9fab-5713e69728df,bd9c66b3-ad3c-2d6d-1a3d-1fa7bc8960a9,Store Ops Assistant,3f2ad9c1-7b64-4f6a-9d8e-52c0b7a13e45,Contoso Production,Custom website,Resolved,0,1,73123663,2026-09-04T18:00:00Z,AI-FinOps-MOCK,dataverse.msdyn_aievents,2026-08-07,batch-2026-09-04,MOCK
"W/""9691499""",d3205f0a-9bb3-76e8-29e2-07c2628794e2,2026-08-07T18:06:18Z,2026-08-07T18:06:18Z,Generative answer,Billed,20,true,821c8311-7ca4-1212-b749-a96eab6a6e6f,219364d1-fbd1-99c1-306b-fcabd626011c,bd9c66b3-ad3c-2d6d-1a3d-1fa7bc8960a9,Store Ops Assistant,3f2ad9c1-7b64-4f6a-9d8e-52c0b7a13e45,Contoso Production,Custom website,Abandoned,0,1,48345515,2026-09-04T18:00:00Z,AI-FinOps-MOCK,dataverse.msdyn_aievents,2026-08-07,batch-2026-09-04,MOCK
"W/""3094047""",6f13ea7e-6f1c-7ed8-a0af-b92de7eaa238,2026-08-07T10:48:36Z,2026-08-07T10:48:36Z,Agent action,Billed,36,true,44fef4ee-dbaa-775d-0ea5-0542ceafcef1,b029447a-e5b4-cac4-030f-bed7b24aa14d,bd9c66b3-ad3c-2d6d-1a3d-1fa7bc8960a9,Store Ops Assistant,3f2ad9c1-7b64-4f6a-9d8e-52c0b7a13e45,Contoso Production,Microsoft Teams,Abandoned,0,1,87789671,2026-09-04T18:00:00Z,AI-FinOps-MOCK,dataverse.msdyn_aievents,2026-08-07,batch-2026-09-04,MOCK
"W/""8533979""",2514ca68-7856-8682-10f6-ccbb0ab9f72e,2026-08-07T19:27:34Z,2026-08-07T19:27:34Z,Agent action,Billed,57,true,b1adb6d6-5e1a-12b8-f36c-86e2137f1d47,43a50bf5-dc87-2485-887c-6a5b163946b8,bd9c66b3-ad3c-2d6d-1a3d-1fa7bc8960a9,Store Ops Assistant,3f2ad9c1-7b64-4f6a-9d8e-52c0b7a13e45,Contoso Production,Custom website,Escalated,0,1,47987340,2026-09-04T18:00:00Z,AI-FinOps-MOCK,dataverse.msdyn_aievents,2026-08-07,batch-2026-09-04,MOCK
"W/""5253945""",a46faead-3ff7-6d26-fade-884fafea561a,2026-08-07T08:03:20Z,2026-08-07T08:03:20Z,Agent action,Billed,21,true,abbcad01-f4a5-02d1-f971-da3b17130cc4,b671eb6c-29d1-bb83-2086-04d8296a440f,bd9c66b3-ad3c-2d6d-1a3d-1fa7bc8960a9,Store Ops Assistant,3f2ad9c1-7b64-4f6a-9d8e-52c0b7a13e45,Contoso Production,Web chat,Escalated,0,1,88263562,2026-09-04T18:00:00Z,AI-FinOps-MOCK,dataverse.msdyn_aievents,2026-08-07,batch-2026-09-04,MOCK
"W/""5983987""",af98aa71-c743-7812-4ee4-7b02a26133bd,2026-08-07T10:28:10Z,2026-08-07T10:28:10Z,Agent action,Billed,57,true,df992ee9-5be7-37d7-abe7-d30da21ae28b,38c4fe4a-f4fd-872d-e10f-027f08c07a40,bd9c66b3-ad3c-2d6d-1a3d-1fa7bc8960a9,Store Ops Assistant,3f2ad9c1-7b64-4f6a-9d8e-52c0b7a13e45,Contoso Production,Custom website,Abandoned,0,1,38024674,2026-09-04T18:00:00Z,AI-FinOps-MOCK,dataverse.msdyn_aievents,2026-08-07,batch-2026-09-04,MOCK
"W/""6379268""",3004c292-e610-4c9b-b5c9-2d182eecc8cd,2026-08-08T12:39:37Z,2026-08-08T12:39:37Z,Classic answer,Billed,46,true,3301171d-51b3-b87f-d935-e72126b87fb9,a546fa89-79b1-54bd-7912-2746ba61730b,bdd640fb-0667-1ad1-1c80-317fa3b1799d,HR Helpdesk Bot,3f2ad9c1-7b64-4f6a-9d8e-52c0b7a13e45,Contoso Production,Web chat,Resolved,0,1,31160973,2026-09-04T18:00:00Z,AI-FinOps-MOCK,dataverse.msdyn_aievents,2026-08-08,batch-2026-09-04,MOCK
"W/""5829812""",c2822d2a-3dc6-1fb6-416a-33718c63f503,2026-08-08T15:04:24Z,2026-08-08T15:04:24Z,Classic answer,Billed,53,true,5bff8c46-4963-45cd-1f30-2f02580f87fe,ac49aa53-b9df-99ca-495b-b9b3e92ab319,bdd640fb-0667-1ad1-1c80-317fa3b1799d,HR Helpdesk Bot,3f2ad9c1-7b64-4f6a-9d8e-52c0b7a13e45,Contoso Production,Web chat,Resolved,0,1,62316192,2026-09-04T18:00:00Z,AI-FinOps-MOCK,dataverse.msdyn_aievents,2026-08-08,batch-2026-09-04,MOCK
"W/""6956043""",56911e98-800b-137f-8a9c-f5cc598c94c7,2026-08-08T11:32:23Z,2026-08-08T11:32:23Z,Classic answer,Zero-rated,0,false,19228703-96ed-7b00-9250-8d82fc261a31,a2d59a85-d85a-e11f-e6d9-7788bbf02c2b,bdd640fb-0667-1ad1-1c80-317fa3b1799d,HR Helpdesk Bot,3f2ad9c1-7b64-4f6a-9d8e-52c0b7a13e45,Contoso Production,Custom website,Abandoned,0,1,18377283,2026-09-04T18:00:00Z,AI-FinOps-MOCK,dataverse.msdyn_aievents,2026-08-08,batch-2026-09-04,MOCK
"W/""5228681""",93c65d83-9de7-1a28-beb5-6b7746047630,2026-08-08T15:29:43Z,2026-08-08T15:29:43Z,Classic answer,Billed,22,true,f814470e-ddab-291d-c91d-c8e15973c4fe,b448f2c7-3629-e97f-5599-6c3f8e0bcc04,bdd640fb-0667-1ad1-1c80-317fa3b1799d,HR Helpdesk Bot,3f2ad9c1-7b64-4f6a-9d8e-52c0b7a13e45,Contoso Production,Custom website,Resolved,0,1,26599224,2026-09-04T18:00:00Z,AI-FinOps-MOCK,dataverse.msdyn_aievents,2026-08-08,batch-2026-09-04,MOCK
"W/""3430840""",14fcc4d4-eb6b-e136-d609-6b02bc8bcc8e,2026-08-08T16:52:13Z,2026-08-08T16:52:13Z,Generative answer,Billed,16,true,dae7a549-1acc-ff21-2fb4-c5d7e639987e,19e83b67-6d41-9f1c-c502-ca4fd5c2c640,bdd640fb-0667-1ad1-1c80-317fa3b1799d,HR Helpdesk Bot,3f2ad9c1-7b64-4f6a-9d8e-52c0b7a13e45,Contoso Production,Custom website,Escalated,0,1,66314974,2026-09-04T18:00:00Z,AI-FinOps-MOCK,dataverse.msdyn_aievents,2026-08-08,batch-2026-09-04,MOCK
"W/""2676111""",cb2428c2-25e3-9ea9-07b5-9fd2a3ad5f1a,2026-08-08T17:29:13Z,2026-08-08T17:29:13Z,Generative answer,Zero-rated,0,false,846eae8f-99e2-35d4-a989-73f3a34a8573,37eedff1-3f9e-7619-d0a9-aeaca2d04968,bdd640fb-0667-1ad1-1c80-317fa3b1799d,HR Helpdesk Bot,3f2ad9c1-7b64-4f6a-9d8e-52c0b7a13e45,Contoso Production,Microsoft Teams,Resolved,0,1,68662346,2026-09-04T18:00:00Z,AI-FinOps-MOCK,dataverse.msdyn_aievents,2026-08-08,batch-2026-09-04,MOCK
"W/""1028566""",71cf8582-e723-8a83-0e24-1b24fe15e939,2026-08-08T18:32:06Z,2026-08-08T18:32:06Z,Agent action,Billed,42,true,c2252f75-da73-ed50-cd35-85f4488f0afd,8c70f0da-8be7-652d-9c57-ae6ddfee5f3d,bdd640fb-0667-1ad1-1c80-317fa3b1799d,HR Helpdesk Bot,3f2ad9c1-7b64-4f6a-9d8e-52c0b7a13e45,Contoso Production,Custom website,Abandoned,0,1,82265884,2026-09-04T18:00:00Z,AI-FinOps-MOCK,dataverse.msdyn_aievents,2026-08-08,batch-2026-09-04,MOCK
"W/""5894181""",3ef62670-c885-da14-4623-1597097f7eee,2026-08-08T13:16:33Z,2026-08-08T13:16:33Z,Agent action,Billed,15,true,8e5e53c4-cf09-9562-eda7-5abcdf5a1bed,8ab1ad93-0ea8-9557-0d96-39c9e1108410,bdd640fb-0667-1ad1-1c80-317fa3b1799d,HR Helpdesk Bot,3f2ad9c1-7b64-4f6a-9d8e-52c0b7a13e45,Contoso Production,Web chat,Escalated,0,1,65106991,2026-09-04T18:00:00Z,AI-FinOps-MOCK,dataverse.msdyn_aievents,2026-08-08,batch-2026-09-04,MOCK
"W/""4503923""",fbac94bd-f39e-a0f2-3f85-59c79f4463a0,2026-08-08T09:20:54Z,2026-08-08T09:20:54Z,Agent action,Billed,138,true,e0451752-2560-7109-27d9-14f660c61390,3dabb376-c545-b206-3ddb-5192e03a6cda,bdd640fb-0667-1ad1-1c80-317fa3b1799d,HR Helpdesk Bot,3f2ad9c1-7b64-4f6a-9d8e-52c0b7a13e45,Contoso Production,Custom website,Resolved,0,1,61670311,2026-09-04T18:00:00Z,AI-FinOps-MOCK,dataverse.msdyn_aievents,2026-08-08,batch-2026-09-04,MOCK
"W/""6216033""",b204a3f1-5c14-fe70-ed3e-7a7e6e526f8d,2026-08-08T17:22:17Z,2026-08-08T17:22:17Z,Agent action,Billed,96,true,e7a85c8f-9026-80c2-e6e8-d299ee91a58f,5cdb2197-03de-99f5-24bf-8efedb91ad58,bdd640fb-0667-1ad1-1c80-317fa3b1799d,HR Helpdesk Bot,3f2ad9c1-7b64-4f6a-9d8e-52c0b7a13e45,Contoso Production,Web chat,Abandoned,0,1,84830804,2026-09-04T18:00:00Z,AI-FinOps-MOCK,dataverse.msdyn_aievents,2026-08-08,batch-2026-09-04,MOCK
"W/""2469445""",a4ba7d64-a943-f88b-2f4a-761468a396fc,2026-08-08T10:23:29Z,2026-08-08T10:23:29Z,Classic answer,Zero-rated,0,false,de6af8b3-0e93-e787-ae93-cd309e8e458e,2a66d1bc-7a04-eeab-e64c-8a667b1c7842,23b8c1e9-3924-56de-3eb1-3b9046685257,Claims Triage Agent,3f2ad9c1-7b64-4f6a-9d8e-52c0b7a13e45,Contoso Production,Web chat,Abandoned,0,1,27265084,2026-09-04T18:00:00Z,AI-FinOps-MOCK,dataverse.msdyn_aievents,2026-08-08,batch-2026-09-04,MOCK
"W/""7791323""",fbf664ef-73bd-7d0c-2577-cfa06afae4c5,2026-08-08T10:02:38Z,2026-08-08T10:02:38Z,Classic answer,Billed,18,true,570da7fa-2222-18cc-e305-50cfe47dde08,02e2ef68-7ca4-95a8-0894-76feca08d6cf,23b8c1e9-3924-56de-3eb1-3b9046685257,Claims Triage Agent,3f2ad9c1-7b64-4f6a-9d8e-52c0b7a13e45,Contoso Production,Microsoft Teams,Resolved,0,1,14999889,2026-09-04T18:00:00Z,AI-FinOps-MOCK,dataverse.msdyn_aievents,2026-08-08,batch-2026-09-04,MOCK
"W/""7129465""",83046af1-84d5-abd2-e85b-9c8aefd2e8c9,2026-08-08T12:02:30Z,2026-08-08T12:02:30Z,Classic answer,Zero-rated,0,false,7a9e3e4e-254e-fd58-215d-7b3b292e324f,8339cc52-4ff8-ab63-ade5-5a0820848038,23b8c1e9-3924-56de-3eb1-3b9046685257,Claims Triage Agent,3f2ad9c1-7b64-4f6a-9d8e-52c0b7a13e45,Contoso Production,Web chat,Abandoned,0,1,92812910,2026-09-04T18:00:00Z,AI-FinOps-MOCK,dataverse.msdyn_aievents,2026-08-08,batch-2026-09-04,MOCK
"W/""6609630""",d28d2fb2-814f-513e-7880-c274814bc74b,2026-08-08T15:32:56Z,2026-08-08T15:32:56Z,Classic answer,Billed,9,true,348b19f6-7bc3-c47e-ee0c-8608a95a29d8,59ead309-ff91-8cba-0d98-f78445ea9cf4,23b8c1e9-3924-56de-3eb1-3b9046685257,Claims Triage Agent,3f2ad9c1-7b64-4f6a-9d8e-52c0b7a13e45,Contoso Production,Microsoft Teams,Abandoned,0,1,63141670,2026-09-04T18:00:00Z,AI-FinOps-MOCK,dataverse.msdyn_aievents,2026-08-08,batch-2026-09-04,MOCK
"W/""1204460""",7b146976-dfff-67ad-303f-e6b5ad01a254,2026-08-08T15:29:58Z,2026-08-08T15:29:58Z,Generative answer,Billed,60,true,30978128-d165-deb7-a126-98cbe3ad5493,67a6871d-d122-d40b-90cf-490d71382bf7,23b8c1e9-3924-56de-3eb1-3b9046685257,Claims Triage Agent,3f2ad9c1-7b64-4f6a-9d8e-52c0b7a13e45,Contoso Production,Web chat,Resolved,0,1,84551867,2026-09-04T18:00:00Z,AI-FinOps-MOCK,dataverse.msdyn_aievents,2026-08-08,batch-2026-09-04,MOCK
"W/""3055463""",ecd5bffd-9335-8b01-f019-d98db5902d58,2026-08-08T14:28:56Z,2026-08-08T14:28:56Z,Generative answer,Billed,34,true,af310c08-4038-2092-9396-047693a434cb,d3711145-5e82-bc4b-bdc9-b60267761eb8,23b8c1e9-3924-56de-3eb1-3b9046685257,Claims Triage Agent,3f2ad9c1-7b64-4f6a-9d8e-52c0b7a13e45,Contoso Production,Microsoft Teams,Resolved,0,1,35004929,2026-09-04T18:00:00Z,AI-FinOps-MOCK,dataverse.msdyn_aievents,2026-08-08,batch-2026-09-04,MOCK
"W/""3925229""",4594e2c4-9dbf-9e57-a3cc-e8b4326cf065,2026-08-08T15:33:09Z,2026-08-08T15:33:09Z,Generative answer,Billed,52,true,bd53a0b9-9c9c-2844-e579-aa75f94bc0d9,ecba5167-095d-d836-ef6c-a8617601f89a,23b8c1e9-3924-56de-3eb1-3b9046685257,Claims Triage Agent,3f2ad9c1-7b64-4f6a-9d8e-52c0b7a13e45,Contoso Production,Custom website,Resolved,0,1,51081121,2026-09-04T18:00:00Z,AI-FinOps-MOCK,dataverse.msdyn_aievents,2026-08-08,batch-2026-09-04,MOCK
"W/""7183858""",4ffb96db-657d-b5bf-3b48-557ead0e30b3,2026-08-08T14:09:39Z,2026-08-08T14:09:39Z,Generative answer,Zero-rated,0,false,89ee7ca5-456c-27fd-12bf-e52d4f168d97,7d71f733-cb6c-5299-7942-ed9ada9d165b,23b8c1e9-3924-56de-3eb1-3b9046685257,Claims Triage Agent,3f2ad9c1-7b64-4f6a-9d8e-52c0b7a13e45,Contoso Production,Web chat,Abandoned,0,1,49365162,2026-09-04T18:00:00Z,AI-FinOps-MOCK,dataverse.msdyn_aievents,2026-08-08,batch-2026-09-04,MOCK
"W/""9409382""",83f10a09-610a-f755-3a38-a29d89475739,2026-08-08T17:17:07Z,2026-08-08T17:17:07Z,Generative answer,Billed,102,true,8aafb54b-0158-572b-b8ec-8273c1ead204,ebe79f89-869e-7a40-d281-cce294827280,23b8c1e9-3924-56de-3eb1-3b9046685257,Claims Triage Agent,3f2ad9c1-7b64-4f6a-9d8e-52c0b7a13e45,Contoso Production,Custom website,Abandoned,0,1,18302008,2026-09-04T18:00:00Z,AI-FinOps-MOCK,dataverse.msdyn_aievents,2026-08-08,batch-2026-09-04,MOCK
"W/""5905299""",de20a426-c3f9-3fbd-86db-08beb97eb5b7,2026-08-08T17:24:18Z,2026-08-08T17:24:18Z,Agent action,Billed,99,true,5af7f22c-d4d8-4d00-79ce-deb810a66fe0,f5ebc6db-5adc-8876-d3af-3619f36d5a36,23b8c1e9-3924-56de-3eb1-3b9046685257,Claims Triage Agent,3f2ad9c1-7b64-4f6a-9d8e-52c0b7a13e45,Contoso Production,Microsoft Teams,Escalated,0,1,40889296,2026-09-04T18:00:00Z,AI-FinOps-MOCK,dataverse.msdyn_aievents,2026-08-08,batch-2026-09-04,MOCK
"W/""6893912""",522a230e-ea65-1d60-237a-9f3252503427,2026-08-08T18:11:48Z,2026-08-08T18:11:48Z,Agent action,Billed,27,true,c257d3cf-070d-269e-e6ac-03a80736ffb5,8b49c017-0d00-5182-3144-cec7de08ff93,23b8c1e9-3924-56de-3eb1-3b9046685257,Claims Triage Agent,3f2ad9c1-7b64-4f6a-9d8e-52c0b7a13e45,Contoso Production,Custom website,Abandoned,0,1,72548277,2026-09-04T18:00:00Z,AI-FinOps-MOCK,dataverse.msdyn_aievents,2026-08-08,batch-2026-09-04,MOCK
"W/""1850738""",f68c76c7-786b-5570-2caa-4761a982384b,2026-08-08T15:55:26Z,2026-08-08T15:55:26Z,Agent action,Billed,153,true,f42b0176-0e5c-e39f-7955-cdb784b31a4d,3ff9de89-dd2a-62a7-f61c-6fe932ec81aa,23b8c1e9-3924-56de-3eb1-3b9046685257,Claims Triage Agent,3f2ad9c1-7b64-4f6a-9d8e-52c0b7a13e45,Contoso Production,Microsoft Teams,Resolved,0,1,96440783,2026-09-04T18:00:00Z,AI-FinOps-MOCK,dataverse.msdyn_aievents,2026-08-08,batch-2026-09-04,MOCK
"W/""4493359""",ddf99f87-b4d9-a1a8-3275-4c3a0a2af4e3,2026-08-08T11:40:25Z,2026-08-08T11:40:25Z,Classic answer,Billed,37,true,d305c1ae-82ca-e121-2026-da8b9fbd994a,dd839d94-bc11-fe6d-8657-52d85849b91a,bd9c66b3-ad3c-2d6d-1a3d-1fa7bc8960a9,Store Ops Assistant,3f2ad9c1-7b64-4f6a-9d8e-52c0b7a13e45,Contoso Production,Web chat,Escalated,0,1,46422610,2026-09-04T18:00:00Z,AI-FinOps-MOCK,dataverse.msdyn_aievents,2026-08-08,batch-2026-09-04,MOCK
"W/""9453342""",8549072c-87e8-0e53-9e8e-9235af56b50c,2026-08-08T14:01:18Z,2026-08-08T14:01:18Z,Classic answer,Billed,45,true,232f0d4f-6465-73f1-3dc7-68923c14cbd7,a61a467c-af9f-17ed-8c6e-9bddbc5ab867,bd9c66b3-ad3c-2d6d-1a3d-1fa7bc8960a9,Store Ops Assistant,3f2ad9c1-7b64-4f6a-9d8e-52c0b7a13e45,Contoso Production,Microsoft Teams,Escalated,0,1,52497285,2026-09-04T18:00:00Z,AI-FinOps-MOCK,dataverse.msdyn_aievents,2026-08-08,batch-2026-09-04,MOCK
"W/""5924694""",fa0fd3f8-76f8-31de-f861-017ab6d9a814,2026-08-08T08:44:37Z,2026-08-08T08:44:37Z,Classic answer,Zero-rated,0,false,cda267b7-88cd-7f72-10aa-eeb1f367f96a,acad4c08-0342-9bdd-845e-895c82d4409b,bd9c66b3-ad3c-2d6d-1a3d-1fa7bc8960a9,Store Ops Assistant,3f2ad9c1-7b64-4f6a-9d8e-52c0b7a13e45,Contoso Production,Custom website,Escalated,0,1,93869742,2026-09-04T18:00:00Z,AI-FinOps-MOCK,dataverse.msdyn_aievents,2026-08-08,batch-2026-09-04,MOCK
"W/""2413668""",c4e303b6-e2c7-75f9-1f2c-6a7095dde9fd,2026-08-08T09:54:14Z,2026-08-08T09:54:14Z,Classic answer,Billed,27,true,6808ed48-909f-53e4-29d2-13dc4687a57e,c7543893-3351-27d3-ff5d-12b472b30e23,bd9c66b3-ad3c-2d6d-1a3d-1fa7bc8960a9,Store Ops Assistant,3f2ad9c1-7b64-4f6a-9d8e-52c0b7a13e45,Contoso Production,Microsoft Teams,Escalated,0,1,43942549,2026-09-04T18:00:00Z,AI-FinOps-MOCK,dataverse.msdyn_aievents,2026-08-08,batch-2026-09-04,MOCK
"W/""4427937""",4be685da-60a3-6663-f984-b02f89e0e95f,2026-08-08T19:24:47Z,2026-08-08T19:24:47Z,Generative answer,Billed,80,true,0f917695-1399-69d6-d67d-9ba4638a5cdb,74abea5e-bedd-fff4-f85e-3f4ce5fad740,bd9c66b3-ad3c-2d6d-1a3d-1fa7bc8960a9,Store Ops Assistant,3f2ad9c1-7b64-4f6a-9d8e-52c0b7a13e45,Contoso Production,Custom website,Abandoned,0,1,23271144,2026-09-04T18:00:00Z,AI-FinOps-MOCK,dataverse.msdyn_aievents,2026-08-08,batch-2026-09-04,MOCK
"W/""3053680""",d9f9bf16-534d-eacf-6caf-e9a4789f7698,2026-08-08T17:16:39Z,2026-08-08T17:16:39Z,Generative answer,Billed,68,true,832abcee-f463-c0fa-51e6-79d3de1430d7,8243bbfa-8d7a-3812-9c4e-e68ee4536ee5,bd9c66b3-ad3c-2d6d-1a3d-1fa7bc8960a9,Store Ops Assistant,3f2ad9c1-7b64-4f6a-9d8e-52c0b7a13e45,Contoso Production,Microsoft Teams,Resolved,0,1,90460856,2026-09-04T18:00:00Z,AI-FinOps-MOCK,dataverse.msdyn_aievents,2026-08-08,batch-2026-09-04,MOCK
"W/""5928910""",f48ff43b-48e2-3369-19cb-9d229ff9cc0c,2026-08-08T10:30:02Z,2026-08-08T10:30:02Z,Generative answer,Zero-rated,0,false,ef37a2cd-8593-5429-1e74-2e8ea414bc6a,6a88aec7-5cf5-ed5c-cdaf-b798c2ea6bf8,bd9c66b3-ad3c-2d6d-1a3d-1fa7bc8960a9,Store Ops Assistant,3f2ad9c1-7b64-4f6a-9d8e-52c0b7a13e45,Contoso Production,Microsoft Teams,Resolved,0,1,41794271,2026-09-04T18:00:00Z,AI-FinOps-MOCK,dataverse.msdyn_aievents,2026-08-08,batch-2026-09-04,MOCK
"W/""7733952""",0c008903-94b3-52dc-2dfb-196c7faef1da,2026-08-08T18:15:07Z,2026-08-08T18:15:07Z,Generative answer,Billed,78,true,23f969f2-73c9-9dc1-3c10-f3b508e8cacd,4e8920da-ae11-a2d4-d1f2-6a34ebc34060,bd9c66b3-ad3c-2d6d-1a3d-1fa7bc8960a9,Store Ops Assistant,3f2ad9c1-7b64-4f6a-9d8e-52c0b7a13e45,Contoso Production,Custom website,Escalated,0,1,17927405,2026-09-04T18:00:00Z,AI-FinOps-MOCK,dataverse.msdyn_aievents,2026-08-08,batch-2026-09-04,MOCK
"W/""7002379""",0d6a4835-3212-ee3b-1619-8e74f937fecd,2026-08-08T18:16:07Z,2026-08-08T18:16:07Z,Generative answer,Billed,84,true,5dfc6483-53c3-6540-4c28-647f7d0b1599,08d94d08-9971-c025-f028-f99325abfb65,bd9c66b3-ad3c-2d6d-1a3d-1fa7bc8960a9,Store Ops Assistant,3f2ad9c1-7b64-4f6a-9d8e-52c0b7a13e45,Contoso Production,Custom website,Resolved,0,1,36578400,2026-09-04T18:00:00Z,AI-FinOps-MOCK,dataverse.msdyn_aievents,2026-08-08,batch-2026-09-04,MOCK
"W/""9022516""",08baea08-df6d-2da3-dd84-0a88a586e69c,2026-08-08T18:01:23Z,2026-08-08T18:01:23Z,Agent action,Billed,45,true,94d84190-3248-2331-8db3-ba52da7f0a7b,a89c9be9-d38b-747b-21a6-ad89ae97360e,bd9c66b3-ad3c-2d6d-1a3d-1fa7bc8960a9,Store Ops Assistant,3f2ad9c1-7b64-4f6a-9d8e-52c0b7a13e45,Contoso Production,Microsoft Teams,Escalated,0,1,42496689,2026-09-04T18:00:00Z,AI-FinOps-MOCK,dataverse.msdyn_aievents,2026-08-08,batch-2026-09-04,MOCK
"W/""9469712""",a065ee5e-3bec-9070-c0de-c40bdb16aaa8,2026-08-08T11:03:31Z,2026-08-08T11:03:31Z,Agent action,Billed,15,true,a45bfdfa-d72f-1f80-10f7-90f67f3a02b2,25c6dc8a-4298-8746-c96b-cd8b68d24a62,bd9c66b3-ad3c-2d6d-1a3d-1fa7bc8960a9,Store Ops Assistant,3f2ad9c1-7b64-4f6a-9d8e-52c0b7a13e45,Contoso Production,Custom website,Abandoned,0,1,46967963,2026-09-04T18:00:00Z,AI-FinOps-MOCK,dataverse.msdyn_aievents,2026-08-08,batch-2026-09-04,MOCK
"W/""6920788""",9c2806c4-7d0b-e862-ce34-9cdfa56d9b90,2026-08-08T09:09:40Z,2026-08-08T09:09:40Z,Agent action,Billed,90,true,a9129448-a9e1-de60-8911-e8dde0c8feae,2a79a3ee-b1d9-947a-d835-a8341f70ed0e,bd9c66b3-ad3c-2d6d-1a3d-1fa7bc8960a9,Store Ops Assistant,3f2ad9c1-7b64-4f6a-9d8e-52c0b7a13e45,Contoso Production,Microsoft Teams,Resolved,0,1,25753402,2026-09-04T18:00:00Z,AI-FinOps-MOCK,dataverse.msdyn_aievents,2026-08-08,batch-2026-09-04,MOCK
"W/""4103627""",5f2fea66-ac89-6a12-c117-5223adcdb75b,2026-08-08T11:03:34Z,2026-08-08T11:03:34Z,Agent action,Billed,18,true,ad013daf-e4ac-1f54-3d94-dbc167164911,4aba6c97-165e-85ae-fc2a-9599146f530d,bd9c66b3-ad3c-2d6d-1a3d-1fa7bc8960a9,Store Ops Assistant,3f2ad9c1-7b64-4f6a-9d8e-52c0b7a13e45,Contoso Production,Microsoft Teams,Resolved,0,1,22649513,2026-09-04T18:00:00Z,AI-FinOps-MOCK,dataverse.msdyn_aievents,2026-08-08,batch-2026-09-04,MOCK
"W/""5744401""",d7d6eed7-7580-4b15-2918-d4eb0e28a8b2,2026-08-09T16:51:00Z,2026-08-09T16:51:00Z,Classic answer,Billed,8,true,e45fbf0c-777c-a12f-1275-5c2569ab9b4c,19f23c17-f158-d6b0-8bbc-0b507d236b5c,bdd640fb-0667-1ad1-1c80-317fa3b1799d,HR Helpdesk Bot,3f2ad9c1-7b64-4f6a-9d8e-52c0b7a13e45,Contoso Production,Microsoft Teams,Abandoned,0,1,78825700,2026-09-04T18:00:00Z,AI-FinOps-MOCK,dataverse.msdyn_aievents,2026-08-09,batch-2026-09-04,MOCK
"W/""7259078""",255ce3a9-a95a-07a6-2335-726f41aedc7f,2026-08-09T10:14:17Z,2026-08-09T10:14:17Z,Classic answer,Billed,20,true,ab57eb90-349e-dc9a-bbba-2274c21160c3,7a3b0396-bf6e-9d38-15d4-f608a8ffc0d5,bdd640fb-0667-1ad1-1c80-317fa3b1799d,HR Helpdesk Bot,3f2ad9c1-7b64-4f6a-9d8e-52c0b7a13e45,Contoso Production,Custom website,Escalated,0,1,79375234,2026-09-04T18:00:00Z,AI-FinOps-MOCK,dataverse.msdyn_aievents,2026-08-09,batch-2026-09-04,MOCK
"W/""5601447""",6a477618-79a1-84f9-28fd-b354f40cf8c9,2026-08-09T10:51:07Z,2026-08-09T10:51:07Z,Classic answer,Zero-rated,0,false,56ae4a37-6e89-d04e-a6c4-ca015cf2d9a6,7a4df83a-0583-4954-d4d4-13e7701f6eba,bdd640fb-0667-1ad1-1c80-317fa3b1799d,HR Helpdesk Bot,3f2ad9c1-7b64-4f6a-9d8e-52c0b7a13e45,Contoso Production,Web chat,Resolved,0,1,19067589,2026-09-04T18:00:00Z,AI-FinOps-MOCK,dataverse.msdyn_aievents,2026-08-09,batch-2026-09-04,MOCK
"W/""6252222""",106d3a06-239f-f129-ada9-71650e15c175,2026-08-09T14:13:55Z,2026-08-09T14:13:55Z,Classic answer,Billed,12,true,e829155a-1519-6e3b-2ff0-124148a75792,1eca45ae-a6ae-17a4-6093-8b7c05d7a18f,bdd640fb-0667-1ad1-1c80-317fa3b1799d,HR Helpdesk Bot,3f2ad9c1-7b64-4f6a-9d8e-52c0b7a13e45,Contoso Production,Microsoft Teams,Escalated,0,1,19296433,2026-09-04T18:00:00Z,AI-FinOps-MOCK,dataverse.msdyn_aievents,2026-08-09,batch-2026-09-04,MOCK
"W/""9445197""",aed2f8b2-065a-1e3a-01ac-65952fae5b1d,2026-08-09T12:20:21Z,2026-08-09T12:20:21Z,Generative answer,Billed,58,true,10775b9a-c1ab-3ce3-4135-16e4929c3a32,453beb79-c961-2afa-2089-499db146f076,bdd640fb-0667-1ad1-1c80-317fa3b1799d,HR Helpdesk Bot,3f2ad9c1-7b64-4f6a-9d8e-52c0b7a13e45,Contoso Production,Web chat,Escalated,0,1,26700920,2026-09-04T18:00:00Z,AI-FinOps-MOCK,dataverse.msdyn_aievents,2026-08-09,batch-2026-09-04,MOCK
"W/""6580458""",00a0174e-76f8-6881-c86e-49073f577cd7,2026-08-09T12:52:26Z,2026-08-09T12:52:26Z,Generative answer,Billed,86,true,beda0084-37c1-66aa-26f6-93bf9fe67dda,9ba91c81-7890-8c6f-ab21-df6482f75092,bdd640fb-0667-1ad1-1c80-317fa3b1799d,HR Helpdesk Bot,3f2ad9c1-7b64-4f6a-9d8e-52c0b7a13e45,Contoso Production,Custom website,Resolved,0,1,34567364,2026-09-04T18:00:00Z,AI-FinOps-MOCK,dataverse.msdyn_aievents,2026-08-09,batch-2026-09-04,MOCK
"W/""8399472""",98f8e8de-0647-aa0c-d6eb-bea47080776e,2026-08-09T11:45:24Z,2026-08-09T11:45:24Z,Agent action,Billed,156,true,5ee10ab2-d1dd-e1b5-917a-96e38d1f6a9b,fc67ce5a-4c53-b31f-ddf1-8860342562b4,bdd640fb-0667-1ad1-1c80-317fa3b1799d,HR Helpdesk Bot,3f2ad9c1-7b64-4f6a-9d8e-52c0b7a13e45,Contoso Production,Microsoft Teams,Escalated,0,1,18905993,2026-09-04T18:00:00Z,AI-FinOps-MOCK,dataverse.msdyn_aievents,2026-08-09,batch-2026-09-04,MOCK
"W/""6314971""",175c928b-da94-a440-8895-538f8026e6c2,2026-08-09T11:51:45Z,2026-08-09T11:51:45Z,Agent action,Billed,36,true,5f97082f-1ee9-b617-2835-bbc3ada8668e,ececd991-c28e-accc-ebf8-5a8d5fc7f1d3,bdd640fb-0667-1ad1-1c80-317fa3b1799d,HR Helpdesk Bot,3f2ad9c1-7b64-4f6a-9d8e-52c0b7a13e45,Contoso Production,Web chat,Resolved,0,1,45446035,2026-09-04T18:00:00Z,AI-FinOps-MOCK,dataverse.msdyn_aievents,2026-08-09,batch-2026-09-04,MOCK
"W/""9474404""",035c8f82-343d-fca1-1f8a-c3a778f7c994,2026-08-09T11:55:00Z,2026-08-09T11:55:00Z,Agent action,Billed,132,true,177a6838-677c-e7b7-1a24-df79c26f0a01,f513c9d5-85d5-02ef-8e45-bad2dfd7d89a,bdd640fb-0667-1ad1-1c80-317fa3b1799d,HR Helpdesk Bot,3f2ad9c1-7b64-4f6a-9d8e-52c0b7a13e45,Contoso Production,Microsoft Teams,Escalated,0,1,19231279,2026-09-04T18:00:00Z,AI-FinOps-MOCK,dataverse.msdyn_aievents,2026-08-09,batch-2026-09-04,MOCK
"W/""7459441""",aba38e8f-971a-c8ee-0cc7-dd371f62b44a,2026-08-09T09:42:08Z,2026-08-09T09:42:08Z,Classic answer,Billed,16,true,6cd4532e-0128-a794-a386-70e6b2cfd3bb,b51043a0-0c6c-4036-1e4e-9191b0959c1d,23b8c1e9-3924-56de-3eb1-3b9046685257,Claims Triage Agent,3f2ad9c1-7b64-4f6a-9d8e-52c0b7a13e45,Contoso Production,Microsoft Teams,Abandoned,0,1,86708409,2026-09-04T18:00:00Z,AI-FinOps-MOCK,dataverse.msdyn_aievents,2026-08-09,batch-2026-09-04,MOCK
"W/""8879438""",319a0c35-0675-f5b3-82e1-3dad705d5446,2026-08-09T15:17:26Z,2026-08-09T15:17:26Z,Classic answer,Billed,29,true,31c30fa5-c851-1e32-9245-e22248c00d79,3b9c7cd3-cc88-6bb0-6f8e-13e51ad32f01,23b8c1e9-3924-56de-3eb1-3b9046685257,Claims Triage Agent,3f2ad9c1-7b64-4f6a-9d8e-52c0b7a13e45,Contoso Production,Custom website,Abandoned,0,1,38875389,2026-09-04T18:00:00Z,AI-FinOps-MOCK,dataverse.msdyn_aievents,2026-08-09,batch-2026-09-04,MOCK
"W/""1495334""",4cbcbd8c-7098-8f6b-5774-9ca08ab51c90,2026-08-09T13:28:19Z,2026-08-09T13:28:19Z,Generative answer,Billed,56,true,15583d71-7cd3-d2aa-e34a-d0d0fc8da237,51dc5ef0-1b72-2a98-7148-7a667db475f8,23b8c1e9-3924-56de-3eb1-3b9046685257,Claims Triage Agent,3f2ad9c1-7b64-4f6a-9d8e-52c0b7a13e45,Contoso Production,Web chat,Escalated,0,1,49163912,2026-09-04T18:00:00Z,AI-FinOps-MOCK,dataverse.msdyn_aievents,2026-08-09,batch-2026-09-04,MOCK
"W/""3559959""",c77d367e-4304-e628-b69d-297b26abff6e,2026-08-09T14:16:15Z,2026-08-09T14:16:15Z,Generative answer,Billed,98,true,3b93657c-62ea-9b85-9655-5f206462db94,f0a18322-88be-9cf7-cf5b-51141b59358a,23b8c1e9-3924-56de-3eb1-3b9046685257,Claims Triage Agent,3f2ad9c1-7b64-4f6a-9d8e-52c0b7a13e45,Contoso Production,Custom website,Resolved,0,1,53659605,2026-09-04T18:00:00Z,AI-FinOps-MOCK,dataverse.msdyn_aievents,2026-08-09,batch-2026-09-04,MOCK
"W/""4302377""",a19c3c9d-a531-6e09-f94e-8050b40d046e,2026-08-09T17:26:00Z,2026-08-09T17:26:00Z,Generative answer,Billed,86,true,4063fe9f-33c3-b4f5-6350-783628d6192e,2653feef-995e-2d90-0d51-8457323fc320,23b8c1e9-3924-56de-3eb1-3b9046685257,Claims Triage Agent,3f2ad9c1-7b64-4f6a-9d8e-52c0b7a13e45,Contoso Production,Web chat,Resolved,0,1,12615515,2026-09-04T18:00:00Z,AI-FinOps-MOCK,dataverse.msdyn_aievents,2026-08-09,batch-2026-09-04,MOCK
"W/""2869436""",253269bf-58ea-28fc-e91e-1b34ce41ae8b,2026-08-09T10:16:01Z,2026-08-09T10:16:01Z,Generative answer,Billed,74,true,35156681-c463-7518-7353-802511fe14e2,114452a7-0cfc-6744-1c3d-4db48a2816f9,23b8c1e9-3924-56de-3eb1-3b9046685257,Claims Triage Agent,3f2ad9c1-7b64-4f6a-9d8e-52c0b7a13e45,Contoso Production,Custom website,Abandoned,0,1,92477803,2026-09-04T18:00:00Z,AI-FinOps-MOCK,dataverse.msdyn_aievents,2026-08-09,batch-2026-09-04,MOCK
"W/""5776805""",579fb5dc-1937-8622-7a2c-83faca057ebc,2026-08-09T19:40:11Z,2026-08-09T19:40:11Z,Agent action,Billed,54,true,8e9bc438-5773-7d0a-2993-ffbca8f70927,dd9bc547-fcf0-6884-f212-22b2f2d6040a,23b8c1e9-3924-56de-3eb1-3b9046685257,Claims Triage Agent,3f2ad9c1-7b64-4f6a-9d8e-52c0b7a13e45,Contoso Production,Custom website,Abandoned,0,1,91504181,2026-09-04T18:00:00Z,AI-FinOps-MOCK,dataverse.msdyn_aievents,2026-08-09,batch-2026-09-04,MOCK
"W/""4925352""",1a67e011-309f-0712-0f75-d6a79d548715,2026-08-09T15:56:52Z,2026-08-09T15:56:52Z,Agent action,Billed,90,true,72110d2e-91a7-8f1d-6340-f38ec1527fe9,852989bf-d6c2-46dc-2d21-bc47c712175d,23b8c1e9-3924-56de-3eb1-3b9046685257,Claims Triage Agent,3f2ad9c1-7b64-4f6a-9d8e-52c0b7a13e45,Contoso Production,Microsoft Teams,Abandoned,0,1,78460286,2026-09-04T18:00:00Z,AI-FinOps-MOCK,dataverse.msdyn_aievents,2026-08-09,batch-2026-09-04,MOCK
"W/""8667844""",4a03bf88-dba7-026b-cafd-c7e73de699fd,2026-08-09T16:16:02Z,2026-08-09T16:16:02Z,Agent action,Billed,180,true,053a561e-9257-f9f2-153a-dbf43a9714c5,ae7d2e2c-c964-a565-ee62-ab17e93df3c4,23b8c1e9-3924-56de-3eb1-3b9046685257,Claims Triage Agent,3f2ad9c1-7b64-4f6a-9d8e-52c0b7a13e45,Contoso Production,Custom website,Escalated,0,1,94251843,2026-09-04T18:00:00Z,AI-FinOps-MOCK,dataverse.msdyn_aievents,2026-08-09,batch-2026-09-04,MOCK
"W/""9651607""",b51ff20f-6f73-80be-b566-2a0de0f914a6,2026-08-09T12:25:39Z,2026-08-09T12:25:39Z,Agent action,Billed,54,true,8cc969de-af4e-7d39-56f7-1f53761660a6,0f8e92e8-7947-d846-983c-1431d0dc7ed7,23b8c1e9-3924-56de-3eb1-3b9046685257,Claims Triage Agent,3f2ad9c1-7b64-4f6a-9d8e-52c0b7a13e45,Contoso Production,Microsoft Teams,Escalated,0,1,48494274,2026-09-04T18:00:00Z,AI-FinOps-MOCK,dataverse.msdyn_aievents,2026-08-09,batch-2026-09-04,MOCK
"W/""9273027""",e830ddb7-f5cb-676b-9ed4-984c0a2102dc,2026-08-09T10:42:40Z,2026-08-09T10:42:40Z,Agent action,Billed,141,true,5fcfd9cb-5e25-4ecb-db2e-e589b8e69a48,a6cb2b7c-e096-57e4-748b-674679c24680,23b8c1e9-3924-56de-3eb1-3b9046685257,Claims Triage Agent,3f2ad9c1-7b64-4f6a-9d8e-52c0b7a13e45,Contoso Production,Microsoft Teams,Resolved,0,1,16297186,2026-09-04T18:00:00Z,AI-FinOps-MOCK,dataverse.msdyn_aievents,2026-08-09,batch-2026-09-04,MOCK
"W/""1875649""",45fd3569-6ea0-9d4d-9385-9be58dd4a1f2,2026-08-09T16:51:33Z,2026-08-09T16:51:33Z,Classic answer,Billed,31,true,b6edcfe6-e9c2-8708-503f-e1c6387f8b7d,d786e200-3efd-431a-f253-1578c08bd7fb,bd9c66b3-ad3c-2d6d-1a3d-1fa7bc8960a9,Store Ops Assistant,3f2ad9c1-7b64-4f6a-9d8e-52c0b7a13e45,Contoso Production,Custom website,Resolved,0,1,14268380,2026-09-04T18:00:00Z,AI-FinOps-MOCK,dataverse.msdyn_aievents,2026-08-09,batch-2026-09-04,MOCK
"W/""2327639""",92543531-c8fb-bbc5-dfec-17e529e8fe14,2026-08-09T15:26:28Z,2026-08-09T15:26:28Z,Classic answer,Zero-rated,0,false,fad85e23-a6ec-34e6-ec8e-f28d44d402e5,e435edcd-13b8-e4ec-bac3-96344095b08f,bd9c66b3-ad3c-2d6d-1a3d-1fa7bc8960a9,Store Ops Assistant,3f2ad9c1-7b64-4f6a-9d8e-52c0b7a13e45,Contoso Production,Microsoft Teams,Escalated,0,1,39623965,2026-09-04T18:00:00Z,AI-FinOps-MOCK,dataverse.msdyn_aievents,2026-08-09,batch-2026-09-04,MOCK
"W/""9282355""",71d19595-ce0f-f1c3-0e6f-35d5b99d6c74,2026-08-09T09:09:44Z,2026-08-09T09:09:44Z,Classic answer,Billed,44,true,666e5d70-62bd-c508-e530-a2a33180138e,f7491a01-f8fc-1026-0d39-74642dba42dc,bd9c66b3-ad3c-2d6d-1a3d-1fa7bc8960a9,Store Ops Assistant,3f2ad9c1-7b64-4f6a-9d8e-52c0b7a13e45,Contoso Production,Web chat,Abandoned,0,1,30313559,2026-09-04T18:00:00Z,AI-FinOps-MOCK,dataverse.msdyn_aievents,2026-08-09,batch-2026-09-04,MOCK
"W/""1197111""",f47649ad-94dc-12f3-9114-5e06d34df750,2026-08-09T12:29:59Z,2026-08-09T12:29:59Z,Classic answer,Billed,21,true,7877eb1b-6dce-6030-f386-6294c3621c18,74192c56-0375-fda8-5d5a-e17d428d92f6,bd9c66b3-ad3c-2d6d-1a3d-1fa7bc8960a9,Store Ops Assistant,3f2ad9c1-7b64-4f6a-9d8e-52c0b7a13e45,Contoso Production,Microsoft Teams,Escalated,0,1,29480702,2026-09-04T18:00:00Z,AI-FinOps-MOCK,dataverse.msdyn_aievents,2026-08-09,batch-2026-09-04,MOCK
"W/""6826342""",55204608-5d50-bf24-ceb5-fa50ac9c95f9,2026-08-09T10:27:43Z,2026-08-09T10:27:43Z,Generative answer,Billed,54,true,f216be3f-71b1-72c3-a1e5-0ef3b110f255,6862e99a-71ab-54cd-eeb0-50e056be9c9c,bd9c66b3-ad3c-2d6d-1a3d-1fa7bc8960a9,Store Ops Assistant,3f2ad9c1-7b64-4f6a-9d8e-52c0b7a13e45,Contoso Production,Custom website,Abandoned,0,1,26462241,2026-09-04T18:00:00Z,AI-FinOps-MOCK,dataverse.msdyn_aievents,2026-08-09,batch-2026-09-04,MOCK
"W/""7001588""",afb7654a-5215-60a9-d6fa-61f46b5c6574,2026-08-09T08:02:55Z,2026-08-09T08:02:55Z,Generative answer,Zero-rated,0,false,3e6b5c2b-efb1-0ed7-588f-6e35510822fc,40858b60-aa01-e668-bfe6-6bb30c73898b,bd9c66b3-ad3c-2d6d-1a3d-1fa7bc8960a9,Store Ops Assistant,3f2ad9c1-7b64-4f6a-9d8e-52c0b7a13e45,Contoso Production,Microsoft Teams,Escalated,0,1,47332246,2026-09-04T18:00:00Z,AI-FinOps-MOCK,dataverse.msdyn_aievents,2026-08-09,batch-2026-09-04,MOCK
"W/""3648583""",dba47421-730a-c73c-a96a-7846e2e8604b,2026-08-09T11:33:29Z,2026-08-09T11:33:29Z,Generative answer,Billed,86,true,e76e6d65-a748-7eaf-79b4-6d8b027835b7,36f079d8-b7bc-35ed-9b22-80785c884d5d,bd9c66b3-ad3c-2d6d-1a3d-1fa7bc8960a9,Store Ops Assistant,3f2ad9c1-7b64-4f6a-9d8e-52c0b7a13e45,Contoso Production,Microsoft Teams,Escalated,0,1,93109503,2026-09-04T18:00:00Z,AI-FinOps-MOCK,dataverse.msdyn_aievents,2026-08-09,batch-2026-09-04,MOCK
"W/""3172621""",8b758df7-2680-6fc8-b033-70793f353e4d,2026-08-09T16:19:16Z,2026-08-09T16:19:16Z,Agent action,Billed,51,true,be6ffd89-18d3-9ccd-0338-ca3296f69cc6,6582fc32-0964-452f-1000-8d0c78b345b3,bd9c66b3-ad3c-2d6d-1a3d-1fa7bc8960a9,Store Ops Assistant,3f2ad9c1-7b64-4f6a-9d8e-52c0b7a13e45,Contoso Production,Microsoft Teams,Escalated,0,1,80477145,2026-09-04T18:00:00Z,AI-FinOps-MOCK,dataverse.msdyn_aievents,2026-08-09,batch-2026-09-04,MOCK
"W/""9760372""",3e2415e0-cf49-431e-967f-a486cf552ad0,2026-08-09T09:34:27Z,2026-08-09T09:34:27Z,Agent action,Billed,147,true,af6b2025-958b-5fd9-3600-dcd88b26eb8f,ba6b2015-edfc-6a45-d7e6-5f12b43f9e37,bd9c66b3-ad3c-2d6d-1a3d-1fa7bc8960a9,Store Ops Assistant,3f2ad9c1-7b64-4f6a-9d8e-52c0b7a13e45,Contoso Production,Web chat,Escalated,0,1,35628453,2026-09-04T18:00:00Z,AI-FinOps-MOCK,dataverse.msdyn_aievents,2026-08-09,batch-2026-09-04,MOCK
"W/""2305215""",48ea7845-8f05-dab2-d5a7-086a22364d55,2026-08-09T15:44:44Z,2026-08-09T15:44:44Z,Agent action,Billed,78,true,c2069217-37d7-f019-cf19-3b980e2f5695,0fe5cb38-c112-9a1c-434b-221781dbcf3d,bd9c66b3-ad3c-2d6d-1a3d-1fa7bc8960a9,Store Ops Assistant,3f2ad9c1-7b64-4f6a-9d8e-52c0b7a13e45,Contoso Production,Web chat,Abandoned,0,1,81112044,2026-09-04T18:00:00Z,AI-FinOps-MOCK,dataverse.msdyn_aievents,2026-08-09,batch-2026-09-04,MOCK
"W/""2553937""",1d2b1c91-cfa4-c114-32d1-cde09140df77,2026-08-10T17:47:56Z,2026-08-10T17:47:56Z,Classic answer,Billed,21,true,381b4cbd-761b-cd2c-a6df-f6968c07fad0,312e673b-bd65-abbe-3baf-5a24213c5923,bdd640fb-0667-1ad1-1c80-317fa3b1799d,HR Helpdesk Bot,3f2ad9c1-7b64-4f6a-9d8e-52c0b7a13e45,Contoso Production,Web chat,Resolved,0,1,86099638,2026-09-04T18:00:00Z,AI-FinOps-MOCK,dataverse.msdyn_aievents,2026-08-10,batch-2026-09-04,MOCK
"W/""4170968""",45fa87c8-4e00-af93-3f14-45e1d75eee94,2026-08-10T17:26:08Z,2026-08-10T17:26:08Z,Classic answer,Billed,8,true,f7a4a6b4-5d27-1ef5-acd0-2d93069f076f,9107d102-ba6d-233b-bf8a-7b94dbe94e22,bdd640fb-0667-1ad1-1c80-317fa3b1799d,HR Helpdesk Bot,3f2ad9c1-7b64-4f6a-9d8e-52c0b7a13e45,Contoso Production,Custom website,Abandoned,0,1,99710778,2026-09-04T18:00:00Z,AI-FinOps-MOCK,dataverse.msdyn_aievents,2026-08-10,batch-2026-09-04,MOCK
"W/""4934245""",35c5260e-3252-a60f-f787-1f243e391d56,2026-08-10T16:46:39Z,2026-08-10T16:46:39Z,Classic answer,Billed,60,true,7c956f81-8570-a421-adf5-6e12721d0111,3ad17bfa-a886-517f-ab26-aa3f3458cda5,bdd640fb-0667-1ad1-1c80-317fa3b1799d,HR Helpdesk Bot,3f2ad9c1-7b64-4f6a-9d8e-52c0b7a13e45,Contoso Production,Web chat,Abandoned,0,1,80377919,2026-09-04T18:00:00Z,AI-FinOps-MOCK,dataverse.msdyn_aievents,2026-08-10,batch-2026-09-04,MOCK
"W/""9907653""",91888173-56ec-4488-b0d5-8f5e9a2ff264,2026-08-10T16:10:39Z,2026-08-10T16:10:39Z,Classic answer,Zero-rated,0,false,487b4a61-115c-8850-80f7-9d6bbf7115f6,0316365c-8947-d541-8478-d249f4421c2d,bdd640fb-0667-1ad1-1c80-317fa3b1799d,HR Helpdesk Bot,3f2ad9c1-7b64-4f6a-9d8e-52c0b7a13e45,Contoso Production,Web chat,Abandoned,0,1,54866916,2026-09-04T18:00:00Z,AI-FinOps-MOCK,dataverse.msdyn_aievents,2026-08-10,batch-2026-09-04,MOCK
"W/""7767389""",fe5572ba-d87c-a5e5-2223-21c34d0f1027,2026-08-10T14:31:17Z,2026-08-10T14:31:17Z,Classic answer,Zero-rated,0,false,32ebb6a2-766d-262f-2ed4-f03ee0eb1a02,3d5a90cf-6a42-8fe9-0985-cbf90d647ddc,bdd640fb-0667-1ad1-1c80-317fa3b1799d,HR Helpdesk Bot,3f2ad9c1-7b64-4f6a-9d8e-52c0b7a13e45,Contoso Production,Web chat,Escalated,0,1,72170909,2026-09-04T18:00:00Z,AI-FinOps-MOCK,dataverse.msdyn_aievents,2026-08-10,batch-2026-09-04,MOCK
"W/""3357717""",0b7b78b3-a04a-c82d-e9b9-5c6887ca71ca,2026-08-10T15:03:18Z,2026-08-10T15:03:18Z,Generative answer,Billed,76,true,ab05f2ed-ed49-6551-4567-2b09f7f0d99f,9c0393cf-f8b8-0e95-e5d0-60008a76b7f3,bdd640fb-0667-1ad1-1c80-317fa3b1799d,HR Helpdesk Bot,3f2ad9c1-7b64-4f6a-9d8e-52c0b7a13e45,Contoso Production,Microsoft Teams,Abandoned,0,1,28911723,2026-09-04T18:00:00Z,AI-FinOps-MOCK,dataverse.msdyn_aievents,2026-08-10,batch-2026-09-04,MOCK
"W/""4598382""",74901657-a89b-dd6a-a2b4-322c321343c5,2026-08-10T12:28:27Z,2026-08-10T12:28:27Z,Generative answer,Billed,90,true,9280c5dc-9a38-9dc3-c5a8-24697d14ddd0,04d91b42-82a3-b897-3d52-89ffe206a638,bdd640fb-0667-1ad1-1c80-317fa3b1799d,HR Helpdesk Bot,3f2ad9c1-7b64-4f6a-9d8e-52c0b7a13e45,Contoso Production,Web chat,Escalated,0,1,15467904,2026-09-04T18:00:00Z,AI-FinOps-MOCK,dataverse.msdyn_aievents,2026-08-10,batch-2026-09-04,MOCK
"W/""1183328""",1bc4784a-9795-524c-4536-012cea987c73,2026-08-10T11:29:27Z,2026-08-10T11:29:27Z,Agent action,Billed,15,true,bcc3e799-191c-9b0a-e571-765596156e3e,77cb2a07-90a7-7c03-9844-d96a7e3e7d12,bdd640fb-0667-1ad1-1c80-317fa3b1799d,HR Helpdesk Bot,3f2ad9c1-7b64-4f6a-9d8e-52c0b7a13e45,Contoso Production,Microsoft Teams,Escalated,0,1,71096841,2026-09-04T18:00:00Z,AI-FinOps-MOCK,dataverse.msdyn_aievents,2026-08-10,batch-2026-09-04,MOCK
"W/""2672581""",bb4ff325-0d5c-ec15-8111-6fde053c99ac,2026-08-10T18:28:13Z,2026-08-10T18:28:13Z,Agent action,Billed,177,true,11d2c097-be58-8941-7cec-ae382c5d15df,6c128b4b-f386-c230-3a62-8422fa5d7be9,bdd640fb-0667-1ad1-1c80-317fa3b1799d,HR Helpdesk Bot,3f2ad9c1-7b64-4f6a-9d8e-52c0b7a13e45,Contoso Production,Microsoft Teams,Resolved,0,1,52626462,2026-09-04T18:00:00Z,AI-FinOps-MOCK,dataverse.msdyn_aievents,2026-08-10,batch-2026-09-04,MOCK
"W/""5181038""",12fa0d85-2242-c878-20dc-c024260d0cea,2026-08-10T09:36:00Z,2026-08-10T09:36:00Z,Classic answer,Billed,23,true,b295e3aa-d31e-7fc3-386f-20441debc657,9dc15aa2-6d33-6b0f-8216-7b7181c0d80f,23b8c1e9-3924-56de-3eb1-3b9046685257,Claims Triage Agent,3f2ad9c1-7b64-4f6a-9d8e-52c0b7a13e45,Contoso Production,Custom website,Abandoned,0,1,19128676,2026-09-04T18:00:00Z,AI-FinOps-MOCK,dataverse.msdyn_aievents,2026-08-10,batch-2026-09-04,MOCK
"W/""1243265""",146e8f2a-4efa-6160-cb76-02449da17db3,2026-08-10T08:56:30Z,2026-08-10T08:56:30Z,Classic answer,Billed,32,true,526460d3-94e8-b366-c0ed-46eab0e7ce93,28d33d36-7ef4-f20c-fc7e-2f36fbedaaca,23b8c1e9-3924-56de-3eb1-3b9046685257,Claims Triage Agent,3f2ad9c1-7b64-4f6a-9d8e-52c0b7a13e45,Contoso Production,Web chat,Resolved,0,1,65167096,2026-09-04T18:00:00Z,AI-FinOps-MOCK,dataverse.msdyn_aievents,2026-08-10,batch-2026-09-04,MOCK
"W/""5293117""",3568f4f2-cb9a-a74b-b2a0-37dd59afea97,2026-08-10T16:42:40Z,2026-08-10T16:42:40Z,Classic answer,Billed,52,true,f7252068-9109-be91-63d6-458bb9dbb178,12f3ffaf-a93a-80bf-fa46-7b4282318e08,23b8c1e9-3924-56de-3eb1-3b9046685257,Claims Triage Agent,3f2ad9c1-7b64-4f6a-9d8e-52c0b7a13e45,Contoso Production,Custom website,Resolved,0,1,56881296,2026-09-04T18:00:00Z,AI-FinOps-MOCK,dataverse.msdyn_aievents,2026-08-10,batch-2026-09-04,MOCK
"W/""4724474""",4930dd0f-d778-72a2-7f34-9c854b3d2fe9,2026-08-10T12:00:23Z,2026-08-10T12:00:23Z,Classic answer,Billed,60,true,d2d6ad6d-e5b8-c1f8-2ec5-1d2a91ef67f2,f23283ea-cec3-67da-d347-f393a3e988e7,23b8c1e9-3924-56de-3eb1-3b9046685257,Claims Triage Agent,3f2ad9c1-7b64-4f6a-9d8e-52c0b7a13e45,Contoso Production,Microsoft Teams,Resolved,0,1,82440359,2026-09-04T18:00:00Z,AI-FinOps-MOCK,dataverse.msdyn_aievents,2026-08-10,batch-2026-09-04,MOCK
"W/""4897763""",5b8fd526-67f8-9de5-5aa5-756a45314a6d,2026-08-10T19:39:37Z,2026-08-10T19:39:37Z,Generative answer,Billed,70,true,96fac66b-3971-1426-de6f-7384124f6f60,7828dd3c-d682-8b5a-06c1-5db5aa92aa1c,23b8c1e9-3924-56de-3eb1-3b9046685257,Claims Triage Agent,3f2ad9c1-7b64-4f6a-9d8e-52c0b7a13e45,Contoso Production,Custom website,Resolved,0,1,62101937,2026-09-04T18:00:00Z,AI-FinOps-MOCK,dataverse.msdyn_aievents,2026-08-10,batch-2026-09-04,MOCK
"W/""5178187""",601bf877-9d66-80f0-39a1-e914bb6d4313,2026-08-10T18:53:20Z,2026-08-10T18:53:20Z,Generative answer,Billed,48,true,92e6ada8-ba37-5872-5123-3a1321bfc3b8,70d2ebc1-1404-44be-90a6-991197e2eeb9,23b8c1e9-3924-56de-3eb1-3b9046685257,Claims Triage Agent,3f2ad9c1-7b64-4f6a-9d8e-52c0b7a13e45,Contoso Production,Custom website,Resolved,0,1,97688828,2026-09-04T18:00:00Z,AI-FinOps-MOCK,dataverse.msdyn_aievents,2026-08-10,batch-2026-09-04,MOCK
"W/""8592868""",dbe12a19-dafb-e7d3-7b53-defd3c17aed2,2026-08-10T10:55:08Z,2026-08-10T10:55:08Z,Agent action,Billed,75,true,23ae9eb9-bb01-9bdb-294b-3bf9b385f522,e6d1c2fd-3317-f584-69e1-ce25e927932c,23b8c1e9-3924-56de-3eb1-3b9046685257,Claims Triage Agent,3f2ad9c1-7b64-4f6a-9d8e-52c0b7a13e45,Contoso Production,Custom website,Escalated,0,1,24985096,2026-09-04T18:00:00Z,AI-FinOps-MOCK,dataverse.msdyn_aievents,2026-08-10,batch-2026-09-04,MOCK
"W/""2061514""",8c682d20-fbf0-615e-c1bb-0d93315eaac1,2026-08-10T09:24:35Z,2026-08-10T09:24:35Z,Agent action,Billed,102,true,8688e6cd-56d7-081c-3081-f15dd59071f6,81c44ad1-7e00-a894-c956-add71a8d2709,23b8c1e9-3924-56de-3eb1-3b9046685257,Claims Triage Agent,3f2ad9c1-7b64-4f6a-9d8e-52c0b7a13e45,Contoso Production,Microsoft Teams,Resolved,0,1,58173282,2026-09-04T18:00:00Z,AI-FinOps-MOCK,dataverse.msdyn_aievents,2026-08-10,batch-2026-09-04,MOCK
"W/""6268579""",89022ee8-a4b0-12df-f090-207374221acb,2026-08-10T13:00:12Z,2026-08-10T13:00:12Z,Agent action,Billed,138,true,2d8dac3e-4f88-6252-5dce-9f5c362c409f,ef5b3b69-1dd1-6f8c-c031-c7f8124c9123,23b8c1e9-3924-56de-3eb1-3b9046685257,Claims Triage Agent,3f2ad9c1-7b64-4f6a-9d8e-52c0b7a13e45,Contoso Production,Custom website,Resolved,0,1,97459142,2026-09-04T18:00:00Z,AI-FinOps-MOCK,dataverse.msdyn_aievents,2026-08-10,batch-2026-09-04,MOCK
"W/""5392835""",542e1e8b-0f7a-9eee-05eb-0cff4bf84d76,2026-08-10T14:05:19Z,2026-08-10T14:05:19Z,Classic answer,Billed,55,true,7cd62be9-91a9-86a0-9594-e26c752dd548,38785f10-4d88-e9d3-8c72-20799ac37e3b,bd9c66b3-ad3c-2d6d-1a3d-1fa7bc8960a9,Store Ops Assistant,3f2ad9c1-7b64-4f6a-9d8e-52c0b7a13e45,Contoso Production,Microsoft Teams,Escalated,0,1,33005173,2026-09-04T18:00:00Z,AI-FinOps-MOCK,dataverse.msdyn_aievents,2026-08-10,batch-2026-09-04,MOCK
"W/""1217946""",6f521045-4e14-7c15-775e-87a7adba10b0,2026-08-10T17:05:07Z,2026-08-10T17:05:07Z,Classic answer,Billed,50,true,0a5918df-efff-ba21-574b-3c2759db3350,d3d5d0b3-c368-437b-5e96-d04967e53a60,bd9c66b3-ad3c-2d6d-1a3d-1fa7bc8960a9,Store Ops Assistant,3f2ad9c1-7b64-4f6a-9d8e-52c0b7a13e45,Contoso Production,Microsoft Teams,Resolved,0,1,34091844,2026-09-04T18:00:00Z,AI-FinOps-MOCK,dataverse.msdyn_aievents,2026-08-10,batch-2026-09-04,MOCK
"W/""7796850""",29a6eaf7-a6d1-68ce-58d4-0871ca6c67bd,2026-08-10T08:01:27Z,2026-08-10T08:01:27Z,Classic answer,Billed,60,true,4da1e3ea-0cea-5ddb-280e-b97e304ed754,a44be3a3-05ac-5b6b-d560-509622ccbf4f,bd9c66b3-ad3c-2d6d-1a3d-1fa7bc8960a9,Store Ops Assistant,3f2ad9c1-7b64-4f6a-9d8e-52c0b7a13e45,Contoso Production,Web chat,Resolved,0,1,29879437,2026-09-04T18:00:00Z,AI-FinOps-MOCK,dataverse.msdyn_aievents,2026-08-10,batch-2026-09-04,MOCK
"W/""9756724""",4bcedda0-fe75-d605-fb33-e170f02a7ca9,2026-08-10T08:16:10Z,2026-08-10T08:16:10Z,Classic answer,Billed,34,true,0c6f80b8-50f2-eaaa-fb4f-22b380462efc,674a1e0d-337f-cb6c-1347-e608fdfdc4fb,bd9c66b3-ad3c-2d6d-1a3d-1fa7bc8960a9,Store Ops Assistant,3f2ad9c1-7b64-4f6a-9d8e-52c0b7a13e45,Contoso Production,Web chat,Resolved,0,1,49688588,2026-09-04T18:00:00Z,AI-FinOps-MOCK,dataverse.msdyn_aievents,2026-08-10,batch-2026-09-04,MOCK
"W/""1896162""",51362ff0-8723-8fdd-05a1-3387d895a1cc,2026-08-10T11:09:46Z,2026-08-10T11:09:46Z,Generative answer,Zero-rated,0,false,8cd3b7e4-b076-7aa8-bdd3-d471e5176c62,71557da7-e31f-71ec-d2cf-f14fae019a88,bd9c66b3-ad3c-2d6d-1a3d-1fa7bc8960a9,Store Ops Assistant,3f2ad9c1-7b64-4f6a-9d8e-52c0b7a13e45,Contoso Production,Web chat,Resolved,0,1,18710542,2026-09-04T18:00:00Z,AI-FinOps-MOCK,dataverse.msdyn_aievents,2026-08-10,batch-2026-09-04,MOCK
"W/""5993101""",4e708e67-6000-0abb-a94c-d1cb46d8030e,2026-08-10T10:24:38Z,2026-08-10T10:24:38Z,Generative answer,Billed,38,true,203c7799-0505-82e9-1959-5732383eea26,e1e9c802-bd1e-b048-1db6-e10f96a85047,bd9c66b3-ad3c-2d6d-1a3d-1fa7bc8960a9,Store Ops Assistant,3f2ad9c1-7b64-4f6a-9d8e-52c0b7a13e45,Contoso Production,Microsoft Teams,Resolved,0,1,85709573,2026-09-04T18:00:00Z,AI-FinOps-MOCK,dataverse.msdyn_aievents,2026-08-10,batch-2026-09-04,MOCK
"W/""4591194""",1d33803e-7e31-79ae-5be2-e81ba15dcc5e,2026-08-10T13:58:33Z,2026-08-10T13:58:33Z,Generative answer,Billed,92,true,f6cc2116-ea88-c0de-b3b3-990ca4d86df6,8560ad5e-e3cb-aaf7-785e-1e42e32cd240,bd9c66b3-ad3c-2d6d-1a3d-1fa7bc8960a9,Store Ops Assistant,3f2ad9c1-7b64-4f6a-9d8e-52c0b7a13e45,Contoso Production,Web chat,Resolved,0,1,11725658,2026-09-04T18:00:00Z,AI-FinOps-MOCK,dataverse.msdyn_aievents,2026-08-10,batch-2026-09-04,MOCK
"W/""9302080""",8e6a6f58-4031-4741-3122-a44a9db4a4cc,2026-08-10T10:29:37Z,2026-08-10T10:29:37Z,Generative answer,Billed,86,true,4093733e-91fd-c371-2c9e-6bc3368c01f6,43e13899-7e0c-eb8c-0438-e2aa85074b6d,bd9c66b3-ad3c-2d6d-1a3d-1fa7bc8960a9,Store Ops Assistant,3f2ad9c1-7b64-4f6a-9d8e-52c0b7a13e45,Contoso Production,Microsoft Teams,Escalated,0,1,77483384,2026-09-04T18:00:00Z,AI-FinOps-MOCK,dataverse.msdyn_aievents,2026-08-10,batch-2026-09-04,MOCK
"W/""9016831""",d8af3b44-7391-6a61-4719-522e5920a4cc,2026-08-10T08:06:29Z,2026-08-10T08:06:29Z,Agent action,Zero-rated,0,false,a507260a-386e-4f1e-084a-11d859085502,e2751c24-6b0e-f4de-fefa-977b137f9397,bd9c66b3-ad3c-2d6d-1a3d-1fa7bc8960a9,Store Ops Assistant,3f2ad9c1-7b64-4f6a-9d8e-52c0b7a13e45,Contoso Production,Custom website,Abandoned,0,1,79139229,2026-09-04T18:00:00Z,AI-FinOps-MOCK,dataverse.msdyn_aievents,2026-08-10,batch-2026-09-04,MOCK
"W/""6218416""",fd743b5e-ab60-9ca0-0396-8ce5b9f90786,2026-08-10T11:27:27Z,2026-08-10T11:27:27Z,Agent action,Zero-rated,0,false,8f6201bd-6ad4-3993-bce7-ff859bea38f9,06a42e91-2cf3-8dbd-1da1-4ab001b5f2aa,bd9c66b3-ad3c-2d6d-1a3d-1fa7bc8960a9,Store Ops Assistant,3f2ad9c1-7b64-4f6a-9d8e-52c0b7a13e45,Contoso Production,Microsoft Teams,Resolved,0,1,85996726,2026-09-04T18:00:00Z,AI-FinOps-MOCK,dataverse.msdyn_aievents,2026-08-10,batch-2026-09-04,MOCK
"W/""8727795""",4ea0cbc3-abc6-8d57-0ebc-632ebab228cc,2026-08-11T18:07:44Z,2026-08-11T18:07:44Z,Classic answer,Billed,38,true,f63c8a1a-56b4-8d30-67ea-2ce7716c00fd,dfc42a69-4bfa-c07a-550e-a3bf9f5a892c,bdd640fb-0667-1ad1-1c80-317fa3b1799d,HR Helpdesk Bot,3f2ad9c1-7b64-4f6a-9d8e-52c0b7a13e45,Contoso Production,Web chat,Resolved,0,1,84979617,2026-09-04T18:00:00Z,AI-FinOps-MOCK,dataverse.msdyn_aievents,2026-08-11,batch-2026-09-04,MOCK
"W/""4307983""",11475733-299c-b502-7d95-deaacd791619,2026-08-11T13:56:00Z,2026-08-11T13:56:00Z,Classic answer,Billed,37,true,34784d32-92c5-d7d3-cc76-893beab15eda,1784e70c-dce8-fe99-4e9a-b10b06edf410,bdd640fb-0667-1ad1-1c80-317fa3b1799d,HR Helpdesk Bot,3f2ad9c1-7b64-4f6a-9d8e-52c0b7a13e45,Contoso Production,Custom website,Resolved,0,1,79791495,2026-09-04T18:00:00Z,AI-FinOps-MOCK,dataverse.msdyn_aievents,2026-08-11,batch-2026-09-04,MOCK
"W/""5781524""",cfe3c448-0e45-2db6-2821-c3fd6b7d43fc,2026-08-11T14:01:45Z,2026-08-11T14:01:45Z,Generative answer,Billed,84,true,3b608229-7fd4-3d1c-8ce6-25ebc811500c,387617df-4e0c-637f-8cec-ac05da2c17bf,bdd640fb-0667-1ad1-1c80-317fa3b1799d,HR Helpdesk Bot,3f2ad9c1-7b64-4f6a-9d8e-52c0b7a13e45,Contoso Production,Microsoft Teams,Resolved,0,1,23383193,2026-09-04T18:00:00Z,AI-FinOps-MOCK,dataverse.msdyn_aievents,2026-08-11,batch-2026-09-04,MOCK
"W/""4340443""",b663436b-e19c-237a-9adf-2936fb6c9c87,2026-08-11T11:50:18Z,2026-08-11T11:50:18Z,Generative answer,Billed,60,true,80f977f7-d995-f013-6bb1-6a407c76d970,20dd38fe-59bb-b2d4-a0e0-926f2483844e,bdd640fb-0667-1ad1-1c80-317fa3b1799d,HR Helpdesk Bot,3f2ad9c1-7b64-4f6a-9d8e-52c0b7a13e45,Contoso Production,Microsoft Teams,Abandoned,0,1,22817242,2026-09-04T18:00:00Z,AI-FinOps-MOCK,dataverse.msdyn_aievents,2026-08-11,batch-2026-09-04,MOCK
"W/""4517951""",a507d7c3-ca14-d23c-2bc6-29c6b4361f56,2026-08-11T15:19:58Z,2026-08-11T15:19:58Z,Generative answer,Billed,46,true,f5415562-5b36-53be-9973-786e9b51c92a,5a93b70b-729c-3d81-cebe-3ba3534ce352,bdd640fb-0667-1ad1-1c80-317fa3b1799d,HR Helpdesk Bot,3f2ad9c1-7b64-4f6a-9d8e-52c0b7a13e45,Contoso Production,Web chat,Resolved,0,1,81031824,2026-09-04T18:00:00Z,AI-FinOps-MOCK,dataverse.msdyn_aievents,2026-08-11,batch-2026-09-04,MOCK
"W/""5235733""",9326c04e-cad9-4050-3057-70d012690da0,2026-08-11T14:58:22Z,2026-08-11T14:58:22Z,Generative answer,Billed,12,true,e5ce1963-ff36-e60f-07bb-26aad08fa2c6,462e440f-d64d-1391-a3d6-547478b0f373,bdd640fb-0667-1ad1-1c80-317fa3b1799d,HR Helpdesk Bot,3f2ad9c1-7b64-4f6a-9d8e-52c0b7a13e45,Contoso Production,Web chat,Resolved,0,1,27113524,2026-09-04T18:00:00Z,AI-FinOps-MOCK,dataverse.msdyn_aievents,2026-08-11,batch-2026-09-04,MOCK
"W/""3293832""",c5b8499e-1f99-ca8f-2f81-0a22ef915829,2026-08-11T08:11:57Z,2026-08-11T08:11:57Z,Agent action,Billed,147,true,bea14170-ada2-f698-3c25-5b2824fdd07d,021c603e-a819-4fe5-e484-e2c673ec0847,bdd640fb-0667-1ad1-1c80-317fa3b1799d,HR Helpdesk Bot,3f2ad9c1-7b64-4f6a-9d8e-52c0b7a13e45,Contoso Production,Custom website,Resolved,0,1,30951882,2026-09-04T18:00:00Z,AI-FinOps-MOCK,dataverse.msdyn_aievents,2026-08-11,batch-2026-09-04,MOCK
"W/""9414216""",b9a8ab4d-9b8f-2cb9-88a1-e937f947021f,2026-08-11T19:08:33Z,2026-08-11T19:08:33Z,Agent action,Billed,138,true,ad9864c9-0f27-c7e3-cba0-28897952250c,bcb93301-acd2-5e1e-fed5-a7652e54a44e,bdd640fb-0667-1ad1-1c80-317fa3b1799d,HR Helpdesk Bot,3f2ad9c1-7b64-4f6a-9d8e-52c0b7a13e45,Contoso Production,Web chat,Resolved,0,1,17770170,2026-09-04T18:00:00Z,AI-FinOps-MOCK,dataverse.msdyn_aievents,2026-08-11,batch-2026-09-04,MOCK
"W/""2923322""",863508e8-d630-915c-c137-46f507cea38d,2026-08-11T08:27:54Z,2026-08-11T08:27:54Z,Agent action,Billed,39,true,0630748a-e0fe-daec-1bf7-6bd74988b8b5,c2d29d95-62c6-0990-cdae-2efecf3b4737,bdd640fb-0667-1ad1-1c80-317fa3b1799d,HR Helpdesk Bot,3f2ad9c1-7b64-4f6a-9d8e-52c0b7a13e45,Contoso Production,Custom website,Abandoned,0,1,76528415,2026-09-04T18:00:00Z,AI-FinOps-MOCK,dataverse.msdyn_aievents,2026-08-11,batch-2026-09-04,MOCK
"W/""3340376""",3112d689-6492-7d84-8ca1-3d5a3e0291a5,2026-08-11T15:21:12Z,2026-08-11T15:21:12Z,Agent action,Billed,138,true,7874a81f-7bfe-7c24-a3cd-41f9aa22835b,bb2dec92-6732-181c-ec96-30e2349e7ebb,bdd640fb-0667-1ad1-1c80-317fa3b1799d,HR Helpdesk Bot,3f2ad9c1-7b64-4f6a-9d8e-52c0b7a13e45,Contoso Production,Web chat,Resolved,0,1,25612454,2026-09-04T18:00:00Z,AI-FinOps-MOCK,dataverse.msdyn_aievents,2026-08-11,batch-2026-09-04,MOCK
"W/""8907240""",83cafa0b-2b55-b55a-dbc0-2d4a291352c5,2026-08-11T19:55:54Z,2026-08-11T19:55:54Z,Agent action,Billed,78,true,04f17577-f0e7-0d46-aa31-6826b83f0768,b445b8be-4454-4a12-b923-8feed03a1858,bdd640fb-0667-1ad1-1c80-317fa3b1799d,HR Helpdesk Bot,3f2ad9c1-7b64-4f6a-9d8e-52c0b7a13e45,Contoso Production,Custom website,Resolved,0,1,63150177,2026-09-04T18:00:00Z,AI-FinOps-MOCK,dataverse.msdyn_aievents,2026-08-11,batch-2026-09-04,MOCK
"W/""4556135""",c226368c-0d92-78fd-e88c-25988dea3b01,2026-08-11T12:53:11Z,2026-08-11T12:53:11Z,Classic answer,Billed,52,true,6f9160f0-8902-2ee4-a627-a2a4f3e49076,94d03ad7-16bd-a97a-e206-618f9a461b1b,23b8c1e9-3924-56de-3eb1-3b9046685257,Claims Triage Agent,3f2ad9c1-7b64-4f6a-9d8e-52c0b7a13e45,Contoso Production,Microsoft Teams,Abandoned,0,1,17189454,2026-09-04T18:00:00Z,AI-FinOps-MOCK,dataverse.msdyn_aievents,2026-08-11,batch-2026-09-04,MOCK
"W/""6023260""",2184e019-b3a7-d51e-5440-e27651b18976,2026-08-11T09:58:30Z,2026-08-11T09:58:30Z,Classic answer,Billed,39,true,51eed83b-c5a7-f63a-7310-320eb6c00667,dc3c2078-7eed-6da9-32ed-61dfa358d3b5,23b8c1e9-3924-56de-3eb1-3b9046685257,Claims Triage Agent,3f2ad9c1-7b64-4f6a-9d8e-52c0b7a13e45,Contoso Production,Microsoft Teams,Resolved,0,1,43736794,2026-09-04T18:00:00Z,AI-FinOps-MOCK,dataverse.msdyn_aievents,2026-08-11,batch-2026-09-04,MOCK
"W/""7486307""",60d29cbb-8fbe-1864-28fe-9271c5e9f0d9,2026-08-11T19:12:14Z,2026-08-11T19:12:14Z,Generative answer,Billed,32,true,11956051-1428-c8cc-f02e-7f1149529409,203b16f7-9a9c-15b6-e18d-103c6461693d,23b8c1e9-3924-56de-3eb1-3b9046685257,Claims Triage Agent,3f2ad9c1-7b64-4f6a-9d8e-52c0b7a13e45,Contoso Production,Web chat,Escalated,0,1,97502872,2026-09-04T18:00:00Z,AI-FinOps-MOCK,dataverse.msdyn_aievents,2026-08-11,batch-2026-09-04,MOCK
"W/""2191726""",b256c525-f37c-c462-3956-0828ab90ca8a,2026-08-11T17:14:43Z,2026-08-11T17:14:43Z,Generative answer,Zero-rated,0,false,6d680b79-f7d1-45c6-e862-e28ba9078a8b,054a7537-94f8-ed94-4217-a0b9a7e88bd4,23b8c1e9-3924-56de-3eb1-3b9046685257,Claims Triage Agent,3f2ad9c1-7b64-4f6a-9d8e-52c0b7a13e45,Contoso Production,Microsoft Teams,Escalated,0,1,53938899,2026-09-04T18:00:00Z,AI-FinOps-MOCK,dataverse.msdyn_aievents,2026-08-11,batch-2026-09-04,MOCK
"W/""3477943""",12736fbc-38b6-4425-a689-d65997028b92,2026-08-11T16:38:31Z,2026-08-11T16:38:31Z,Agent action,Zero-rated,0,false,09fb731a-134c-686b-07b0-c15499ce8315,59422f0f-8acd-61e6-1553-de16e9e5d4dd,23b8c1e9-3924-56de-3eb1-3b9046685257,Claims Triage Agent,3f2ad9c1-7b64-4f6a-9d8e-52c0b7a13e45,Contoso Production,Web chat,Escalated,0,1,11514046,2026-09-04T18:00:00Z,AI-FinOps-MOCK,dataverse.msdyn_aievents,2026-08-11,batch-2026-09-04,MOCK
"W/""9154579""",38748026-e17b-fd2b-05d9-4978ded97a1c,2026-08-11T12:18:33Z,2026-08-11T12:18:33Z,Agent action,Billed,108,true,b1fca753-15f9-62e8-8e26-71e0e55992e8,7bd155be-18f6-1454-7f3d-ea4de59b1ec4,23b8c1e9-3924-56de-3eb1-3b9046685257,Claims Triage Agent,3f2ad9c1-7b64-4f6a-9d8e-52c0b7a13e45,Contoso Production,Web chat,Escalated,0,1,49040681,2026-09-04T18:00:00Z,AI-FinOps-MOCK,dataverse.msdyn_aievents,2026-08-11,batch-2026-09-04,MOCK
"W/""5088920""",33efa68c-5eba-aa68-86a2-062b247e964d,2026-08-11T15:39:11Z,2026-08-11T15:39:11Z,Agent action,Billed,18,true,3f99a593-7bc7-00b9-e3f4-a88c3c15f854,065309bf-32e4-6e4b-257b-03bf658724d2,23b8c1e9-3924-56de-3eb1-3b9046685257,Claims Triage Agent,3f2ad9c1-7b64-4f6a-9d8e-52c0b7a13e45,Contoso Production,Custom website,Escalated,0,1,69686509,2026-09-04T18:00:00Z,AI-FinOps-MOCK,dataverse.msdyn_aievents,2026-08-11,batch-2026-09-04,MOCK
"W/""8752317""",68029e40-ea35-e3bd-62c8-879b2aa6ca52,2026-08-11T19:03:44Z,2026-08-11T19:03:44Z,Agent action,Billed,168,true,3e16d0c6-9a75-4325-e906-ac4ad1803845,b788a4fb-887b-7913-e168-dc4a1f46614d,23b8c1e9-3924-56de-3eb1-3b9046685257,Claims Triage Agent,3f2ad9c1-7b64-4f6a-9d8e-52c0b7a13e45,Contoso Production,Web chat,Abandoned,0,1,55577932,2026-09-04T18:00:00Z,AI-FinOps-MOCK,dataverse.msdyn_aievents,2026-08-11,batch-2026-09-04,MOCK
"W/""8304719""",99fd6a1c-38c1-b71e-5e94-6153245bbc61,2026-08-11T18:06:33Z,2026-08-11T18:06:33Z,Agent action,Billed,150,true,36b6d95f-63d2-3e7e-ed97-5e3c5badc8f1,adf7f5ad-f10d-6faf-438b-bc0394bbc2d1,23b8c1e9-3924-56de-3eb1-3b9046685257,Claims Triage Agent,3f2ad9c1-7b64-4f6a-9d8e-52c0b7a13e45,Contoso Production,Custom website,Escalated,0,1,47842926,2026-09-04T18:00:00Z,AI-FinOps-MOCK,dataverse.msdyn_aievents,2026-08-11,batch-2026-09-04,MOCK
"W/""1962432""",dcbc886a-f31c-243b-d528-e327970e4ebc,2026-08-11T19:18:37Z,2026-08-11T19:18:37Z,Classic answer,Zero-rated,0,false,247e2a46-4103-959c-cc76-7ae7336ea173,95b9d167-c474-2f84-c143-bee062db78bc,bd9c66b3-ad3c-2d6d-1a3d-1fa7bc8960a9,Store Ops Assistant,3f2ad9c1-7b64-4f6a-9d8e-52c0b7a13e45,Contoso Production,Microsoft Teams,Escalated,0,1,39748115,2026-09-04T18:00:00Z,AI-FinOps-MOCK,dataverse.msdyn_aievents,2026-08-11,batch-2026-09-04,MOCK
"W/""4528187""",e83205ed-1c8b-4c80-404b-1b0c01a384af,2026-08-11T12:19:35Z,2026-08-11T12:19:35Z,Classic answer,Billed,24,true,ff0a05fe-5edc-808e-d8d2-1e9304a87855,ddaae94a-a7da-719c-5658-80cd4eeb5fdc,bd9c66b3-ad3c-2d6d-1a3d-1fa7bc8960a9,Store Ops Assistant,3f2ad9c1-7b64-4f6a-9d8e-52c0b7a13e45,Contoso Production,Custom website,Abandoned,0,1,62326080,2026-09-04T18:00:00Z,AI-FinOps-MOCK,dataverse.msdyn_aievents,2026-08-11,batch-2026-09-04,MOCK
"W/""9226492""",8d1f43c8-2b48-b49b-e044-a26ec8e4e0c7,2026-08-11T11:40:29Z,2026-08-11T11:40:29Z,Classic answer,Zero-rated,0,false,51248597-7fce-5136-fd11-892a63b47912,677769ad-6f1a-5e33-c154-bb75a45a9355,bd9c66b3-ad3c-2d6d-1a3d-1fa7bc8960a9,Store Ops Assistant,3f2ad9c1-7b64-4f6a-9d8e-52c0b7a13e45,Contoso Production,Custom website,Abandoned,0,1,13166724,2026-09-04T18:00:00Z,AI-FinOps-MOCK,dataverse.msdyn_aievents,2026-08-11,batch-2026-09-04,MOCK
"W/""8705079""",76d0c7ab-05f7-c55a-1fd6-ccbcd4fb892a,2026-08-11T19:44:47Z,2026-08-11T19:44:47Z,Generative answer,Billed,52,true,05af52d9-8347-d4d1-7540-b6261ac2b7be,52de4556-5a04-17d6-fef6-968e6883459d,bd9c66b3-ad3c-2d6d-1a3d-1fa7bc8960a9,Store Ops Assistant,3f2ad9c1-7b64-4f6a-9d8e-52c0b7a13e45,Contoso Production,Microsoft Teams,Resolved,0,1,67364971,2026-09-04T18:00:00Z,AI-FinOps-MOCK,dataverse.msdyn_aievents,2026-08-11,batch-2026-09-04,MOCK
"W/""5386160""",4b115beb-ae4e-ce13-6981-543ce2e52ae1,2026-08-11T10:12:04Z,2026-08-11T10:12:04Z,Generative answer,Billed,26,true,26d4cbfb-0bce-d92d-277d-532fca3e276b,65002370-722c-9b2c-ea70-c3c90340d991,bd9c66b3-ad3c-2d6d-1a3d-1fa7bc8960a9,Store Ops Assistant,3f2ad9c1-7b64-4f6a-9d8e-52c0b7a13e45,Contoso Production,Web chat,Escalated,0,1,86988602,2026-09-04T18:00:00Z,AI-FinOps-MOCK,dataverse.msdyn_aievents,2026-08-11,batch-2026-09-04,MOCK
"W/""2352776""",3a6237db-4ca7-7f2f-34e6-62cfb0d63755,2026-08-11T15:22:33Z,2026-08-11T15:22:33Z,Generative answer,Billed,60,true,4560e2e8-b173-4d0c-4bd8-cffcc415237f,711c1adb-db6b-a737-f01a-823d76aac3ef,bd9c66b3-ad3c-2d6d-1a3d-1fa7bc8960a9,Store Ops Assistant,3f2ad9c1-7b64-4f6a-9d8e-52c0b7a13e45,Contoso Production,Custom website,Escalated,0,1,32598960,2026-09-04T18:00:00Z,AI-FinOps-MOCK,dataverse.msdyn_aievents,2026-08-11,batch-2026-09-04,MOCK
"W/""7843172""",8cb34480-724b-0f18-3f6e-a89bac545c86,2026-08-11T19:36:24Z,2026-08-11T19:36:24Z,Generative answer,Billed,100,true,1ea40713-6d6f-ee94-f7de-7324e6c1bbe5,015699eb-f457-3c64-f6ed-13ce2e89bf54,bd9c66b3-ad3c-2d6d-1a3d-1fa7bc8960a9,Store Ops Assistant,3f2ad9c1-7b64-4f6a-9d8e-52c0b7a13e45,Contoso Production,Web chat,Escalated,0,1,93499539,2026-09-04T18:00:00Z,AI-FinOps-MOCK,dataverse.msdyn_aievents,2026-08-11,batch-2026-09-04,MOCK
"W/""5237689""",593f2737-9e9a-1f8d-40a7-e2760e98ef71,2026-08-11T14:30:54Z,2026-08-11T14:30:54Z,Generative answer,Billed,108,true,6558ea8c-07cd-d010-ce78-80efea3f17d1,a48188c2-ec90-8605-f17f-2fc7c9d380de,bd9c66b3-ad3c-2d6d-1a3d-1fa7bc8960a9,Store Ops Assistant,3f2ad9c1-7b64-4f6a-9d8e-52c0b7a13e45,Contoso Production,Custom website,Resolved,0,1,56836074,2026-09-04T18:00:00Z,AI-FinOps-MOCK,dataverse.msdyn_aievents,2026-08-11,batch-2026-09-04,MOCK
"W/""2457120""",6dc71354-5f83-7ce0-a908-797c58d1167e,2026-08-11T18:59:07Z,2026-08-11T18:59:07Z,Agent action,Billed,129,true,cd4d2d6b-cb96-4012-f872-bb9457e75a4f,dc28ace8-9dcb-bd77-2d6f-1d4ef60e2f14,bd9c66b3-ad3c-2d6d-1a3d-1fa7bc8960a9,Store Ops Assistant,3f2ad9c1-7b64-4f6a-9d8e-52c0b7a13e45,Contoso Production,Microsoft Teams,Escalated,0,1,99725828,2026-09-04T18:00:00Z,AI-FinOps-MOCK,dataverse.msdyn_aievents,2026-08-11,batch-2026-09-04,MOCK
"W/""5335303""",c5a6bebe-02c1-8f32-8c84-9775ae64b50e,2026-08-11T11:25:09Z,2026-08-11T11:25:09Z,Agent action,Billed,135,true,7b3809ea-6ef7-60ec-4428-1c36b507444f,38010031-9bcc-c680-eb55-fde87836b47c,bd9c66b3-ad3c-2d6d-1a3d-1fa7bc8960a9,Store Ops Assistant,3f2ad9c1-7b64-4f6a-9d8e-52c0b7a13e45,Contoso Production,Microsoft Teams,Abandoned,0,1,41770107,2026-09-04T18:00:00Z,AI-FinOps-MOCK,dataverse.msdyn_aievents,2026-08-11,batch-2026-09-04,MOCK
"W/""7482899""",28277d21-f40d-bc07-a959-74a7f601281a,2026-08-12T10:40:29Z,2026-08-12T10:40:29Z,Classic answer,Billed,8,true,33a5f565-62a2-886b-e7f1-ba43ace57e3d,1bb256eb-de5e-cf09-ad12-6e4fd8986d02,bdd640fb-0667-1ad1-1c80-317fa3b1799d,HR Helpdesk Bot,3f2ad9c1-7b64-4f6a-9d8e-52c0b7a13e45,Contoso Production,Web chat,Resolved,0,1,40670372,2026-09-04T18:00:00Z,AI-FinOps-MOCK,dataverse.msdyn_aievents,2026-08-12,batch-2026-09-04,MOCK
"W/""8562050""",503aeff3-d8bf-a2ff-f92f-5167861d5e49,2026-08-12T11:44:53Z,2026-08-12T11:44:53Z,Classic answer,Billed,7,true,122766ec-d16d-299c-4cbd-b17614d56504,e6a6b2f1-d7b4-115a-040b-b5f42d37a52e,bdd640fb-0667-1ad1-1c80-317fa3b1799d,HR Helpdesk Bot,3f2ad9c1-7b64-4f6a-9d8e-52c0b7a13e45,Contoso Production,Microsoft Teams,Resolved,0,1,88093609,2026-09-04T18:00:00Z,AI-FinOps-MOCK,dataverse.msdyn_aievents,2026-08-12,batch-2026-09-04,MOCK
"W/""8009121""",ad3fbc89-2cc6-6767-51bc-3dc18b657926,2026-08-12T15:14:55Z,2026-08-12T15:14:55Z,Classic answer,Zero-rated,0,false,c4ef6b6b-ee97-7025-746c-2a653c498e49,ed6d5d99-4f60-ae74-f372-69b0a45cdcfd,bdd640fb-0667-1ad1-1c80-317fa3b1799d,HR Helpdesk Bot,3f2ad9c1-7b64-4f6a-9d8e-52c0b7a13e45,Contoso Production,Web chat,Escalated,0,1,26378840,2026-09-04T18:00:00Z,AI-FinOps-MOCK,dataverse.msdyn_aievents,2026-08-12,batch-2026-09-04,MOCK
"W/""9014545""",dfb93cd4-81db-5c00-30dc-857bc4ab05bf,2026-08-12T16:46:18Z,2026-08-12T16:46:18Z,Classic answer,Zero-rated,0,false,84f51d66-00d2-4e08-027c-b79d4dadb5ae,0fe7a70a-d405-149a-1331-869a1c746ebc,bdd640fb-0667-1ad1-1c80-317fa3b1799d,HR Helpdesk Bot,3f2ad9c1-7b64-4f6a-9d8e-52c0b7a13e45,Contoso Production,Web chat,Resolved,0,1,22223917,2026-09-04T18:00:00Z,AI-FinOps-MOCK,dataverse.msdyn_aievents,2026-08-12,batch-2026-09-04,MOCK
"W/""7918573""",b394786f-60d0-4725-85d9-505e7b5a69c2,2026-08-12T15:27:46Z,2026-08-12T15:27:46Z,Generative answer,Billed,94,true,881e0847-9d28-019a-19f6-ce42c9ae2078,619c0c01-ff69-b0c1-c2ae-2f8e638e563c,bdd640fb-0667-1ad1-1c80-317fa3b1799d,HR Helpdesk Bot,3f2ad9c1-7b64-4f6a-9d8e-52c0b7a13e45,Contoso Production,Web chat,Escalated,0,1,37061888,2026-09-04T18:00:00Z,AI-FinOps-MOCK,dataverse.msdyn_aievents,2026-08-12,batch-2026-09-04,MOCK
"W/""3060440""",d29df923-705f-e13b-ce1a-37b80bb34fb9,2026-08-12T15:14:13Z,2026-08-12T15:14:13Z,Generative answer,Billed,34,true,701c98f4-4d37-c399-d3c0-02b1a11736a0,316f87cf-fc4b-f418-066e-e9f16660f451,bdd640fb-0667-1ad1-1c80-317fa3b1799d,HR Helpdesk Bot,3f2ad9c1-7b64-4f6a-9d8e-52c0b7a13e45,Contoso Production,Microsoft Teams,Resolved,0,1,73035686,2026-09-04T18:00:00Z,AI-FinOps-MOCK,dataverse.msdyn_aievents,2026-08-12,batch-2026-09-04,MOCK
"W/""4956459""",144522d5-4384-f330-68d1-f98993f157bf,2026-08-12T18:23:15Z,2026-08-12T18:23:15Z,Generative answer,Billed,34,true,172af9f2-4f0d-4723-e75c-1e5f4524b03b,c322f6bb-ca72-a672-7b18-7acd2a2c03e8,bdd640fb-0667-1ad1-1c80-317fa3b1799d,HR Helpdesk Bot,3f2ad9c1-7b64-4f6a-9d8e-52c0b7a13e45,Contoso Production,Web chat,Escalated,0,1,86343790,2026-09-04T18:00:00Z,AI-FinOps-MOCK,dataverse.msdyn_aievents,2026-08-12,batch-2026-09-04,MOCK
"W/""4309426""",5d426368-e6f5-2b23-29f8-360b54c0f297,2026-08-12T10:03:39Z,2026-08-12T10:03:39Z,Agent action,Billed,159,true,f44f3085-003d-2fcf-278c-22c81263ead3,fcb3457b-7428-ec80-87cf-833c9e3fd427,bdd640fb-0667-1ad1-1c80-317fa3b1799d,HR Helpdesk Bot,3f2ad9c1-7b64-4f6a-9d8e-52c0b7a13e45,Contoso Production,Web chat,Escalated,0,1,51904128,2026-09-04T18:00:00Z,AI-FinOps-MOCK,dataverse.msdyn_aievents,2026-08-12,batch-2026-09-04,MOCK
"W/""1944652""",5a9267c1-7981-b1f6-4944-6c4d02af111a,2026-08-12T15:55:45Z,2026-08-12T15:55:45Z,Agent action,Billed,90,true,0b179937-75a5-fc2b-8c32-f17caefad964,fe824787-1961-bb4a-f7f3-4fd5d1eb3945,bdd640fb-0667-1ad1-1c80-317fa3b1799d,HR Helpdesk Bot,3f2ad9c1-7b64-4f6a-9d8e-52c0b7a13e45,Contoso Production,Microsoft Teams,Abandoned,0,1,79634768,2026-09-04T18:00:00Z,AI-FinOps-MOCK,dataverse.msdyn_aievents,2026-08-12,batch-2026-09-04,MOCK
"W/""2673462""",1ed2c793-e149-2c0c-fe84-bc5eed743a0c,2026-08-12T08:12:17Z,2026-08-12T08:12:17Z,Classic answer,Billed,34,true,6b375658-89f0-0d93-3237-27696452bb3b,0246b083-174f-36f5-0902-3fcd12eb463e,23b8c1e9-3924-56de-3eb1-3b9046685257,Claims Triage Agent,3f2ad9c1-7b64-4f6a-9d8e-52c0b7a13e45,Contoso Production,Custom website,Resolved,0,1,17200511,2026-09-04T18:00:00Z,AI-FinOps-MOCK,dataverse.msdyn_aievents,2026-08-12,batch-2026-09-04,MOCK
"W/""3315597""",f9853dd4-72ed-d1a5-c970-c2afdd7092a8,2026-08-12T13:48:59Z,2026-08-12T13:48:59Z,Classic answer,Zero-rated,0,false,ce79acff-0b98-0b5c-059b-c9138e796193,e4a25464-6896-e301-53ab-316dba1447c5,23b8c1e9-3924-56de-3eb1-3b9046685257,Claims Triage Agent,3f2ad9c1-7b64-4f6a-9d8e-52c0b7a13e45,Contoso Production,Microsoft Teams,Abandoned,0,1,81508362,2026-09-04T18:00:00Z,AI-FinOps-MOCK,dataverse.msdyn_aievents,2026-08-12,batch-2026-09-04,MOCK
"W/""2435475""",23e9dd4f-6273-e6cc-f57f-926799e37f9b,2026-08-12T18:51:18Z,2026-08-12T18:51:18Z,Generative answer,Billed,80,true,cfa485bd-4fd2-ed8c-8b62-42d4de7414e2,42f5f188-994d-6335-cf5b-c9061b1dd405,23b8c1e9-3924-56de-3eb1-3b9046685257,Claims Triage Agent,3f2ad9c1-7b64-4f6a-9d8e-52c0b7a13e45,Contoso Production,Web chat,Escalated,0,1,47793095,2026-09-04T18:00:00Z,AI-FinOps-MOCK,dataverse.msdyn_aievents,2026-08-12,batch-2026-09-04,MOCK
"W/""3790611""",bb577197-a9a1-041e-2b02-c1ac3fa7e4b5,2026-08-12T19:23:31Z,2026-08-12T19:23:31Z,Generative answer,Billed,12,true,32a08b12-8ad7-f8ee-c54e-cf7a1023abd5,6a52bcbb-7b1a-7952-5293-c052924181fc,23b8c1e9-3924-56de-3eb1-3b9046685257,Claims Triage Agent,3f2ad9c1-7b64-4f6a-9d8e-52c0b7a13e45,Contoso Production,Custom website,Abandoned,0,1,56206338,2026-09-04T18:00:00Z,AI-FinOps-MOCK,dataverse.msdyn_aievents,2026-08-12,batch-2026-09-04,MOCK
"W/""7294264""",1cd02af3-4470-35be-b303-b3342043fa4c,2026-08-12T11:12:20Z,2026-08-12T11:12:20Z,Generative answer,Billed,86,true,77438b77-152d-a489-58cb-1c2e9bb7be14,66d5121c-8e11-815d-c3c8-f57ce756e136,23b8c1e9-3924-56de-3eb1-3b9046685257,Claims Triage Agent,3f2ad9c1-7b64-4f6a-9d8e-52c0b7a13e45,Contoso Production,Microsoft Teams,Resolved,0,1,83001251,2026-09-04T18:00:00Z,AI-FinOps-MOCK,dataverse.msdyn_aievents,2026-08-12,batch-2026-09-04,MOCK
"W/""7139004""",b8feb8fe-7807-64ed-8336-644969924558,2026-08-12T15:33:24Z,2026-08-12T15:33:24Z,Generative answer,Billed,32,true,e2fc08fc-6264-9ecc-919f-7e16dbc1c9c6,33cbafa4-b3af-e1bc-744d-77ecb19a17b4,23b8c1e9-3924-56de-3eb1-3b9046685257,Claims Triage Agent,3f2ad9c1-7b64-4f6a-9d8e-52c0b7a13e45,Contoso Production,Web chat,Abandoned,0,1,90070338,2026-09-04T18:00:00Z,AI-FinOps-MOCK,dataverse.msdyn_aievents,2026-08-12,batch-2026-09-04,MOCK
"W/""9734879""",f15e77e5-bb0b-ac53-0857-971ccee135aa,2026-08-12T13:24:34Z,2026-08-12T13:24:34Z,Generative answer,Billed,88,true,b024d0fd-bd2a-106c-5286-3072848eccd1,6876baaa-fd64-d654-a89f-9159991fa5c4,23b8c1e9-3924-56de-3eb1-3b9046685257,Claims Triage Agent,3f2ad9c1-7b64-4f6a-9d8e-52c0b7a13e45,Contoso Production,Web chat,Escalated,0,1,29199838,2026-09-04T18:00:00Z,AI-FinOps-MOCK,dataverse.msdyn_aievents,2026-08-12,batch-2026-09-04,MOCK
"W/""6102190""",fd9466d3-8d6f-fda7-79da-68a78694b4b1,2026-08-12T11:44:40Z,2026-08-12T11:44:40Z,Agent action,Billed,177,true,44d9b69c-bfb3-5bc2-60ec-a8bad15b4b17,dfe34af2-ebe4-4fa7-ddd0-84b6ffd7a798,23b8c1e9-3924-56de-3eb1-3b9046685257,Claims Triage Agent,3f2ad9c1-7b64-4f6a-9d8e-52c0b7a13e45,Contoso Production,Custom website,Resolved,0,1,26773479,2026-09-04T18:00:00Z,AI-FinOps-MOCK,dataverse.msdyn_aievents,2026-08-12,batch-2026-09-04,MOCK
"W/""5773861""",a9545955-2383-36cf-ecf8-c47dccd2eb04,2026-08-12T18:05:32Z,2026-08-12T18:05:32Z,Agent action,Zero-rated,0,false,ec4b273b-6009-bfce-cdef-63f3beb2ebe0,013acfd5-bdae-84f7-1fa8-ad6e4dedee48,23b8c1e9-3924-56de-3eb1-3b9046685257,Claims Triage Agent,3f2ad9c1-7b64-4f6a-9d8e-52c0b7a13e45,Contoso Production,Microsoft Teams,Resolved,0,1,16777558,2026-09-04T18:00:00Z,AI-FinOps-MOCK,dataverse.msdyn_aievents,2026-08-12,batch-2026-09-04,MOCK
"W/""8994582""",057d4121-85f2-9b1f-8d86-30c5c594e46b,2026-08-12T17:53:20Z,2026-08-12T17:53:20Z,Classic answer,Billed,25,true,58aecc70-392e-2fdf-886c-46b7b21706ce,2c4d6572-db4a-6b73-605b-c79b22524bc6,bd9c66b3-ad3c-2d6d-1a3d-1fa7bc8960a9,Store Ops Assistant,3f2ad9c1-7b64-4f6a-9d8e-52c0b7a13e45,Contoso Production,Custom website,Escalated,0,1,42789463,2026-09-04T18:00:00Z,AI-FinOps-MOCK,dataverse.msdyn_aievents,2026-08-12,batch-2026-09-04,MOCK
"W/""7651289""",6fb27efb-0427-bdaa-d399-764ef8a3b187,2026-08-12T16:11:28Z,2026-08-12T16:11:28Z,Classic answer,Billed,47,true,0938c0dd-74b4-10d6-b1c9-9decb5ca2c01,ff7639e1-5dbc-b261-252e-090265dffb44,bd9c66b3-ad3c-2d6d-1a3d-1fa7bc8960a9,Store Ops Assistant,3f2ad9c1-7b64-4f6a-9d8e-52c0b7a13e45,Contoso Production,Microsoft Teams,Abandoned,0,1,20806662,2026-09-04T18:00:00Z,AI-FinOps-MOCK,dataverse.msdyn_aievents,2026-08-12,batch-2026-09-04,MOCK
"W/""3814446""",19312ee6-f8c4-c694-6744-40a3df1f2814,2026-08-12T19:41:39Z,2026-08-12T19:41:39Z,Classic answer,Billed,35,true,b5062e58-f3ca-8f9e-9e45-e5f0181aa9f1,0fa743e1-f20f-7bfb-b560-e0aa89e8e4ab,bd9c66b3-ad3c-2d6d-1a3d-1fa7bc8960a9,Store Ops Assistant,3f2ad9c1-7b64-4f6a-9d8e-52c0b7a13e45,Contoso Production,Custom website,Escalated,0,1,68684887,2026-09-04T18:00:00Z,AI-FinOps-MOCK,dataverse.msdyn_aievents,2026-08-12,batch-2026-09-04,MOCK
"W/""4984595""",2373eaf3-3ebe-28a9-2e42-203ab9897c01,2026-08-12T14:41:36Z,2026-08-12T14:41:36Z,Classic answer,Billed,55,true,7d8202e5-6e66-5a85-31ad-aea6bc402461,6657d415-3d7e-54e8-ec30-6bd1b174eb6e,bd9c66b3-ad3c-2d6d-1a3d-1fa7bc8960a9,Store Ops Assistant,3f2ad9c1-7b64-4f6a-9d8e-52c0b7a13e45,Contoso Production,Custom website,Escalated,0,1,44303452,2026-09-04T18:00:00Z,AI-FinOps-MOCK,dataverse.msdyn_aievents,2026-08-12,batch-2026-09-04,MOCK
"W/""3001883""",2b8e8027-c514-3e26-16fb-3a9011d9dfb5,2026-08-12T19:30:13Z,2026-08-12T19:30:13Z,Generative answer,Zero-rated,0,false,2447b5ef-bb6b-9af4-d83d-935e05c814e3,2d87d889-2b4d-168c-76d4-bfc7df0c8fa7,bd9c66b3-ad3c-2d6d-1a3d-1fa7bc8960a9,Store Ops Assistant,3f2ad9c1-7b64-4f6a-9d8e-52c0b7a13e45,Contoso Production,Microsoft Teams,Escalated,0,1,42490509,2026-09-04T18:00:00Z,AI-FinOps-MOCK,dataverse.msdyn_aievents,2026-08-12,batch-2026-09-04,MOCK
"W/""2603001""",3901cdde-d9f9-8a98-9819-2ef49e4d381a,2026-08-12T12:42:43Z,2026-08-12T12:42:43Z,Generative answer,Billed,72,true,20d29168-9195-cd2f-8c37-4ff0ff868614,395374ec-3e18-94af-7341-cffda9040e16,bd9c66b3-ad3c-2d6d-1a3d-1fa7bc8960a9,Store Ops Assistant,3f2ad9c1-7b64-4f6a-9d8e-52c0b7a13e45,Contoso Production,Web chat,Resolved,0,1,91349704,2026-09-04T18:00:00Z,AI-FinOps-MOCK,dataverse.msdyn_aievents,2026-08-12,batch-2026-09-04,MOCK
"W/""4106974""",622319b1-23ac-b5d2-c834-4fbf3fe5ac08,2026-08-12T13:18:27Z,2026-08-12T13:18:27Z,Agent action,Billed,60,true,6debc7c0-dfa1-cfac-cc23-65d3c7e99322,94dbecf9-26f9-a221-41fd-b7a0239b15b2,bd9c66b3-ad3c-2d6d-1a3d-1fa7bc8960a9,Store Ops Assistant,3f2ad9c1-7b64-4f6a-9d8e-52c0b7a13e45,Contoso Production,Custom website,Abandoned,0,1,66999801,2026-09-04T18:00:00Z,AI-FinOps-MOCK,dataverse.msdyn_aievents,2026-08-12,batch-2026-09-04,MOCK
"W/""8523348""",629ced0b-a976-29e4-21b0-4c2946f81c8d,2026-08-12T11:37:01Z,2026-08-12T11:37:01Z,Agent action,Billed,87,true,80750de2-35fa-e7ea-3423-abae6c524f2a,1589a2f8-9fc6-e319-a0bf-96f9ed3adb82,bd9c66b3-ad3c-2d6d-1a3d-1fa7bc8960a9,Store Ops Assistant,3f2ad9c1-7b64-4f6a-9d8e-52c0b7a13e45,Contoso Production,Microsoft Teams,Resolved,0,1,80832139,2026-09-04T18:00:00Z,AI-FinOps-MOCK,dataverse.msdyn_aievents,2026-08-12,batch-2026-09-04,MOCK
"W/""4733070""",a1e1d2fa-0e1c-db1b-78f0-78f2a47908b2,2026-08-12T08:11:52Z,2026-08-12T08:11:52Z,Agent action,Billed,18,true,adbd741c-c0b9-e63c-d3d0-0302c6645832,0576efb4-68fb-07b4-ddc7-c8cfbac81976,bd9c66b3-ad3c-2d6d-1a3d-1fa7bc8960a9,Store Ops Assistant,3f2ad9c1-7b64-4f6a-9d8e-52c0b7a13e45,Contoso Production,Custom website,Abandoned,0,1,36238410,2026-09-04T18:00:00Z,AI-FinOps-MOCK,dataverse.msdyn_aievents,2026-08-12,batch-2026-09-04,MOCK
"W/""5176063""",3bf660cb-28f7-4483-1cd0-403363ba4ff2,2026-08-12T15:42:15Z,2026-08-12T15:42:15Z,Agent action,Zero-rated,0,false,8c234f1c-33ab-e863-37b2-17a196b6f589,41c5a2ff-974d-fab7-8c48-c12b174780f1,bd9c66b3-ad3c-2d6d-1a3d-1fa7bc8960a9,Store Ops Assistant,3f2ad9c1-7b64-4f6a-9d8e-52c0b7a13e45,Contoso Production,Web chat,Abandoned,0,1,47538584,2026-09-04T18:00:00Z,AI-FinOps-MOCK,dataverse.msdyn_aievents,2026-08-12,batch-2026-09-04,MOCK
"W/""6647113""",87aff21b-c5da-1e3b-3dbf-c71b28636d34,2026-08-13T19:50:43Z,2026-08-13T19:50:43Z,Classic answer,Billed,10,true,932f024e-8f92-d87d-5761-7490ae6401c1,0563e21e-591a-728a-26a6-1119707bf53a,bdd640fb-0667-1ad1-1c80-317fa3b1799d,HR Helpdesk Bot,3f2ad9c1-7b64-4f6a-9d8e-52c0b7a13e45,Contoso Production,Web chat,Escalated,0,1,20169938,2026-09-04T18:00:00Z,AI-FinOps-MOCK,dataverse.msdyn_aievents,2026-08-13,batch-2026-09-04,MOCK
"W/""8557381""",be34efe8-b43c-f5f2-ed41-7da9d1480c0d,2026-08-13T18:48:14Z,2026-08-13T18:48:14Z,Classic answer,Billed,13,true,04228cd0-9451-2d47-041f-5e81f60e4483,3d64f817-1ac7-6010-3cfb-d55be24880d0,bdd640fb-0667-1ad1-1c80-317fa3b1799d,HR Helpdesk Bot,3f2ad9c1-7b64-4f6a-9d8e-52c0b7a13e45,Contoso Production,Web chat,Escalated,0,1,51917206,2026-09-04T18:00:00Z,AI-FinOps-MOCK,dataverse.msdyn_aievents,2026-08-13,batch-2026-09-04,MOCK
"W/""2402111""",3a12e06b-d9b2-38ac-ad0a-d029543b4d84,2026-08-13T17:00:44Z,2026-08-13T17:00:44Z,Classic answer,Billed,19,true,55df2c2c-e499-64b8-93fd-d7b638b87bf0,f918d07d-d6de-9d00-3975-ad3f8f7d3977,bdd640fb-0667-1ad1-1c80-317fa3b1799d,HR Helpdesk Bot,3f2ad9c1-7b64-4f6a-9d8e-52c0b7a13e45,Contoso Production,Microsoft Teams,Abandoned,0,1,27931732,2026-09-04T18:00:00Z,AI-FinOps-MOCK,dataverse.msdyn_aievents,2026-08-13,batch-2026-09-04,MOCK
"W/""1219007""",871ee0f5-ffe9-1077-2ca7-9dc61e3cd60a,2026-08-13T13:02:52Z,2026-08-13T13:02:52Z,Classic answer,Billed,32,true,a6f1e2b1-4eef-2dfd-815a-e5c21211994d,38d3e936-9ccf-0050-8884-c603c94a3ce2,bdd640fb-0667-1ad1-1c80-317fa3b1799d,HR Helpdesk Bot,3f2ad9c1-7b64-4f6a-9d8e-52c0b7a13e45,Contoso Production,Custom website,Escalated,0,1,50219484,2026-09-04T18:00:00Z,AI-FinOps-MOCK,dataverse.msdyn_aievents,2026-08-13,batch-2026-09-04,MOCK
"W/""1875658""",773b4045-6330-019f-0ea7-1a07c3c7371c,2026-08-13T08:15:55Z,2026-08-13T08:15:55Z,Classic answer,Billed,60,true,c805613d-f0b7-1b1b-e9cc-b934edca60d8,a70a71e6-1165-62f4-97b3-02ec93493940,bdd640fb-0667-1ad1-1c80-317fa3b1799d,HR Helpdesk Bot,3f2ad9c1-7b64-4f6a-9d8e-52c0b7a13e45,Contoso Production,Microsoft Teams,Escalated,0,1,64807551,2026-09-04T18:00:00Z,AI-FinOps-MOCK,dataverse.msdyn_aievents,2026-08-13,batch-2026-09-04,MOCK
"W/""7635648""",ac3365ff-1cb9-f9bd-250d-5a8510883ee9,2026-08-13T08:24:22Z,2026-08-13T08:24:22Z,Generative answer,Billed,112,true,4fa10a2a-d771-08a6-7e32-22b3e91b518f,69a04fce-ff78-1865-2382-359178d12a09,bdd640fb-0667-1ad1-1c80-317fa3b1799d,HR Helpdesk Bot,3f2ad9c1-7b64-4f6a-9d8e-52c0b7a13e45,Contoso Production,Web chat,Resolved,0,1,38428144,2026-09-04T18:00:00Z,AI-FinOps-MOCK,dataverse.msdyn_aievents,2026-08-13,batch-2026-09-04,MOCK
"W/""8378480""",c65d1195-7b3d-50aa-262d-adb47f03f00e,2026-08-13T14:34:34Z,2026-08-13T14:34:34Z,Generative answer,Billed,14,true,fcee8c23-ebe0-0d2e-56a4-638ce053c23e,6aed4194-8c4d-983b-32cd-ea9ba3f43ad8,bdd640fb-0667-1ad1-1c80-317fa3b1799d,HR Helpdesk Bot,3f2ad9c1-7b64-4f6a-9d8e-52c0b7a13e45,Contoso Production,Web chat,Abandoned,0,1,89885910,2026-09-04T18:00:00Z,AI-FinOps-MOCK,dataverse.msdyn_aievents,2026-08-13,batch-2026-09-04,MOCK
"W/""6025732""",1a2aa1eb-2009-0fd4-ff28-ae97a5926435,2026-08-13T11:52:46Z,2026-08-13T11:52:46Z,Agent action,Billed,99,true,04273325-fec1-01a1-e6fe-b7c68993cac7,9d0e56d2-82a8-b9af-c1d1-0a27ba2ea913,bdd640fb-0667-1ad1-1c80-317fa3b1799d,HR Helpdesk Bot,3f2ad9c1-7b64-4f6a-9d8e-52c0b7a13e45,Contoso Production,Custom website,Resolved,0,1,24583427,2026-09-04T18:00:00Z,AI-FinOps-MOCK,dataverse.msdyn_aievents,2026-08-13,batch-2026-09-04,MOCK
"W/""4346071""",f23d2cb0-9393-e2d9-7f97-2cc9b87ba7fb,2026-08-13T16:08:56Z,2026-08-13T16:08:56Z,Agent action,Billed,129,true,5f28abbf-be22-8f61-97a6-565bc5bbb82f,4d29ef81-b6f7-16db-f80b-43f43e90682b,bdd640fb-0667-1ad1-1c80-317fa3b1799d,HR Helpdesk Bot,3f2ad9c1-7b64-4f6a-9d8e-52c0b7a13e45,Contoso Production,Microsoft Teams,Abandoned,0,1,95225865,2026-09-04T18:00:00Z,AI-FinOps-MOCK,dataverse.msdyn_aievents,2026-08-13,batch-2026-09-04,MOCK
"W/""1385553""",e9a3d786-3965-8ef7-74d8-4b4df6574d85,2026-08-13T14:25:32Z,2026-08-13T14:25:32Z,Agent action,Billed,78,true,2bfea9ec-d3a6-0eff-cfd6-32ec5bc1ed0c,f611602f-5132-6dda-7351-0a4265600ffe,bdd640fb-0667-1ad1-1c80-317fa3b1799d,HR Helpdesk Bot,3f2ad9c1-7b64-4f6a-9d8e-52c0b7a13e45,Contoso Production,Web chat,Escalated,0,1,33684482,2026-09-04T18:00:00Z,AI-FinOps-MOCK,dataverse.msdyn_aievents,2026-08-13,batch-2026-09-04,MOCK
"W/""1125921""",fa2bf405-a66a-9854-3e2a-f5685fcdd9a0,2026-08-13T18:45:34Z,2026-08-13T18:45:34Z,Agent action,Billed,177,true,31cd47a6-cc85-9d0e-09d0-c8f2eda880d2,d0323da5-024d-a7a6-1e53-7afd65b2c013,bdd640fb-0667-1ad1-1c80-317fa3b1799d,HR Helpdesk Bot,3f2ad9c1-7b64-4f6a-9d8e-52c0b7a13e45,Contoso Production,Microsoft Teams,Escalated,0,1,94142246,2026-09-04T18:00:00Z,AI-FinOps-MOCK,dataverse.msdyn_aievents,2026-08-13,batch-2026-09-04,MOCK
"W/""6574964""",05e25e04-f0cb-d7c7-008e-0a741be802a6,2026-08-13T08:52:46Z,2026-08-13T08:52:46Z,Agent action,Billed,135,true,b7f150c1-905c-d29b-e61a-d83518e2556c,0be60b5f-00d6-485d-5770-62a19f462d32,bdd640fb-0667-1ad1-1c80-317fa3b1799d,HR Helpdesk Bot,3f2ad9c1-7b64-4f6a-9d8e-52c0b7a13e45,Contoso Production,Custom website,Abandoned,0,1,72994299,2026-09-04T18:00:00Z,AI-FinOps-MOCK,dataverse.msdyn_aievents,2026-08-13,batch-2026-09-04,MOCK
"W/""2707701""",59dbaa1f-74a0-586f-e72a-3b2a6aec005a,2026-08-13T14:09:28Z,2026-08-13T14:09:28Z,Classic answer,Billed,60,true,026c20b9-d90d-73ce-2141-b507cce2cc26,ec1d2664-3ea0-2741-92d7-b20b5c7c7760,23b8c1e9-3924-56de-3eb1-3b9046685257,Claims Triage Agent,3f2ad9c1-7b64-4f6a-9d8e-52c0b7a13e45,Contoso Production,Custom website,Escalated,0,1,45272566,2026-09-04T18:00:00Z,AI-FinOps-MOCK,dataverse.msdyn_aievents,2026-08-13,batch-2026-09-04,MOCK
"W/""4942146""",2f6031b7-4288-fed0-7ef3-6bc694419d5b,2026-08-13T15:46:10Z,2026-08-13T15:46:10Z,Classic answer,Zero-rated,0,false,fe32c2a4-769e-602d-cb82-e6a5407477c9,5349b583-a66a-ddb1-262f-fd664877c267,23b8c1e9-3924-56de-3eb1-3b9046685257,Claims Triage Agent,3f2ad9c1-7b64-4f6a-9d8e-52c0b7a13e45,Contoso Production,Custom website,Abandoned,0,1,22874023,2026-09-04T18:00:00Z,AI-FinOps-MOCK,dataverse.msdyn_aievents,2026-08-13,batch-2026-09-04,MOCK
"W/""9249696""",fdd5d7eb-6db7-cf19-4f32-29e2c10fc4c1,2026-08-13T19:20:39Z,2026-08-13T19:20:39Z,Classic answer,Billed,42,true,885fc8c8-9307-b7f0-16f1-091353743050,d2e4a3ba-ae67-a373-6c62-04224be39b31,23b8c1e9-3924-56de-3eb1-3b9046685257,Claims Triage Agent,3f2ad9c1-7b64-4f6a-9d8e-52c0b7a13e45,Contoso Production,Web chat,Escalated,0,1,38353715,2026-09-04T18:00:00Z,AI-FinOps-MOCK,dataverse.msdyn_aievents,2026-08-13,batch-2026-09-04,MOCK
"W/""9580571""",abc8115b-4210-7fb4-e6ac-8a6896d3695b,2026-08-13T11:11:41Z,2026-08-13T11:11:41Z,Generative answer,Billed,12,true,7bc627db-9283-c150-f587-735988ebca7c,9c96ae70-f50f-56f8-d405-14698edc04e1,23b8c1e9-3924-56de-3eb1-3b9046685257,Claims Triage Agent,3f2ad9c1-7b64-4f6a-9d8e-52c0b7a13e45,Contoso Production,Web chat,Resolved,0,1,76282560,2026-09-04T18:00:00Z,AI-FinOps-MOCK,dataverse.msdyn_aievents,2026-08-13,batch-2026-09-04,MOCK
"W/""6977355""",233546e5-8d00-a359-84e3-1bdb223120f0,2026-08-13T11:44:45Z,2026-08-13T11:44:45Z,Generative answer,Zero-rated,0,false,02aa40df-808c-c502-e8cc-017ee0567f2b,2920eb93-8780-91ea-af7f-6ee4add58f1b,23b8c1e9-3924-56de-3eb1-3b9046685257,Claims Triage Agent,3f2ad9c1-7b64-4f6a-9d8e-52c0b7a13e45,Contoso Production,Microsoft Teams,Resolved,0,1,51877637,2026-09-04T18:00:00Z,AI-FinOps-MOCK,dataverse.msdyn_aievents,2026-08-13,batch-2026-09-04,MOCK
"W/""3551556""",02f721e0-0a26-560e-2625-5922596fb4c1,2026-08-13T19:02:42Z,2026-08-13T19:02:42Z,Agent action,Billed,180,true,f44f9aba-c681-2164-2072-7022a738087f,d91aa7e5-b0f7-dfaf-c10a-91ef933ae9ff,23b8c1e9-3924-56de-3eb1-3b9046685257,Claims Triage Agent,3f2ad9c1-7b64-4f6a-9d8e-52c0b7a13e45,Contoso Production,Custom website,Abandoned,0,1,14068509,2026-09-04T18:00:00Z,AI-FinOps-MOCK,dataverse.msdyn_aievents,2026-08-13,batch-2026-09-04,MOCK
"W/""1761373""",2c58ffbb-8b19-a7d2-7a74-03ba8ad1c52c,2026-08-13T14:36:44Z,2026-08-13T14:36:44Z,Agent action,Billed,141,true,42efbb0c-3c8a-d2ca-50e1-3ff9e29b1b5f,001f16ab-a829-0fd4-7ec1-3d6a608cb7a2,23b8c1e9-3924-56de-3eb1-3b9046685257,Claims Triage Agent,3f2ad9c1-7b64-4f6a-9d8e-52c0b7a13e45,Contoso Production,Custom website,Abandoned,0,1,69533625,2026-09-04T18:00:00Z,AI-FinOps-MOCK,dataverse.msdyn_aievents,2026-08-13,batch-2026-09-04,MOCK
"W/""1620406""",6214a0f8-1219-ee28-6f7b-c14cc11c2825,2026-08-13T19:21:41Z,2026-08-13T19:21:41Z,Agent action,Billed,111,true,a6894809-1e27-bf33-3fcc-5282113f51c3,75966ea3-1f01-2baf-f082-d7e526bffa83,23b8c1e9-3924-56de-3eb1-3b9046685257,Claims Triage Agent,3f2ad9c1-7b64-4f6a-9d8e-52c0b7a13e45,Contoso Production,Custom website,Abandoned,0,1,98892767,2026-09-04T18:00:00Z,AI-FinOps-MOCK,dataverse.msdyn_aievents,2026-08-13,batch-2026-09-04,MOCK
"W/""7754240""",44bf01b6-79f8-5fff-820c-a3979c8442a1,2026-08-13T14:27:59Z,2026-08-13T14:27:59Z,Classic answer,Billed,16,true,29036094-23d4-434b-e33f-67acc1926b9b,ebbfaf8b-e08a-ded8-3c86-a16ce1277b2f,bd9c66b3-ad3c-2d6d-1a3d-1fa7bc8960a9,Store Ops Assistant,3f2ad9c1-7b64-4f6a-9d8e-52c0b7a13e45,Contoso Production,Microsoft Teams,Abandoned,0,1,48561656,2026-09-04T18:00:00Z,AI-FinOps-MOCK,dataverse.msdyn_aievents,2026-08-13,batch-2026-09-04,MOCK
"W/""8725884""",f54c0d74-c21c-07ba-bad2-3f1c9162dc1f,2026-08-13T14:04:05Z,2026-08-13T14:04:05Z,Classic answer,Billed,24,true,ba1af281-9809-b291-4d48-b77151220445,75566a1c-bea3-54be-ec49-ecba5e3607d4,bd9c66b3-ad3c-2d6d-1a3d-1fa7bc8960a9,Store Ops Assistant,3f2ad9c1-7b64-4f6a-9d8e-52c0b7a13e45,Contoso Production,Microsoft Teams,Abandoned,0,1,21175677,2026-09-04T18:00:00Z,AI-FinOps-MOCK,dataverse.msdyn_aievents,2026-08-13,batch-2026-09-04,MOCK
"W/""6191397""",5d0803d6-1233-ee68-a26c-8142a66b94ff,2026-08-13T17:16:41Z,2026-08-13T17:16:41Z,Generative answer,Billed,46,true,ff7609b8-62da-fbb0-3141-4383eeaef6e4,dadb0e13-55bc-a5e1-41f6-e4431f23e6a2,bd9c66b3-ad3c-2d6d-1a3d-1fa7bc8960a9,Store Ops Assistant,3f2ad9c1-7b64-4f6a-9d8e-52c0b7a13e45,Contoso Production,Microsoft Teams,Abandoned,0,1,99249401,2026-09-04T18:00:00Z,AI-FinOps-MOCK,dataverse.msdyn_aievents,2026-08-13,batch-2026-09-04,MOCK
"W/""4664723""",3aaf8ed2-d412-5b32-ea18-c9ef12f773c2,2026-08-13T16:56:48Z,2026-08-13T16:56:48Z,Generative answer,Billed,120,true,af5efba8-d686-2935-183d-dfac26b04c31,608251be-b31e-f94f-1c19-b22e86d34f7b,bd9c66b3-ad3c-2d6d-1a3d-1fa7bc8960a9,Store Ops Assistant,3f2ad9c1-7b64-4f6a-9d8e-52c0b7a13e45,Contoso Production,Web chat,Resolved,0,1,50497022,2026-09-04T18:00:00Z,AI-FinOps-MOCK,dataverse.msdyn_aievents,2026-08-13,batch-2026-09-04,MOCK
"W/""2819180""",eca1a68c-0ef0-231d-fd44-79d302dc92cb,2026-08-13T13:25:53Z,2026-08-13T13:25:53Z,Generative answer,Billed,22,true,0fd8ef06-6e8d-142c-20be-e3e57c90b3d4,833313bb-6177-b7a3-f09f-aaab7762d118,bd9c66b3-ad3c-2d6d-1a3d-1fa7bc8960a9,Store Ops Assistant,3f2ad9c1-7b64-4f6a-9d8e-52c0b7a13e45,Contoso Production,Custom website,Escalated,0,1,19502237,2026-09-04T18:00:00Z,AI-FinOps-MOCK,dataverse.msdyn_aievents,2026-08-13,batch-2026-09-04,MOCK
"W/""1950964""",49b6a087-6cc1-9bf3-d6c5-46dfa40b8d4c,2026-08-13T19:56:58Z,2026-08-13T19:56:58Z,Generative answer,Billed,46,true,0d2e1ace-e0c6-043d-ff7d-7ddc0887d85b,ebc7ed95-c3bc-7c80-8d1c-846d5625f816,bd9c66b3-ad3c-2d6d-1a3d-1fa7bc8960a9,Store Ops Assistant,3f2ad9c1-7b64-4f6a-9d8e-52c0b7a13e45,Contoso Production,Custom website,Abandoned,0,1,48638059,2026-09-04T18:00:00Z,AI-FinOps-MOCK,dataverse.msdyn_aievents,2026-08-13,batch-2026-09-04,MOCK
"W/""3253362""",fe2e7cee-2bdc-ce5d-e079-3d3380abfe19,2026-08-13T09:46:51Z,2026-08-13T09:46:51Z,Generative answer,Billed,54,true,23df475d-faf7-eed9-c80c-0dfa7b776827,28ec1167-cb14-8792-42f6-457e9f3f8376,bd9c66b3-ad3c-2d6d-1a3d-1fa7bc8960a9,Store Ops Assistant,3f2ad9c1-7b64-4f6a-9d8e-52c0b7a13e45,Contoso Production,Custom website,Abandoned,0,1,83049677,2026-09-04T18:00:00Z,AI-FinOps-MOCK,dataverse.msdyn_aievents,2026-08-13,batch-2026-09-04,MOCK
"W/""5760028""",79c75f62-98e9-2578-df53-4069cf9e39b1,2026-08-13T14:51:48Z,2026-08-13T14:51:48Z,Agent action,Zero-rated,0,false,86586933-4512-5297-abb5-3a2b298ba4cb,27a791b7-cb97-1041-3f13-263fbf3fbbe0,bd9c66b3-ad3c-2d6d-1a3d-1fa7bc8960a9,Store Ops Assistant,3f2ad9c1-7b64-4f6a-9d8e-52c0b7a13e45,Contoso Production,Web chat,Abandoned,0,1,53170446,2026-09-04T18:00:00Z,AI-FinOps-MOCK,dataverse.msdyn_aievents,2026-08-13,batch-2026-09-04,MOCK
"W/""2821074""",380b05c9-f976-ec36-f6f7-bd4fc0d23b64,2026-08-13T16:23:39Z,2026-08-13T16:23:39Z,Agent action,Billed,147,true,5a088d54-7fd0-8bd9-ea42-515934c42c7a,32c21447-c59a-dc06-941f-44d194bcc25c,bd9c66b3-ad3c-2d6d-1a3d-1fa7bc8960a9,Store Ops Assistant,3f2ad9c1-7b64-4f6a-9d8e-52c0b7a13e45,Contoso Production,Microsoft Teams,Escalated,0,1,59275390,2026-09-04T18:00:00Z,AI-FinOps-MOCK,dataverse.msdyn_aievents,2026-08-13,batch-2026-09-04,MOCK
"W/""9424121""",974e7670-65b5-b349-1c9e-12c17d1bb702,2026-08-14T16:34:05Z,2026-08-14T16:34:05Z,Classic answer,Billed,18,true,706a529d-bed1-0bc5-621b-d76c40b64cc0,8fd87f81-6eb0-7b16-5832-c038c41bad6a,bdd640fb-0667-1ad1-1c80-317fa3b1799d,HR Helpdesk Bot,3f2ad9c1-7b64-4f6a-9d8e-52c0b7a13e45,Contoso Production,Custom website,Abandoned,0,1,28250962,2026-09-04T18:00:00Z,AI-FinOps-MOCK,dataverse.msdyn_aievents,2026-08-14,batch-2026-09-04,MOCK
"W/""8653484""",78f0950a-0833-438f-84e7-31dd68119653,2026-08-14T10:19:41Z,2026-08-14T10:19:41Z,Classic answer,Billed,45,true,a99c0296-7804-98b7-546c-95fb22dedc6e,d790cc38-5b40-71b7-7148-5862920fa21e,bdd640fb-0667-1ad1-1c80-317fa3b1799d,HR Helpdesk Bot,3f2ad9c1-7b64-4f6a-9d8e-52c0b7a13e45,Contoso Production,Custom website,Resolved,0,1,35468088,2026-09-04T18:00:00Z,AI-FinOps-MOCK,dataverse.msdyn_aievents,2026-08-14,batch-2026-09-04,MOCK
"W/""8100127""",f48c7b01-6c1a-0469-a7c5-a6a37fa9b419,2026-08-14T12:26:12Z,2026-08-14T12:26:12Z,Classic answer,Zero-rated,0,false,af89c88b-3791-b890-1a9b-5f7626b29f5b,6eedd448-0325-9756-d10a-a52e6f113e4c,bdd640fb-0667-1ad1-1c80-317fa3b1799d,HR Helpdesk Bot,3f2ad9c1-7b64-4f6a-9d8e-52c0b7a13e45,Contoso Production,Microsoft Teams,Abandoned,0,1,48272337,2026-09-04T18:00:00Z,AI-FinOps-MOCK,dataverse.msdyn_aievents,2026-08-14,batch-2026-09-04,MOCK
"W/""9365895""",528df5b7-5ac4-54a0-4fb5-83cd229a0a67,2026-08-14T18:11:50Z,2026-08-14T18:11:50Z,Generative answer,Billed,68,true,997932d9-63c9-995f-7c84-c97daabacd74,c580d039-88c5-4763-9591-c5999659a110,bdd640fb-0667-1ad1-1c80-317fa3b1799d,HR Helpdesk Bot,3f2ad9c1-7b64-4f6a-9d8e-52c0b7a13e45,Contoso Production,Web chat,Escalated,0,1,19037443,2026-09-04T18:00:00Z,AI-FinOps-MOCK,dataverse.msdyn_aievents,2026-08-14,batch-2026-09-04,MOCK
"W/""5187458""",38f63274-b7b2-e259-33c8-7667acaaf309,2026-08-14T16:37:54Z,2026-08-14T16:37:54Z,Generative answer,Zero-rated,0,false,de3dfd2d-e368-c7e5-c092-2a5165c16040,d110defe-90eb-7dc2-9df3-e7dc35a31901,bdd640fb-0667-1ad1-1c80-317fa3b1799d,HR Helpdesk Bot,3f2ad9c1-7b64-4f6a-9d8e-52c0b7a13e45,Contoso Production,Web chat,Resolved,0,1,18998338,2026-09-04T18:00:00Z,AI-FinOps-MOCK,dataverse.msdyn_aievents,2026-08-14,batch-2026-09-04,MOCK
"W/""8690702""",13418594-d3b5-17c9-a887-306d7ee70329,2026-08-14T15:07:23Z,2026-08-14T15:07:23Z,Generative answer,Billed,44,true,a11ac462-ed52-7842-4230-7605934c4a7e,5d23e94b-9f6b-2e44-540b-b48845f39d26,bdd640fb-0667-1ad1-1c80-317fa3b1799d,HR Helpdesk Bot,3f2ad9c1-7b64-4f6a-9d8e-52c0b7a13e45,Contoso Production,Custom website,Abandoned,0,1,62698695,2026-09-04T18:00:00Z,AI-FinOps-MOCK,dataverse.msdyn_aievents,2026-08-14,batch-2026-09-04,MOCK
"W/""8622243""",15900178-4f16-42f4-d15e-64ed74259685,2026-08-14T17:57:54Z,2026-08-14T17:57:54Z,Generative answer,Zero-rated,0,false,1a657306-4810-3809-821d-4ddeeb102e8c,eb38bf6d-2474-22aa-e57a-4e6ed453bd4d,bdd640fb-0667-1ad1-1c80-317fa3b1799d,HR Helpdesk Bot,3f2ad9c1-7b64-4f6a-9d8e-52c0b7a13e45,Contoso Production,Web chat,Escalated,0,1,13873250,2026-09-04T18:00:00Z,AI-FinOps-MOCK,dataverse.msdyn_aievents,2026-08-14,batch-2026-09-04,MOCK
"W/""4708307""",fe7f7bc6-2287-dd40-2c9f-0466d7b96364,2026-08-14T13:08:38Z,2026-08-14T13:08:38Z,Agent action,Billed,60,true,b336f83e-9645-2fff-67db-7392766a2e96,a845f3dd-b21d-58e0-30c3-3ba47c56c7d8,bdd640fb-0667-1ad1-1c80-317fa3b1799d,HR Helpdesk Bot,3f2ad9c1-7b64-4f6a-9d8e-52c0b7a13e45,Contoso Production,Microsoft Teams,Escalated,0,1,71055011,2026-09-04T18:00:00Z,AI-FinOps-MOCK,dataverse.msdyn_aievents,2026-08-14,batch-2026-09-04,MOCK
"W/""4710986""",179e72a1-6f7d-96fb-a84b-313c2120c651,2026-08-14T14:17:21Z,2026-08-14T14:17:21Z,Agent action,Billed,111,true,1390081a-9e36-333f-66ed-abb3d3b26d71,41f760fd-cfaa-a46a-fb31-2fca77fc3ef3,bdd640fb-0667-1ad1-1c80-317fa3b1799d,HR Helpdesk Bot,3f2ad9c1-7b64-4f6a-9d8e-52c0b7a13e45,Contoso Production,Custom website,Abandoned,0,1,39798814,2026-09-04T18:00:00Z,AI-FinOps-MOCK,dataverse.msdyn_aievents,2026-08-14,batch-2026-09-04,MOCK
"W/""3733085""",f34f4ecb-b59b-4217-726f-ba922a860032,2026-08-14T12:22:41Z,2026-08-14T12:22:41Z,Agent action,Billed,132,true,846b9fef-199e-170e-cb93-5d9997f7c5f5,5066eca4-5ab0-2650-02c2-2bd4cd17919d,bdd640fb-0667-1ad1-1c80-317fa3b1799d,HR Helpdesk Bot,3f2ad9c1-7b64-4f6a-9d8e-52c0b7a13e45,Contoso Production,Web chat,Escalated,0,1,16821186,2026-09-04T18:00:00Z,AI-FinOps-MOCK,dataverse.msdyn_aievents,2026-08-14,batch-2026-09-04,MOCK
"W/""9878544""",cd784178-3c90-4eda-f650-b1457c12c7bc,2026-08-14T14:59:53Z,2026-08-14T14:59:53Z,Agent action,Zero-rated,0,false,23f98c55-a00e-7cb9-0128-b55ab7f5bcac,a720dadb-6ad7-d02b-9007-d1e7cf8cf363,bdd640fb-0667-1ad1-1c80-317fa3b1799d,HR Helpdesk Bot,3f2ad9c1-7b64-4f6a-9d8e-52c0b7a13e45,Contoso Production,Microsoft Teams,Resolved,0,1,56347814,2026-09-04T18:00:00Z,AI-FinOps-MOCK,dataverse.msdyn_aievents,2026-08-14,batch-2026-09-04,MOCK
"W/""1803988""",687bff1e-73d4-39fb-9423-ee08c584d652,2026-08-14T14:54:16Z,2026-08-14T14:54:16Z,Classic answer,Billed,19,true,debdbe34-8b2e-1795-c09d-a5482589453e,ed1ae2bd-15cd-1291-717b-63f02936e436,23b8c1e9-3924-56de-3eb1-3b9046685257,Claims Triage Agent,3f2ad9c1-7b64-4f6a-9d8e-52c0b7a13e45,Contoso Production,Custom website,Resolved,0,1,84862442,2026-09-04T18:00:00Z,AI-FinOps-MOCK,dataverse.msdyn_aievents,2026-08-14,batch-2026-09-04,MOCK
"W/""1329330""",c0f257b1-67eb-246a-917b-1162bb65da19,2026-08-14T14:15:07Z,2026-08-14T14:15:07Z,Classic answer,Billed,53,true,2c235e42-e865-d6be-74aa-e0ed8bc8df60,4cbf91ac-fea7-7cfa-f48d-23165fb47d5b,23b8c1e9-3924-56de-3eb1-3b9046685257,Claims Triage Agent,3f2ad9c1-7b64-4f6a-9d8e-52c0b7a13e45,Contoso Production,Microsoft Teams,Escalated,0,1,76152956,2026-09-04T18:00:00Z,AI-FinOps-MOCK,dataverse.msdyn_aievents,2026-08-14,batch-2026-09-04,MOCK
"W/""9890911""",12cbffe1-d83b-52c0-c120-8703b8fbd5c6,2026-08-14T16:59:54Z,2026-08-14T16:59:54Z,Classic answer,Billed,21,true,e27398e4-e42f-bbce-e125-7bf5f609aeea,26d707af-81f8-f19b-dd2c-2d746a5bf38c,23b8c1e9-3924-56de-3eb1-3b9046685257,Claims Triage Agent,3f2ad9c1-7b64-4f6a-9d8e-52c0b7a13e45,Contoso Production,Microsoft Teams,Escalated,0,1,38979664,2026-09-04T18:00:00Z,AI-FinOps-MOCK,dataverse.msdyn_aievents,2026-08-14,batch-2026-09-04,MOCK
"W/""9142673""",748e567a-c19b-b370-1cf5-02c737ca0cd6,2026-08-14T09:08:29Z,2026-08-14T09:08:29Z,Classic answer,Billed,38,true,adcded2d-4bc8-dc2c-76bd-a990c17a78e3,de24e2c0-cee7-8eb3-d1a0-79cae0655ad4,23b8c1e9-3924-56de-3eb1-3b9046685257,Claims Triage Agent,3f2ad9c1-7b64-4f6a-9d8e-52c0b7a13e45,Contoso Production,Microsoft Teams,Abandoned,0,1,74613857,2026-09-04T18:00:00Z,AI-FinOps-MOCK,dataverse.msdyn_aievents,2026-08-14,batch-2026-09-04,MOCK
"W/""8892328""",76135341-2379-2437-451e-83ca28f89b58,2026-08-14T12:12:30Z,2026-08-14T12:12:30Z,Classic answer,Billed,46,true,14b3fd32-c809-15f2-8049-c350596e0a60,61df8fa4-b18d-d4f5-0667-52ca45d6b302,23b8c1e9-3924-56de-3eb1-3b9046685257,Claims Triage Agent,3f2ad9c1-7b64-4f6a-9d8e-52c0b7a13e45,Contoso Production,Web chat,Resolved,0,1,54496417,2026-09-04T18:00:00Z,AI-FinOps-MOCK,dataverse.msdyn_aievents,2026-08-14,batch-2026-09-04,MOCK
"W/""2803319""",70f23c9c-4c3a-70e9-e280-ce7c6d788979,2026-08-14T18:23:13Z,2026-08-14T18:23:13Z,Generative answer,Billed,82,true,e5b84a7e-9c63-f684-5fb1-a7530c26454f,cab2407c-8cc6-48c5-4376-a037a21ec64a,23b8c1e9-3924-56de-3eb1-3b9046685257,Claims Triage Agent,3f2ad9c1-7b64-4f6a-9d8e-52c0b7a13e45,Contoso Production,Custom website,Escalated,0,1,55416440,2026-09-04T18:00:00Z,AI-FinOps-MOCK,dataverse.msdyn_aievents,2026-08-14,batch-2026-09-04,MOCK
"W/""4628747""",4bd4ba00-a2bc-75f5-899e-fb4d2e17da68,2026-08-14T08:30:41Z,2026-08-14T08:30:41Z,Generative answer,Billed,44,true,8b019c9e-d30e-0fa7-6046-4e2d584b3678,3c34e175-92ee-5b46-ac8d-23f082f2f6cf,23b8c1e9-3924-56de-3eb1-3b9046685257,Claims Triage Agent,3f2ad9c1-7b64-4f6a-9d8e-52c0b7a13e45,Contoso Production,Microsoft Teams,Resolved,0,1,80415555,2026-09-04T18:00:00Z,AI-FinOps-MOCK,dataverse.msdyn_aievents,2026-08-14,batch-2026-09-04,MOCK
"W/""4133756""",d58860d8-d461-0732-ef96-4afb249d53a5,2026-08-14T09:53:02Z,2026-08-14T09:53:02Z,Agent action,Billed,105,true,44964033-90c0-7b36-1ea6-98358ba23779,41c1ae5d-33f0-d6f0-36ed-e4eb0e5d8404,23b8c1e9-3924-56de-3eb1-3b9046685257,Claims Triage Agent,3f2ad9c1-7b64-4f6a-9d8e-52c0b7a13e45,Contoso Production,Custom website,Abandoned,0,1,74423555,2026-09-04T18:00:00Z,AI-FinOps-MOCK,dataverse.msdyn_aievents,2026-08-14,batch-2026-09-04,MOCK
"W/""5158345""",c758ebf4-7155-43d8-624d-7e33360725fb,2026-08-14T18:39:50Z,2026-08-14T18:39:50Z,Agent action,Billed,135,true,839dae13-5b6d-c8b7-3b44-fb618ae911d3,5757035d-4834-75ec-d99c-2e308d095402,23b8c1e9-3924-56de-3eb1-3b9046685257,Claims Triage Agent,3f2ad9c1-7b64-4f6a-9d8e-52c0b7a13e45,Contoso Production,Web chat,Abandoned,0,1,14340101,2026-09-04T18:00:00Z,AI-FinOps-MOCK,dataverse.msdyn_aievents,2026-08-14,batch-2026-09-04,MOCK
"W/""9447054""",2408f883-e44f-1e93-cd7b-529aacfead5a,2026-08-14T16:06:13Z,2026-08-14T16:06:13Z,Classic answer,Billed,60,true,b0ae5560-b0b7-ecaf-3b7c-5677c0286ece,ba4de650-b45c-e351-de04-299b1ac723c7,bd9c66b3-ad3c-2d6d-1a3d-1fa7bc8960a9,Store Ops Assistant,3f2ad9c1-7b64-4f6a-9d8e-52c0b7a13e45,Contoso Production,Microsoft Teams,Abandoned,0,1,64682441,2026-09-04T18:00:00Z,AI-FinOps-MOCK,dataverse.msdyn_aievents,2026-08-14,batch-2026-09-04,MOCK
"W/""5716794""",8560feb8-aa9b-4221-50bf-123373b64e2a,2026-08-14T19:25:42Z,2026-08-14T19:25:42Z,Classic answer,Billed,36,true,3fd6345f-fe54-681b-dbcb-87e6bda0a4ec,60b8f18b-5b29-d881-3e59-9718e35d99c4,bd9c66b3-ad3c-2d6d-1a3d-1fa7bc8960a9,Store Ops Assistant,3f2ad9c1-7b64-4f6a-9d8e-52c0b7a13e45,Contoso Production,Web chat,Resolved,0,1,79586829,2026-09-04T18:00:00Z,AI-FinOps-MOCK,dataverse.msdyn_aievents,2026-08-14,batch-2026-09-04,MOCK
"W/""3775525""",fe76a011-0241-4f91-7251-23ce2e53c8df,2026-08-14T10:57:32Z,2026-08-14T10:57:32Z,Classic answer,Billed,53,true,e2703b36-adb8-1a88-ee9d-fa10662a29ae,78de4d52-e7e1-062f-9499-2b1aa187264f,bd9c66b3-ad3c-2d6d-1a3d-1fa7bc8960a9,Store Ops Assistant,3f2ad9c1-7b64-4f6a-9d8e-52c0b7a13e45,Contoso Production,Web chat,Escalated,0,1,75192513,2026-09-04T18:00:00Z,AI-FinOps-MOCK,dataverse.msdyn_aievents,2026-08-14,batch-2026-09-04,MOCK
"W/""9484558""",735253a2-0f78-0a76-e86b-719d502d53b4,2026-08-14T12:11:37Z,2026-08-14T12:11:37Z,Classic answer,Billed,39,true,a2e7d27b-09fb-326a-7011-6af8d4add011,8a0697a1-6eb5-954c-3656-7a6e23d3ed2b,bd9c66b3-ad3c-2d6d-1a3d-1fa7bc8960a9,Store Ops Assistant,3f2ad9c1-7b64-4f6a-9d8e-52c0b7a13e45,Contoso Production,Microsoft Teams,Abandoned,0,1,17173330,2026-09-04T18:00:00Z,AI-FinOps-MOCK,dataverse.msdyn_aievents,2026-08-14,batch-2026-09-04,MOCK
"W/""7496198""",be6aeaef-2436-df33-3e93-84aaaae34d0a,2026-08-14T14:50:14Z,2026-08-14T14:50:14Z,Classic answer,Billed,21,true,ef7af84a-e2e9-389d-1679-629d04e220c7,60294ada-4c98-1f45-d050-c023582f63bd,bd9c66b3-ad3c-2d6d-1a3d-1fa7bc8960a9,Store Ops Assistant,3f2ad9c1-7b64-4f6a-9d8e-52c0b7a13e45,Contoso Production,Microsoft Teams,Resolved,0,1,19762080,2026-09-04T18:00:00Z,AI-FinOps-MOCK,dataverse.msdyn_aievents,2026-08-14,batch-2026-09-04,MOCK
"W/""4052289""",a29455bc-a728-b8e5-ff69-cd69895c0890,2026-08-14T09:46:11Z,2026-08-14T09:46:11Z,Generative answer,Billed,118,true,307498bf-724b-c957-ad40-ff0f6a2bd78e,4299a55b-9705-a76b-a9e2-186f1a997d6c,bd9c66b3-ad3c-2d6d-1a3d-1fa7bc8960a9,Store Ops Assistant,3f2ad9c1-7b64-4f6a-9d8e-52c0b7a13e45,Contoso Production,Custom website,Resolved,0,1,95974538,2026-09-04T18:00:00Z,AI-FinOps-MOCK,dataverse.msdyn_aievents,2026-08-14,batch-2026-09-04,MOCK
"W/""3500753""",bb1f4f1a-ebc3-7ed3-6a51-bd47a5026a1c,2026-08-14T12:52:36Z,2026-08-14T12:52:36Z,Generative answer,Billed,120,true,1a86de6a-ade2-a001-51a9-65dcac6743bf,b3136c22-54c5-431f-8814-a10e1e3c1470,bd9c66b3-ad3c-2d6d-1a3d-1fa7bc8960a9,Store Ops Assistant,3f2ad9c1-7b64-4f6a-9d8e-52c0b7a13e45,Contoso Production,Custom website,Resolved,0,1,33766128,2026-09-04T18:00:00Z,AI-FinOps-MOCK,dataverse.msdyn_aievents,2026-08-14,batch-2026-09-04,MOCK
"W/""3791745""",bdfb37de-b3b2-b1dd-aacc-ed1419fc7703,2026-08-14T11:05:20Z,2026-08-14T11:05:20Z,Generative answer,Zero-rated,0,false,91c29146-0359-7223-8bc1-a687a4ebeb0e,27f8c30b-11e1-0d91-6929-2daaefa68ca4,bd9c66b3-ad3c-2d6d-1a3d-1fa7bc8960a9,Store Ops Assistant,3f2ad9c1-7b64-4f6a-9d8e-52c0b7a13e45,Contoso Production,Web chat,Abandoned,0,1,30716339,2026-09-04T18:00:00Z,AI-FinOps-MOCK,dataverse.msdyn_aievents,2026-08-14,batch-2026-09-04,MOCK
"W/""5991823""",bbfc9df7-5315-9553-3b3d-abffbe487c91,2026-08-14T16:46:52Z,2026-08-14T16:46:52Z,Generative answer,Zero-rated,0,false,c8af10db-797e-873f-983f-4fb7b848d6c9,9ed2bd09-c5a9-2f44-0313-b609397fbfb1,bd9c66b3-ad3c-2d6d-1a3d-1fa7bc8960a9,Store Ops Assistant,3f2ad9c1-7b64-4f6a-9d8e-52c0b7a13e45,Contoso Production,Custom website,Resolved,0,1,65007178,2026-09-04T18:00:00Z,AI-FinOps-MOCK,dataverse.msdyn_aievents,2026-08-14,batch-2026-09-04,MOCK
"W/""2734858""",8d7aa77b-569a-8818-b29a-8f756a8d4797,2026-08-14T11:33:03Z,2026-08-14T11:33:03Z,Agent action,Billed,105,true,6b21b9f7-5c87-0128-d9db-c8784e81ccdb,40278ec7-aedb-93bd-2ead-b53031bbba58,bd9c66b3-ad3c-2d6d-1a3d-1fa7bc8960a9,Store Ops Assistant,3f2ad9c1-7b64-4f6a-9d8e-52c0b7a13e45,Contoso Production,Web chat,Escalated,0,1,10925970,2026-09-04T18:00:00Z,AI-FinOps-MOCK,dataverse.msdyn_aievents,2026-08-14,batch-2026-09-04,MOCK
"W/""6489518""",c0aa3d04-19a9-c1b5-81af-de7a6c0bd37a,2026-08-14T14:00:25Z,2026-08-14T14:00:25Z,Agent action,Billed,57,true,02220aeb-a032-fcfb-42c5-9db75225cbb8,f87acb62-8545-1d23-99f2-e459d49935b8,bd9c66b3-ad3c-2d6d-1a3d-1fa7bc8960a9,Store Ops Assistant,3f2ad9c1-7b64-4f6a-9d8e-52c0b7a13e45,Contoso Production,Web chat,Abandoned,0,1,31159461,2026-09-04T18:00:00Z,AI-FinOps-MOCK,dataverse.msdyn_aievents,2026-08-14,batch-2026-09-04,MOCK
"W/""8325844""",940c92fd-2625-aa82-edbe-8f63214f8528,2026-08-14T15:11:40Z,2026-08-14T15:11:40Z,Agent action,Zero-rated,0,false,ad4807eb-b8f6-3164-3a11-e1082f8fc2b9,69804be9-c9d5-19f7-bf3d-5c75487cf930,bd9c66b3-ad3c-2d6d-1a3d-1fa7bc8960a9,Store Ops Assistant,3f2ad9c1-7b64-4f6a-9d8e-52c0b7a13e45,Contoso Production,Web chat,Resolved,0,1,82393214,2026-09-04T18:00:00Z,AI-FinOps-MOCK,dataverse.msdyn_aievents,2026-08-14,batch-2026-09-04,MOCK
"W/""4181351""",3e41f042-4c31-8dec-73db-b94723ec3e24,2026-08-14T09:42:28Z,2026-08-14T09:42:28Z,Agent action,Billed,93,true,64f50838-71aa-0cad-a8b5-4f85067c409c,a93fdb80-a158-da4f-abc0-ea11b9dd2d5f,bd9c66b3-ad3c-2d6d-1a3d-1fa7bc8960a9,Store Ops Assistant,3f2ad9c1-7b64-4f6a-9d8e-52c0b7a13e45,Contoso Production,Custom website,Escalated,0,1,69878357,2026-09-04T18:00:00Z,AI-FinOps-MOCK,dataverse.msdyn_aievents,2026-08-14,batch-2026-09-04,MOCK
"W/""6031728""",df5e6426-ab2c-9a3a-cc9b-a70476d6cf8e,2026-08-15T09:40:33Z,2026-08-15T09:40:33Z,Classic answer,Billed,5,true,62baeeb3-e922-c50b-6d30-c43aa5bb2518,beec5846-d28b-08b7-9925-e4cb95f94c32,bdd640fb-0667-1ad1-1c80-317fa3b1799d,HR Helpdesk Bot,3f2ad9c1-7b64-4f6a-9d8e-52c0b7a13e45,Contoso Production,Web chat,Resolved,0,1,56225264,2026-09-04T18:00:00Z,AI-FinOps-MOCK,dataverse.msdyn_aievents,2026-08-15,batch-2026-09-04,MOCK
"W/""5591582""",d8797020-e94e-3808-ef4e-c715e71684e8,2026-08-15T15:05:09Z,2026-08-15T15:05:09Z,Classic answer,Billed,6,true,4054049d-fddf-383f-8ccd-a09e0daed99b,5bd19a43-61f3-0978-7986-b96fabcdbf9e,bdd640fb-0667-1ad1-1c80-317fa3b1799d,HR Helpdesk Bot,3f2ad9c1-7b64-4f6a-9d8e-52c0b7a13e45,Contoso Production,Custom website,Resolved,0,1,13885293,2026-09-04T18:00:00Z,AI-FinOps-MOCK,dataverse.msdyn_aievents,2026-08-15,batch-2026-09-04,MOCK
"W/""5996950""",88546987-1fff-0f21-743f-5fe4c2f2faa6,2026-08-15T14:11:11Z,2026-08-15T14:11:11Z,Classic answer,Billed,27,true,a3245c92-f89e-2c3e-3000-3eda0f295f4a,87211042-8407-3f79-c8d1-9090fd049fe7,bdd640fb-0667-1ad1-1c80-317fa3b1799d,HR Helpdesk Bot,3f2ad9c1-7b64-4f6a-9d8e-52c0b7a13e45,Contoso Production,Microsoft Teams,Abandoned,0,1,49044343,2026-09-04T18:00:00Z,AI-FinOps-MOCK,dataverse.msdyn_aievents,2026-08-15,batch-2026-09-04,MOCK
"W/""5807946""",a490cf95-5128-39dd-e2b5-0b20b785579e,2026-08-15T15:06:03Z,2026-08-15T15:06:03Z,Classic answer,Billed,20,true,0f5a3700-613d-6a2d-2fe4-0b5685e735fd,092a3443-be90-96f6-66f0-183c977e5d9a,bdd640fb-0667-1ad1-1c80-317fa3b1799d,HR Helpdesk Bot,3f2ad9c1-7b64-4f6a-9d8e-52c0b7a13e45,Contoso Production,Microsoft Teams,Abandoned,0,1,71048056,2026-09-04T18:00:00Z,AI-FinOps-MOCK,dataverse.msdyn_aievents,2026-08-15,batch-2026-09-04,MOCK
"W/""3431279""",74a88467-12f4-5ba8-d029-989a2932acc4,2026-08-15T17:29:21Z,2026-08-15T17:29:21Z,Generative answer,Zero-rated,0,false,68d22995-69a8-b253-0248-f86981a5313b,4de62d55-d3e0-8fd7-71a2-cc067e6b4b60,bdd640fb-0667-1ad1-1c80-317fa3b1799d,HR Helpdesk Bot,3f2ad9c1-7b64-4f6a-9d8e-52c0b7a13e45,Contoso Production,Custom website,Resolved,0,1,78660272,2026-09-04T18:00:00Z,AI-FinOps-MOCK,dataverse.msdyn_aievents,2026-08-15,batch-2026-09-04,MOCK
"W/""2125933""",ab41390e-b08f-6862-33ee-10bc661936df,2026-08-15T08:45:40Z,2026-08-15T08:45:40Z,Generative answer,Billed,34,true,dbfb2e3c-ce2c-6f7d-c908-529cfd5b8237,f3da7b0d-f462-1048-8097-1f766e492e51,bdd640fb-0667-1ad1-1c80-317fa3b1799d,HR Helpdesk Bot,3f2ad9c1-7b64-4f6a-9d8e-52c0b7a13e45,Contoso Production,Web chat,Resolved,0,1,66962560,2026-09-04T18:00:00Z,AI-FinOps-MOCK,dataverse.msdyn_aievents,2026-08-15,batch-2026-09-04,MOCK
"W/""2588117""",5737279b-5113-4996-3cf1-b0c4f9802efc,2026-08-15T11:27:05Z,2026-08-15T11:27:05Z,Generative answer,Billed,40,true,c13512bf-e4e5-f5e6-9891-f4eae580dee7,75105738-5d23-cbd5-6f7e-e990b8f89faf,bdd640fb-0667-1ad1-1c80-317fa3b1799d,HR Helpdesk Bot,3f2ad9c1-7b64-4f6a-9d8e-52c0b7a13e45,Contoso Production,Microsoft Teams,Escalated,0,1,29424000,2026-09-04T18:00:00Z,AI-FinOps-MOCK,dataverse.msdyn_aievents,2026-08-15,batch-2026-09-04,MOCK
"W/""9458670""",ac901d63-4170-046f-e712-e2c1ca14bd48,2026-08-15T16:07:42Z,2026-08-15T16:07:42Z,Generative answer,Billed,116,true,daf8a1c4-4de4-c177-b949-329e1d4a526b,ceacb2ac-2f55-c2fd-614a-441576c65bdb,bdd640fb-0667-1ad1-1c80-317fa3b1799d,HR Helpdesk Bot,3f2ad9c1-7b64-4f6a-9d8e-52c0b7a13e45,Contoso Production,Custom website,Resolved,0,1,78361701,2026-09-04T18:00:00Z,AI-FinOps-MOCK,dataverse.msdyn_aievents,2026-08-15,batch-2026-09-04,MOCK
"W/""5855439""",6d0374ea-8ea3-83bc-11d6-b432683d7682,2026-08-15T15:03:50Z,2026-08-15T15:03:50Z,Agent action,Billed,171,true,16726de3-7bdf-d916-ada3-fc727655347b,e18a9422-6836-80e7-be1f-dd16e0f0ec7f,bdd640fb-0667-1ad1-1c80-317fa3b1799d,HR Helpdesk Bot,3f2ad9c1-7b64-4f6a-9d8e-52c0b7a13e45,Contoso Production,Web chat,Resolved,0,1,79654659,2026-09-04T18:00:00Z,AI-FinOps-MOCK,dataverse.msdyn_aievents,2026-08-15,batch-2026-09-04,MOCK
"W/""2460421""",e89e46d0-a931-21be-9605-967c26bfa115,2026-08-15T08:16:56Z,2026-08-15T08:16:56Z,Agent action,Zero-rated,0,false,333872ca-e531-6f5a-6de0-e90238e222df,84c94678-25aa-09a1-2528-55eec50c3cfa,bdd640fb-0667-1ad1-1c80-317fa3b1799d,HR Helpdesk Bot,3f2ad9c1-7b64-4f6a-9d8e-52c0b7a13e45,Contoso Production,Microsoft Teams,Abandoned,0,1,98787915,2026-09-04T18:00:00Z,AI-FinOps-MOCK,dataverse.msdyn_aievents,2026-08-15,batch-2026-09-04,MOCK
"W/""2226189""",7c5be352-4c1d-ceed-c32c-ee3c36657196,2026-08-15T16:00:50Z,2026-08-15T16:00:50Z,Classic answer,Billed,43,true,0ad6dad3-d3a9-40ac-bf5d-7d3426a000b4,7d72b361-6f19-da16-9095-f475f0541699,23b8c1e9-3924-56de-3eb1-3b9046685257,Claims Triage Agent,3f2ad9c1-7b64-4f6a-9d8e-52c0b7a13e45,Contoso Production,Microsoft Teams,Abandoned,0,1,66635499,2026-09-04T18:00:00Z,AI-FinOps-MOCK,dataverse.msdyn_aievents,2026-08-15,batch-2026-09-04,MOCK
"W/""7280947""",634edfba-d123-3058-7190-9b1b35b5d747,2026-08-15T09:39:27Z,2026-08-15T09:39:27Z,Classic answer,Billed,27,true,06703d0f-fe21-f22e-7514-790bfd8842ff,de00f265-9fc0-fa88-df66-dc8b3e092f34,23b8c1e9-3924-56de-3eb1-3b9046685257,Claims Triage Agent,3f2ad9c1-7b64-4f6a-9d8e-52c0b7a13e45,Contoso Production,Custom website,Resolved,0,1,74555025,2026-09-04T18:00:00Z,AI-FinOps-MOCK,dataverse.msdyn_aievents,2026-08-15,batch-2026-09-04,MOCK
"W/""4973548""",ac926133-7142-52f0-f447-b2c29df1cfb1,2026-08-15T09:19:14Z,2026-08-15T09:19:14Z,Classic answer,Billed,43,true,57c0aff5-0038-68ec-d199-123251ba64b1,8ce8b8d9-038f-6689-3830-ac17e3c3ba9a,23b8c1e9-3924-56de-3eb1-3b9046685257,Claims Triage Agent,3f2ad9c1-7b64-4f6a-9d8e-52c0b7a13e45,Contoso Production,Custom website,Resolved,0,1,38540841,2026-09-04T18:00:00Z,AI-FinOps-MOCK,dataverse.msdyn_aievents,2026-08-15,batch-2026-09-04,MOCK
"W/""5915913""",d5747427-d5e4-66d7-fba2-0f6d6dee8c27,2026-08-15T08:57:06Z,2026-08-15T08:57:06Z,Generative answer,Billed,120,true,59b72850-1ca2-2146-eb1c-5a037d63ce12,a2d229f8-f518-05e7-1536-f9421363ace6,23b8c1e9-3924-56de-3eb1-3b9046685257,Claims Triage Agent,3f2ad9c1-7b64-4f6a-9d8e-52c0b7a13e45,Contoso Production,Custom website,Abandoned,0,1,85290822,2026-09-04T18:00:00Z,AI-FinOps-MOCK,dataverse.msdyn_aievents,2026-08-15,batch-2026-09-04,MOCK
"W/""1879825""",d531c4ef-bdc6-e776-28c0-d20b3da76a58,2026-08-15T10:56:31Z,2026-08-15T10:56:31Z,Generative answer,Billed,100,true,8177951c-b8d6-e904-4bf2-16062b7376fc,6068fbee-3c96-2a4a-107a-72d99cb200e3,23b8c1e9-3924-56de-3eb1-3b9046685257,Claims Triage Agent,3f2ad9c1-7b64-4f6a-9d8e-52c0b7a13e45,Contoso Production,Microsoft Teams,Escalated,0,1,36209209,2026-09-04T18:00:00Z,AI-FinOps-MOCK,dataverse.msdyn_aievents,2026-08-15,batch-2026-09-04,MOCK
"W/""7628219""",ebc2faba-ff9c-1f21-c6dc-661c6fb11660,2026-08-15T13:28:41Z,2026-08-15T13:28:41Z,Generative answer,Billed,54,true,dc08c511-91d8-1d75-3f4e-1352b9acdb3b,15ca5d43-893f-9d55-048f-bff54da5e82a,23b8c1e9-3924-56de-3eb1-3b9046685257,Claims Triage Agent,3f2ad9c1-7b64-4f6a-9d8e-52c0b7a13e45,Contoso Production,Custom website,Resolved,0,1,76678206,2026-09-04T18:00:00Z,AI-FinOps-MOCK,dataverse.msdyn_aievents,2026-08-15,batch-2026-09-04,MOCK
"W/""3635636""",97c589d6-5e6f-9908-70d2-55ea7d1bfff5,2026-08-15T12:45:33Z,2026-08-15T12:45:33Z,Generative answer,Billed,74,true,73a67884-d459-bb16-e75b-f33a4da79dcf,2bbd61e6-d97e-35ba-2f9c-9d119a8470cb,23b8c1e9-3924-56de-3eb1-3b9046685257,Claims Triage Agent,3f2ad9c1-7b64-4f6a-9d8e-52c0b7a13e45,Contoso Production,Web chat,Abandoned,0,1,17003402,2026-09-04T18:00:00Z,AI-FinOps-MOCK,dataverse.msdyn_aievents,2026-08-15,batch-2026-09-04,MOCK
"W/""7297928""",508dcfbe-9cbd-957f-5ae2-3112769b917d,2026-08-15T10:16:41Z,2026-08-15T10:16:41Z,Generative answer,Zero-rated,0,false,a17a4bf8-9daf-902e-d5bd-4b147bedf00d,797aae98-3efc-c41f-349f-00ae62056386,23b8c1e9-3924-56de-3eb1-3b9046685257,Claims Triage Agent,3f2ad9c1-7b64-4f6a-9d8e-52c0b7a13e45,Contoso Production,Microsoft Teams,Abandoned,0,1,19580526,2026-09-04T18:00:00Z,AI-FinOps-MOCK,dataverse.msdyn_aievents,2026-08-15,batch-2026-09-04,MOCK
"W/""8646597""",50350f85-6a93-5ce7-1c5f-68a0e8d338b4,2026-08-15T15:01:35Z,2026-08-15T15:01:35Z,Agent action,Billed,180,true,f89014aa-ce6f-3b4d-873e-1bfe0d8875a2,342f2b72-0cac-dcbc-77be-cf511c1cb8f8,23b8c1e9-3924-56de-3eb1-3b9046685257,Claims Triage Agent,3f2ad9c1-7b64-4f6a-9d8e-52c0b7a13e45,Contoso Production,Custom website,Escalated,0,1,63074069,2026-09-04T18:00:00Z,AI-FinOps-MOCK,dataverse.msdyn_aievents,2026-08-15,batch-2026-09-04,MOCK
"W/""2726135""",46713b9b-e27d-c230-948f-18d56d921fb9,2026-08-15T10:18:09Z,2026-08-15T10:18:09Z,Agent action,Zero-rated,0,false,b3a54c88-cd93-06df-3d85-a58b545a5f07,508d2eef-4247-212f-8b3a-303eb5a633bb,23b8c1e9-3924-56de-3eb1-3b9046685257,Claims Triage Agent,3f2ad9c1-7b64-4f6a-9d8e-52c0b7a13e45,Contoso Production,Web chat,Escalated,0,1,31775731,2026-09-04T18:00:00Z,AI-FinOps-MOCK,dataverse.msdyn_aievents,2026-08-15,batch-2026-09-04,MOCK
"W/""5669518""",701b86a5-dda4-b594-a3ba-3c6245aaf4ca,2026-08-15T18:29:08Z,2026-08-15T18:29:08Z,Agent action,Billed,168,true,cab725a8-33e9-b123-c27e-03735886692a,8dfc8f0b-a0bd-c1e5-d616-e72b9eaecac5,23b8c1e9-3924-56de-3eb1-3b9046685257,Claims Triage Agent,3f2ad9c1-7b64-4f6a-9d8e-52c0b7a13e45,Contoso Production,Web chat,Abandoned,0,1,96931154,2026-09-04T18:00:00Z,AI-FinOps-MOCK,dataverse.msdyn_aievents,2026-08-15,batch-2026-09-04,MOCK
"W/""3485716""",2afcbdbb-9ca5-b92d-e584-c24cfef7c3eb,2026-08-15T12:56:33Z,2026-08-15T12:56:33Z,Classic answer,Billed,10,true,9c40b89c-7bb3-a0cf-f70a-f7e632e9550e,2e1484eb-cbb0-15b6-d489-2cd1fdce683f,bd9c66b3-ad3c-2d6d-1a3d-1fa7bc8960a9,Store Ops Assistant,3f2ad9c1-7b64-4f6a-9d8e-52c0b7a13e45,Contoso Production,Web chat,Abandoned,0,1,86865743,2026-09-04T18:00:00Z,AI-FinOps-MOCK,dataverse.msdyn_aievents,2026-08-15,batch-2026-09-04,MOCK
"W/""7886012""",02216a27-525a-bf61-aab0-59a0f8a8d98f,2026-08-15T17:24:34Z,2026-08-15T17:24:34Z,Classic answer,Billed,48,true,1ee4e17d-068a-d005-6adf-bab461277c0f,66eaf779-15ed-2b3e-eca2-098cdaf7cff5,bd9c66b3-ad3c-2d6d-1a3d-1fa7bc8960a9,Store Ops Assistant,3f2ad9c1-7b64-4f6a-9d8e-52c0b7a13e45,Contoso Production,Web chat,Escalated,0,1,80610741,2026-09-04T18:00:00Z,AI-FinOps-MOCK,dataverse.msdyn_aievents,2026-08-15,batch-2026-09-04,MOCK
"W/""6809368""",3ce3b388-0774-8631-e9f9-d330f9b0fa27,2026-08-15T13:06:05Z,2026-08-15T13:06:05Z,Classic answer,Billed,30,true,8d7063f2-5eb6-4b26-5d3b-e08052ef9304,8b389a81-d9ba-02bf-cd30-74091a58df44,bd9c66b3-ad3c-2d6d-1a3d-1fa7bc8960a9,Store Ops Assistant,3f2ad9c1-7b64-4f6a-9d8e-52c0b7a13e45,Contoso Production,Custom website,Resolved,0,1,16878332,2026-09-04T18:00:00Z,AI-FinOps-MOCK,dataverse.msdyn_aievents,2026-08-15,batch-2026-09-04,MOCK
"W/""9112859""",2f8fe219-cc1b-b9e6-a88f-01cd7ae4bf8b,2026-08-15T13:27:54Z,2026-08-15T13:27:54Z,Generative answer,Billed,12,true,f6b0bf45-3013-a9dd-1ade-58b6a3b90f9c,899d710a-0a47-5309-0488-e8176fb180ba,bd9c66b3-ad3c-2d6d-1a3d-1fa7bc8960a9,Store Ops Assistant,3f2ad9c1-7b64-4f6a-9d8e-52c0b7a13e45,Contoso Production,Web chat,Abandoned,0,1,38698891,2026-09-04T18:00:00Z,AI-FinOps-MOCK,dataverse.msdyn_aievents,2026-08-15,batch-2026-09-04,MOCK
"W/""4925387""",c74e05e0-2350-0845-8794-ea2c7e799bfb,2026-08-15T19:27:15Z,2026-08-15T19:27:15Z,Generative answer,Billed,12,true,6c0120fc-3e6a-8d02-daa8-7a69f246cd32,1d3330a2-f357-72cb-b3ab-881595c623d5,bd9c66b3-ad3c-2d6d-1a3d-1fa7bc8960a9,Store Ops Assistant,3f2ad9c1-7b64-4f6a-9d8e-52c0b7a13e45,Contoso Production,Microsoft Teams,Abandoned,0,1,93240143,2026-09-04T18:00:00Z,AI-FinOps-MOCK,dataverse.msdyn_aievents,2026-08-15,batch-2026-09-04,MOCK
"W/""3833452""",939322dc-1098-d7a3-e02e-5966d4177bc7,2026-08-15T18:33:28Z,2026-08-15T18:33:28Z,Generative answer,Billed,72,true,32abfe4a-6226-cbd9-cf95-3a96197bac73,a90408b5-b028-c6f7-01b2-d1ecab79e172,bd9c66b3-ad3c-2d6d-1a3d-1fa7bc8960a9,Store Ops Assistant,3f2ad9c1-7b64-4f6a-9d8e-52c0b7a13e45,Contoso Production,Custom website,Resolved,0,1,67987910,2026-09-04T18:00:00Z,AI-FinOps-MOCK,dataverse.msdyn_aievents,2026-08-15,batch-2026-09-04,MOCK
"W/""5526521""",1a0c64d4-2f20-0696-7b41-cd99d34550bb,2026-08-15T16:02:01Z,2026-08-15T16:02:01Z,Generative answer,Billed,62,true,78c51409-5499-2a26-32f7-53a3539e42c7,05389893-082a-2dbe-aa7b-73ffe3c06125,bd9c66b3-ad3c-2d6d-1a3d-1fa7bc8960a9,Store Ops Assistant,3f2ad9c1-7b64-4f6a-9d8e-52c0b7a13e45,Contoso Production,Custom website,Resolved,0,1,54336695,2026-09-04T18:00:00Z,AI-FinOps-MOCK,dataverse.msdyn_aievents,2026-08-15,batch-2026-09-04,MOCK
"W/""4123589""",ba203b28-a907-b86d-0d77-f5470288566e,2026-08-15T15:57:03Z,2026-08-15T15:57:03Z,Generative answer,Billed,20,true,f0e870f7-53dd-c8c8-f046-3fb259f21b49,a713b505-03a2-b3f1-5d64-9067a9105748,bd9c66b3-ad3c-2d6d-1a3d-1fa7bc8960a9,Store Ops Assistant,3f2ad9c1-7b64-4f6a-9d8e-52c0b7a13e45,Contoso Production,Microsoft Teams,Abandoned,0,1,82956480,2026-09-04T18:00:00Z,AI-FinOps-MOCK,dataverse.msdyn_aievents,2026-08-15,batch-2026-09-04,MOCK
"W/""6449844""",9b10a90a-96e3-2d61-2fef-1183ee2f4e50,2026-08-15T08:58:03Z,2026-08-15T08:58:03Z,Agent action,Billed,126,true,3991de41-24ff-c6f5-4375-5facc414a35d,a9f2377b-589e-a238-5af3-ab55218e7f73,bd9c66b3-ad3c-2d6d-1a3d-1fa7bc8960a9,Store Ops Assistant,3f2ad9c1-7b64-4f6a-9d8e-52c0b7a13e45,Contoso Production,Web chat,Resolved,0,1,96739198,2026-09-04T18:00:00Z,AI-FinOps-MOCK,dataverse.msdyn_aievents,2026-08-15,batch-2026-09-04,MOCK
"W/""4534846""",15719151-c86d-ec75-a51b-c61c2c93ae78,2026-08-15T10:43:49Z,2026-08-15T10:43:49Z,Agent action,Billed,129,true,4d65fffd-ad58-dcf4-2c4d-cc40ec323365,241bf952-01dc-1f56-cb9b-4f9632f85739,bd9c66b3-ad3c-2d6d-1a3d-1fa7bc8960a9,Store Ops Assistant,3f2ad9c1-7b64-4f6a-9d8e-52c0b7a13e45,Contoso Production,Web chat,Abandoned,0,1,98261990,2026-09-04T18:00:00Z,AI-FinOps-MOCK,dataverse.msdyn_aievents,2026-08-15,batch-2026-09-04,MOCK
"W/""4658130""",3d278678-12b0-5044-a104-cb51665fa35a,2026-08-15T11:44:01Z,2026-08-15T11:44:01Z,Agent action,Billed,51,true,7dc78534-fb61-9dfa-23c0-a6b02294bec2,94631f4a-bbe7-d16e-6c2c-3a8be4c906f5,bd9c66b3-ad3c-2d6d-1a3d-1fa7bc8960a9,Store Ops Assistant,3f2ad9c1-7b64-4f6a-9d8e-52c0b7a13e45,Contoso Production,Microsoft Teams,Escalated,0,1,97156409,2026-09-04T18:00:00Z,AI-FinOps-MOCK,dataverse.msdyn_aievents,2026-08-15,batch-2026-09-04,MOCK
"W/""9329833""",3adee14a-de63-438d-a78b-2a26e67f12b4,2026-08-15T18:16:19Z,2026-08-15T18:16:19Z,Agent action,Billed,105,true,b891f8ef-a204-a975-9ae6-a263030f9f63,d6b3e379-1efa-c31f-1a17-cdfc8375413b,bd9c66b3-ad3c-2d6d-1a3d-1fa7bc8960a9,Store Ops Assistant,3f2ad9c1-7b64-4f6a-9d8e-52c0b7a13e45,Contoso Production,Microsoft Teams,Abandoned,0,1,69711873,2026-09-04T18:00:00Z,AI-FinOps-MOCK,dataverse.msdyn_aievents,2026-08-15,batch-2026-09-04,MOCK
"W/""9187602""",7b015887-617f-a0d8-d32d-e00c6b51227c,2026-08-15T16:00:51Z,2026-08-15T16:00:51Z,Agent action,Billed,153,true,34c21102-56ec-56d2-4e10-962a8714b335,4a4daab0-32b4-4207-ed66-c6b9fcb78cd9,bd9c66b3-ad3c-2d6d-1a3d-1fa7bc8960a9,Store Ops Assistant,3f2ad9c1-7b64-4f6a-9d8e-52c0b7a13e45,Contoso Production,Custom website,Abandoned,0,1,35660323,2026-09-04T18:00:00Z,AI-FinOps-MOCK,dataverse.msdyn_aievents,2026-08-15,batch-2026-09-04,MOCK
"W/""4675958""",11dd7b31-c7f2-4aa9-0a15-c1de74a134e9,2026-08-16T15:32:19Z,2026-08-16T15:32:19Z,Classic answer,Billed,54,true,c2854df2-81e7-df56-12d4-04afadc9fc05,32ff2536-0bbf-fdff-aef2-b2e1f2f503e2,bdd640fb-0667-1ad1-1c80-317fa3b1799d,HR Helpdesk Bot,3f2ad9c1-7b64-4f6a-9d8e-52c0b7a13e45,Contoso Production,Microsoft Teams,Abandoned,0,1,63516569,2026-09-04T18:00:00Z,AI-FinOps-MOCK,dataverse.msdyn_aievents,2026-08-16,batch-2026-09-04,MOCK
"W/""6472316""",50178ffc-059f-2402-6bec-e26f0627e64c,2026-08-16T14:13:30Z,2026-08-16T14:13:30Z,Classic answer,Billed,18,true,f5083221-3e4a-d5bf-387f-4d720f6669d1,18f6e7d7-5fc0-baea-ede9-9da9b8b7e157,bdd640fb-0667-1ad1-1c80-317fa3b1799d,HR Helpdesk Bot,3f2ad9c1-7b64-4f6a-9d8e-52c0b7a13e45,Contoso Production,Microsoft Teams,Escalated,0,1,41717341,2026-09-04T18:00:00Z,AI-FinOps-MOCK,dataverse.msdyn_aievents,2026-08-16,batch-2026-09-04,MOCK
"W/""5825854""",ae311d60-5a97-f750-de08-72c1fafffe40,2026-08-16T18:49:30Z,2026-08-16T18:49:30Z,Classic answer,Billed,51,true,f47ab5ed-a00b-d8af-7374-6828eb64cfa7,deb4eff2-cff6-d8bc-6999-e4483c2708a9,bdd640fb-0667-1ad1-1c80-317fa3b1799d,HR Helpdesk Bot,3f2ad9c1-7b64-4f6a-9d8e-52c0b7a13e45,Contoso Production,Microsoft Teams,Escalated,0,1,42363841,2026-09-04T18:00:00Z,AI-FinOps-MOCK,dataverse.msdyn_aievents,2026-08-16,batch-2026-09-04,MOCK
"W/""8264153""",2b37b4d8-00f4-3295-dde1-cd9ec8cccdf4,2026-08-16T18:08:51Z,2026-08-16T18:08:51Z,Generative answer,Billed,94,true,2fc1aa49-3c7c-cde4-d5eb-50d170c40435,e398a0cb-66c5-c513-20dd-4f6becbdb233,bdd640fb-0667-1ad1-1c80-317fa3b1799d,HR Helpdesk Bot,3f2ad9c1-7b64-4f6a-9d8e-52c0b7a13e45,Contoso Production,Custom website,Abandoned,0,1,27528778,2026-09-04T18:00:00Z,AI-FinOps-MOCK,dataverse.msdyn_aievents,2026-08-16,batch-2026-09-04,MOCK
"W/""8784419""",9ab04c34-2f37-26d7-214b-58be06ab5b68,2026-08-16T10:40:33Z,2026-08-16T10:40:33Z,Generative answer,Billed,66,true,04294f9d-039b-57f8-beb9-ec494d6bd4df,548e3053-7d3e-2f1a-b743-4e8c9663332f,bdd640fb-0667-1ad1-1c80-317fa3b1799d,HR Helpdesk Bot,3f2ad9c1-7b64-4f6a-9d8e-52c0b7a13e45,Contoso Production,Microsoft Teams,Resolved,0,1,10495111,2026-09-04T18:00:00Z,AI-FinOps-MOCK,dataverse.msdyn_aievents,2026-08-16,batch-2026-09-04,MOCK
"W/""5437455""",c7402160-9323-c3b3-02e4-594efbdc1176,2026-08-16T18:54:44Z,2026-08-16T18:54:44Z,Agent action,Billed,129,true,5a1addab-69b1-576b-9348-bc25ca6052c8,d6dad678-da95-6391-77c5-187c6b0182ca,bdd640fb-0667-1ad1-1c80-317fa3b1799d,HR Helpdesk Bot,3f2ad9c1-7b64-4f6a-9d8e-52c0b7a13e45,Contoso Production,Custom website,Abandoned,0,1,58089215,2026-09-04T18:00:00Z,AI-FinOps-MOCK,dataverse.msdyn_aievents,2026-08-16,batch-2026-09-04,MOCK
"W/""9790175""",d4e73c84-c236-06da-1768-66aca8c9ed47,2026-08-16T19:22:38Z,2026-08-16T19:22:38Z,Agent action,Billed,66,true,e054a5ab-35fc-c0fc-1065-cf9a71137ee0,29334ae9-38e2-9c52-09a7-3699e393af22,bdd640fb-0667-1ad1-1c80-317fa3b1799d,HR Helpdesk Bot,3f2ad9c1-7b64-4f6a-9d8e-52c0b7a13e45,Contoso Production,Custom website,Resolved,0,1,85270241,2026-09-04T18:00:00Z,AI-FinOps-MOCK,dataverse.msdyn_aievents,2026-08-16,batch-2026-09-04,MOCK
"W/""4557072""",34325c12-bc86-3d7a-4ada-5ef98b79657e,2026-08-16T19:10:06Z,2026-08-16T19:10:06Z,Agent action,Billed,48,true,c546ab55-17e5-a514-20b7-268837b2790f,3af683c5-d410-1d16-e0da-9d073e2ccbea,bdd640fb-0667-1ad1-1c80-317fa3b1799d,HR Helpdesk Bot,3f2ad9c1-7b64-4f6a-9d8e-52c0b7a13e45,Contoso Production,Microsoft Teams,Resolved,0,1,96774023,2026-09-04T18:00:00Z,AI-FinOps-MOCK,dataverse.msdyn_aievents,2026-08-16,batch-2026-09-04,MOCK
"W/""1024519""",2108869c-c086-d1e3-0765-2e7d309c6c39,2026-08-16T17:21:24Z,2026-08-16T17:21:24Z,Classic answer,Billed,15,true,00725554-aeb9-ad26-32e1-cd1898a2beb7,80f006a8-deee-1fcc-5690-40b594d29985,23b8c1e9-3924-56de-3eb1-3b9046685257,Claims Triage Agent,3f2ad9c1-7b64-4f6a-9d8e-52c0b7a13e45,Contoso Production,Web chat,Abandoned,0,1,34510535,2026-09-04T18:00:00Z,AI-FinOps-MOCK,dataverse.msdyn_aievents,2026-08-16,batch-2026-09-04,MOCK
"W/""1842484""",2c170b04-b1e6-67f8-d6a5-2a5e0514f346,2026-08-16T15:22:09Z,2026-08-16T15:22:09Z,Classic answer,Zero-rated,0,false,981066a0-6491-1e42-5b71-16b15359855a,fccdae6c-82ed-de4e-1574-5e66363f03da,23b8c1e9-3924-56de-3eb1-3b9046685257,Claims Triage Agent,3f2ad9c1-7b64-4f6a-9d8e-52c0b7a13e45,Contoso Production,Web chat,Resolved,0,1,68404729,2026-09-04T18:00:00Z,AI-FinOps-MOCK,dataverse.msdyn_aievents,2026-08-16,batch-2026-09-04,MOCK
"W/""9838055""",3b2339f9-4d3a-5eaa-480f-da937ad83223,2026-08-16T09:17:15Z,2026-08-16T09:17:15Z,Generative answer,Billed,90,true,01ca636e-3ede-f58b-d9f4-0c617e526710,5a26e8dc-f99c-7982-3a5c-63e359bf4443,23b8c1e9-3924-56de-3eb1-3b9046685257,Claims Triage Agent,3f2ad9c1-7b64-4f6a-9d8e-52c0b7a13e45,Contoso Production,Custom website,Escalated,0,1,27728902,2026-09-04T18:00:00Z,AI-FinOps-MOCK,dataverse.msdyn_aievents,2026-08-16,batch-2026-09-04,MOCK
"W/""9223388""",ee26b04c-3ab6-66b0-c3b1-e82b61c7b381,2026-08-16T11:00:02Z,2026-08-16T11:00:02Z,Generative answer,Billed,62,true,5347491b-2fbc-dc51-a273-9208c5c4d605,3e82ae52-a828-f4bd-7538-f630231defc1,23b8c1e9-3924-56de-3eb1-3b9046685257,Claims Triage Agent,3f2ad9c1-7b64-4f6a-9d8e-52c0b7a13e45,Contoso Production,Custom website,Escalated,0,1,61773880,2026-09-04T18:00:00Z,AI-FinOps-MOCK,dataverse.msdyn_aievents,2026-08-16,batch-2026-09-04,MOCK
"W/""2487738""",18388df3-9400-ed89-f2da-c7c33b44b838,2026-08-16T12:35:35Z,2026-08-16T12:35:35Z,Generative answer,Billed,108,true,0202f956-df7d-8a14-2571-f3eb46363c51,5cc82ba8-7fba-11ab-f8d8-149d3b22a6cc,23b8c1e9-3924-56de-3eb1-3b9046685257,Claims Triage Agent,3f2ad9c1-7b64-4f6a-9d8e-52c0b7a13e45,Contoso Production,Web chat,Abandoned,0,1,51618941,2026-09-04T18:00:00Z,AI-FinOps-MOCK,dataverse.msdyn_aievents,2026-08-16,batch-2026-09-04,MOCK
"W/""1486873""",8731020b-96dc-9a6e-3c0e-5d671a05ba29,2026-08-16T09:53:19Z,2026-08-16T09:53:19Z,Agent action,Billed,60,true,8f9f4305-b2e8-ecfe-78bf-a5648f98695d,9cbf03ec-f79c-4eed-2968-e3db4f07771b,23b8c1e9-3924-56de-3eb1-3b9046685257,Claims Triage Agent,3f2ad9c1-7b64-4f6a-9d8e-52c0b7a13e45,Contoso Production,Web chat,Resolved,0,1,37129669,2026-09-04T18:00:00Z,AI-FinOps-MOCK,dataverse.msdyn_aievents,2026-08-16,batch-2026-09-04,MOCK
"W/""5288116""",2ff9a249-c0bd-2806-f60a-4df4e3401a76,2026-08-16T09:32:59Z,2026-08-16T09:32:59Z,Agent action,Billed,102,true,030b79bc-482e-dae9-e2de-ec438922c52c,a0b48ea7-b2ae-7aa0-896f-e8bccac6b6dc,23b8c1e9-3924-56de-3eb1-3b9046685257,Claims Triage Agent,3f2ad9c1-7b64-4f6a-9d8e-52c0b7a13e45,Contoso Production,Custom website,Abandoned,0,1,59234171,2026-09-04T18:00:00Z,AI-FinOps-MOCK,dataverse.msdyn_aievents,2026-08-16,batch-2026-09-04,MOCK
"W/""6631010""",c2660371-26e7-a603-11aa-dac52608fae3,2026-08-16T08:11:42Z,2026-08-16T08:11:42Z,Classic answer,Billed,37,true,496e7fe3-d314-251e-0c81-7c6d0d1357c8,4456bf5c-6775-1393-1734-c5efa4434d7e,bd9c66b3-ad3c-2d6d-1a3d-1fa7bc8960a9,Store Ops Assistant,3f2ad9c1-7b64-4f6a-9d8e-52c0b7a13e45,Contoso Production,Custom website,Abandoned,0,1,58272640,2026-09-04T18:00:00Z,AI-FinOps-MOCK,dataverse.msdyn_aievents,2026-08-16,batch-2026-09-04,MOCK
"W/""7799748""",7a1e556e-eb0b-adc9-8a56-96d342fd343d,2026-08-16T13:22:36Z,2026-08-16T13:22:36Z,Classic answer,Billed,60,true,deae3015-3034-07d3-0814-b253d3d274e7,1efe5fba-ee6b-8213-22ab-5867d5ef2a57,bd9c66b3-ad3c-2d6d-1a3d-1fa7bc8960a9,Store Ops Assistant,3f2ad9c1-7b64-4f6a-9d8e-52c0b7a13e45,Contoso Production,Custom website,Escalated,0,1,12003036,2026-09-04T18:00:00Z,AI-FinOps-MOCK,dataverse.msdyn_aievents,2026-08-16,batch-2026-09-04,MOCK
"W/""9669883""",3b52a2af-ca2d-0974-2a27-16a0478ad0e2,2026-08-16T19:02:46Z,2026-08-16T19:02:46Z,Classic answer,Billed,28,true,9e20e54a-5cdc-5284-da07-660baadfc399,bbd5eeab-229c-69de-023f-35d943db5044,bd9c66b3-ad3c-2d6d-1a3d-1fa7bc8960a9,Store Ops Assistant,3f2ad9c1-7b64-4f6a-9d8e-52c0b7a13e45,Contoso Production,Microsoft Teams,Escalated,0,1,87208872,2026-09-04T18:00:00Z,AI-FinOps-MOCK,dataverse.msdyn_aievents,2026-08-16,batch-2026-09-04,MOCK
"W/""4816726""",343bcfbc-63ba-2290-a0b9-2ef157ae6c2c,2026-08-16T14:35:04Z,2026-08-16T14:35:04Z,Classic answer,Billed,7,true,6251210a-f89d-96d8-b63d-4b33af4b1d13,4533e6b0-2490-1a5f-2575-65bcdc4d2136,bd9c66b3-ad3c-2d6d-1a3d-1fa7bc8960a9,Store Ops Assistant,3f2ad9c1-7b64-4f6a-9d8e-52c0b7a13e45,Contoso Production,Custom website,Escalated,0,1,68080257,2026-09-04T18:00:00Z,AI-FinOps-MOCK,dataverse.msdyn_aievents,2026-08-16,batch-2026-09-04,MOCK
"W/""3040924""",a82438b0-7db4-fe27-aa5e-f8dc5d6c174c,2026-08-16T13:23:26Z,2026-08-16T13:23:26Z,Classic answer,Billed,32,true,cfa5e039-d1ff-9664-20d8-c7c1735e74a2,a8c52059-5687-dcdc-3aa0-7d21e490b71c,bd9c66b3-ad3c-2d6d-1a3d-1fa7bc8960a9,Store Ops Assistant,3f2ad9c1-7b64-4f6a-9d8e-52c0b7a13e45,Contoso Production,Web chat,Resolved,0,1,74394012,2026-09-04T18:00:00Z,AI-FinOps-MOCK,dataverse.msdyn_aievents,2026-08-16,batch-2026-09-04,MOCK
"W/""4115063""",5a71a7e2-e384-3988-0afa-e57e779960de,2026-08-16T16:18:29Z,2026-08-16T16:18:29Z,Generative answer,Billed,98,true,ec9a5d93-43f2-3966-9949-7d26943dad88,60bc5324-4739-33ee-eb77-deede05cbc55,bd9c66b3-ad3c-2d6d-1a3d-1fa7bc8960a9,Store Ops Assistant,3f2ad9c1-7b64-4f6a-9d8e-52c0b7a13e45,Contoso Production,Microsoft Teams,Escalated,0,1,40025805,2026-09-04T18:00:00Z,AI-FinOps-MOCK,dataverse.msdyn_aievents,2026-08-16,batch-2026-09-04,MOCK
"W/""9394759""",7f9a5ac8-4a69-59d5-f1b9-b654497684e9,2026-08-16T08:26:45Z,2026-08-16T08:26:45Z,Generative answer,Billed,60,true,6c17d9ef-00b1-4a5d-ae50-a478bbda1591,4eace4d1-7d42-af7a-b234-2544b933a76d,bd9c66b3-ad3c-2d6d-1a3d-1fa7bc8960a9,Store Ops Assistant,3f2ad9c1-7b64-4f6a-9d8e-52c0b7a13e45,Contoso Production,Microsoft Teams,Abandoned,0,1,18513321,2026-09-04T18:00:00Z,AI-FinOps-MOCK,dataverse.msdyn_aievents,2026-08-16,batch-2026-09-04,MOCK
"W/""9510289""",0dfa9bc8-a340-1a32-eab4-ca1d74889b6c,2026-08-16T08:09:40Z,2026-08-16T08:09:40Z,Generative answer,Billed,58,true,e98c1a35-f9b7-48cd-b9cc-030605fbfefd,1b8ce786-10a0-627f-c1bf-176f728ead9a,bd9c66b3-ad3c-2d6d-1a3d-1fa7bc8960a9,Store Ops Assistant,3f2ad9c1-7b64-4f6a-9d8e-52c0b7a13e45,Contoso Production,Microsoft Teams,Escalated,0,1,49765589,2026-09-04T18:00:00Z,AI-FinOps-MOCK,dataverse.msdyn_aievents,2026-08-16,batch-2026-09-04,MOCK
"W/""9528533""",ce715ed3-9f10-1e0a-902b-2fb8659b9232,2026-08-16T11:09:22Z,2026-08-16T11:09:22Z,Agent action,Billed,42,true,efdf979a-8288-8ada-e72d-853ea08a6586,8ad92d2d-c605-76d9-0fdc-9901041ae5b9,bd9c66b3-ad3c-2d6d-1a3d-1fa7bc8960a9,Store Ops Assistant,3f2ad9c1-7b64-4f6a-9d8e-52c0b7a13e45,Contoso Production,Custom website,Resolved,0,1,48203035,2026-09-04T18:00:00Z,AI-FinOps-MOCK,dataverse.msdyn_aievents,2026-08-16,batch-2026-09-04,MOCK
"W/""7499478""",54373e09-d4a6-e3cb-f052-333aafc42a10,2026-08-16T18:38:19Z,2026-08-16T18:38:19Z,Agent action,Billed,117,true,116f0ccc-b31b-8924-12de-30e7431bf56c,b76b6b94-fecc-216e-46fd-84af2e27a375,bd9c66b3-ad3c-2d6d-1a3d-1fa7bc8960a9,Store Ops Assistant,3f2ad9c1-7b64-4f6a-9d8e-52c0b7a13e45,Contoso Production,Microsoft Teams,Resolved,0,1,90335435,2026-09-04T18:00:00Z,AI-FinOps-MOCK,dataverse.msdyn_aievents,2026-08-16,batch-2026-09-04,MOCK
"W/""2381452""",2e6301ab-8e67-2e35-c95c-b2273fe9c0a4,2026-08-17T14:49:39Z,2026-08-17T14:49:39Z,Classic answer,Billed,8,true,79583703-1ead-6a70-bb1c-0892c8be381d,c5fb62b5-bde9-27bd-2893-343fb63f65f8,bdd640fb-0667-1ad1-1c80-317fa3b1799d,HR Helpdesk Bot,3f2ad9c1-7b64-4f6a-9d8e-52c0b7a13e45,Contoso Production,Custom website,Escalated,0,1,29361352,2026-09-04T18:00:00Z,AI-FinOps-MOCK,dataverse.msdyn_aievents,2026-08-17,batch-2026-09-04,MOCK
"W/""9676095""",cc67571c-363e-2764-24be-485bd99c6c7c,2026-08-17T14:27:28Z,2026-08-17T14:27:28Z,Classic answer,Billed,40,true,6814c06f-949f-1f3d-a8de-9bb8e49a6728,b82bf0d0-6e13-59b1-52b7-86837ba5e047,bdd640fb-0667-1ad1-1c80-317fa3b1799d,HR Helpdesk Bot,3f2ad9c1-7b64-4f6a-9d8e-52c0b7a13e45,Contoso Production,Web chat,Escalated,0,1,59776416,2026-09-04T18:00:00Z,AI-FinOps-MOCK,dataverse.msdyn_aievents,2026-08-17,batch-2026-09-04,MOCK
"W/""8547930""",a43d7b7e-d2de-642f-78ea-d0ae8e98f271,2026-08-17T16:25:14Z,2026-08-17T16:25:14Z,Classic answer,Billed,48,true,558776f0-597f-c029-8786-7bf8a9010c49,ecfe257a-71d4-d57f-b949-a1c496f9ab6d,bdd640fb-0667-1ad1-1c80-317fa3b1799d,HR Helpdesk Bot,3f2ad9c1-7b64-4f6a-9d8e-52c0b7a13e45,Contoso Production,Microsoft Teams,Resolved,0,1,80022033,2026-09-04T18:00:00Z,AI-FinOps-MOCK,dataverse.msdyn_aievents,2026-08-17,batch-2026-09-04,MOCK
"W/""9702298""",bb58ec7b-87b8-a762-1d1f-4e85e5d1caf2,2026-08-17T19:08:18Z,2026-08-17T19:08:18Z,Classic answer,Billed,35,true,6ef7b19d-ed8e-d27b-04a1-0c0b71931d45,a129509e-7a72-4d4a-37b8-19dd32f2c72d,bdd640fb-0667-1ad1-1c80-317fa3b1799d,HR Helpdesk Bot,3f2ad9c1-7b64-4f6a-9d8e-52c0b7a13e45,Contoso Production,Custom website,Escalated,0,1,45126873,2026-09-04T18:00:00Z,AI-FinOps-MOCK,dataverse.msdyn_aievents,2026-08-17,batch-2026-09-04,MOCK
"W/""8429598""",d593e402-2a01-d892-3631-ea1db8aa8b24,2026-08-17T19:26:49Z,2026-08-17T19:26:49Z,Classic answer,Billed,14,true,1c053332-84d6-5539-bf27-4ecc62a9c746,56348e48-10cd-00a8-6abb-e5f43bfddef4,bdd640fb-0667-1ad1-1c80-317fa3b1799d,HR Helpdesk Bot,3f2ad9c1-7b64-4f6a-9d8e-52c0b7a13e45,Contoso Production,Custom website,Abandoned,0,1,92609060,2026-09-04T18:00:00Z,AI-FinOps-MOCK,dataverse.msdyn_aievents,2026-08-17,batch-2026-09-04,MOCK
"W/""3237956""",a1441959-f9a9-bf0a-b2ec-7f8d0bc202b2,2026-08-17T15:44:25Z,2026-08-17T15:44:25Z,Generative answer,Billed,16,true,ac20f43e-f28e-457c-2d15-8118d32945e4,d3bf8c49-f30d-d44a-2796-6acd89e0b62d,bdd640fb-0667-1ad1-1c80-317fa3b1799d,HR Helpdesk Bot,3f2ad9c1-7b64-4f6a-9d8e-52c0b7a13e45,Contoso Production,Custom website,Resolved,0,1,74640255,2026-09-04T18:00:00Z,AI-FinOps-MOCK,dataverse.msdyn_aievents,2026-08-17,batch-2026-09-04,MOCK
"W/""7856227""",47561773-d82c-9644-bdb3-fb972e7e3dcb,2026-08-17T13:45:39Z,2026-08-17T13:45:39Z,Generative answer,Billed,84,true,ebe4be9e-3ef5-74c2-a40a-c28516cf587b,57f330e1-479a-6571-249e-c0fec7e0782e,bdd640fb-0667-1ad1-1c80-317fa3b1799d,HR Helpdesk Bot,3f2ad9c1-7b64-4f6a-9d8e-52c0b7a13e45,Contoso Production,Custom website,Abandoned,0,1,24573211,2026-09-04T18:00:00Z,AI-FinOps-MOCK,dataverse.msdyn_aievents,2026-08-17,batch-2026-09-04,MOCK
"W/""5790944""",4502dc65-157d-c5d7-aee1-c31ca90d55f7,2026-08-17T18:52:04Z,2026-08-17T18:52:04Z,Generative answer,Billed,40,true,59fb667e-cfc3-27f6-14f1-d2382b5c769e,d9a3b578-57b8-3ef9-25ef-cb648546b0b9,bdd640fb-0667-1ad1-1c80-317fa3b1799d,HR Helpdesk Bot,3f2ad9c1-7b64-4f6a-9d8e-52c0b7a13e45,Contoso Production,Web chat,Escalated,0,1,25730135,2026-09-04T18:00:00Z,AI-FinOps-MOCK,dataverse.msdyn_aievents,2026-08-17,batch-2026-09-04,MOCK
"W/""6793382""",ecf3c66f-86f7-341e-0e7d-80fd0f988cd3,2026-08-17T16:59:09Z,2026-08-17T16:59:09Z,Agent action,Billed,54,true,ac2bbfc1-f26a-3e68-61dc-101aba1717e1,9689de02-c40d-10ec-e65f-76ee9aa9a1e0,bdd640fb-0667-1ad1-1c80-317fa3b1799d,HR Helpdesk Bot,3f2ad9c1-7b64-4f6a-9d8e-52c0b7a13e45,Contoso Production,Microsoft Teams,Resolved,0,1,56794790,2026-09-04T18:00:00Z,AI-FinOps-MOCK,dataverse.msdyn_aievents,2026-08-17,batch-2026-09-04,MOCK
"W/""2256200""",c07d9baf-4dab-4ef2-979a-5da25c1d4ad6,2026-08-17T12:44:49Z,2026-08-17T12:44:49Z,Agent action,Zero-rated,0,false,c9d0fb31-c7ef-892f-9efa-88b9fff24dcd,b7d128a0-230f-8125-c302-8e53a8521109,bdd640fb-0667-1ad1-1c80-317fa3b1799d,HR Helpdesk Bot,3f2ad9c1-7b64-4f6a-9d8e-52c0b7a13e45,Contoso Production,Custom website,Resolved,0,1,47940369,2026-09-04T18:00:00Z,AI-FinOps-MOCK,dataverse.msdyn_aievents,2026-08-17,batch-2026-09-04,MOCK
"W/""3272569""",02c4ffb1-6b57-cd3a-0f8a-636371492794,2026-08-17T16:15:22Z,2026-08-17T16:15:22Z,Agent action,Billed,42,true,ba34d434-a5a2-f141-7b7d-aacd7231fc1d,99b4d8c3-4668-f7b6-1306-5fc5a624e32b,bdd640fb-0667-1ad1-1c80-317fa3b1799d,HR Helpdesk Bot,3f2ad9c1-7b64-4f6a-9d8e-52c0b7a13e45,Contoso Production,Web chat,Escalated,0,1,49118959,2026-09-04T18:00:00Z,AI-FinOps-MOCK,dataverse.msdyn_aievents,2026-08-17,batch-2026-09-04,MOCK
"W/""1780775""",21b667a0-dee4-b833-c7e3-160c3c0bd03b,2026-08-17T17:06:31Z,2026-08-17T17:06:31Z,Agent action,Zero-rated,0,false,3a089fb2-2ea3-e572-2c57-f7534ffec733,75a23936-fd4b-fb9f-11cc-adbd4856c3d7,bdd640fb-0667-1ad1-1c80-317fa3b1799d,HR Helpdesk Bot,3f2ad9c1-7b64-4f6a-9d8e-52c0b7a13e45,Contoso Production,Custom website,Escalated,0,1,88817978,2026-09-04T18:00:00Z,AI-FinOps-MOCK,dataverse.msdyn_aievents,2026-08-17,batch-2026-09-04,MOCK
"W/""8683038""",29a079c4-5d79-8c04-0938-ccd50f335b2c,2026-08-17T09:43:06Z,2026-08-17T09:43:06Z,Classic answer,Billed,52,true,9f257a59-dc16-d54d-5071-113949aef5c4,06272dff-9f09-9c4d-0369-eb6464b7b1f7,23b8c1e9-3924-56de-3eb1-3b9046685257,Claims Triage Agent,3f2ad9c1-7b64-4f6a-9d8e-52c0b7a13e45,Contoso Production,Microsoft Teams,Resolved,0,1,73337045,2026-09-04T18:00:00Z,AI-FinOps-MOCK,dataverse.msdyn_aievents,2026-08-17,batch-2026-09-04,MOCK
"W/""5838485""",71dd4be5-280b-6492-0423-9d14e8284cab,2026-08-17T10:53:02Z,2026-08-17T10:53:02Z,Classic answer,Billed,35,true,e64152b4-a49b-a671-08da-ca13c671c92d,fe09b4bb-3240-5c45-4564-7d5b9331e9df,23b8c1e9-3924-56de-3eb1-3b9046685257,Claims Triage Agent,3f2ad9c1-7b64-4f6a-9d8e-52c0b7a13e45,Contoso Production,Microsoft Teams,Escalated,0,1,32823478,2026-09-04T18:00:00Z,AI-FinOps-MOCK,dataverse.msdyn_aievents,2026-08-17,batch-2026-09-04,MOCK
"W/""9217863""",85decdb7-fc00-99cb-78e3-64f01f6860f6,2026-08-17T17:52:48Z,2026-08-17T17:52:48Z,Classic answer,Zero-rated,0,false,2edcf5b1-b89b-2022-6aa0-dd73d0897610,f8d8a013-a707-a96c-e4c7-438d5853607e,23b8c1e9-3924-56de-3eb1-3b9046685257,Claims Triage Agent,3f2ad9c1-7b64-4f6a-9d8e-52c0b7a13e45,Contoso Production,Web chat,Abandoned,0,1,22143381,2026-09-04T18:00:00Z,AI-FinOps-MOCK,dataverse.msdyn_aievents,2026-08-17,batch-2026-09-04,MOCK
"W/""5574806""",a2b2b318-62c8-696b-ab4b-ff86fcda4a61,2026-08-17T16:34:25Z,2026-08-17T16:34:25Z,Generative answer,Billed,64,true,048f8175-a5b0-5c8f-568c-55a7aa1a3e4a,602b9382-52f2-1af0-c266-716248ce3772,23b8c1e9-3924-56de-3eb1-3b9046685257,Claims Triage Agent,3f2ad9c1-7b64-4f6a-9d8e-52c0b7a13e45,Contoso Production,Custom website,Escalated,0,1,10706312,2026-09-04T18:00:00Z,AI-FinOps-MOCK,dataverse.msdyn_aievents,2026-08-17,batch-2026-09-04,MOCK
"W/""4821648""",c1ba40e6-d17e-6106-fe7e-b3ce62dbebaa,2026-08-17T10:33:22Z,2026-08-17T10:33:22Z,Generative answer,Billed,62,true,7ce137b2-b8c4-db09-a8e3-dc0aa1b89efc,2b93bcb8-9acf-0e7e-4f36-5aafd1f2b528,23b8c1e9-3924-56de-3eb1-3b9046685257,Claims Triage Agent,3f2ad9c1-7b64-4f6a-9d8e-52c0b7a13e45,Contoso Production,Custom website,Abandoned,0,1,19011614,2026-09-04T18:00:00Z,AI-FinOps-MOCK,dataverse.msdyn_aievents,2026-08-17,batch-2026-09-04,MOCK
"W/""2236352""",ea474d74-33a1-ab44-b1f6-2103d0b8f9f7,2026-08-17T09:51:48Z,2026-08-17T09:51:48Z,Generative answer,Billed,70,true,59ca1f18-3bc0-e592-692d-57cfb529945f,f8c3145f-30ed-25c6-49f6-8ce8c53042f0,23b8c1e9-3924-56de-3eb1-3b9046685257,Claims Triage Agent,3f2ad9c1-7b64-4f6a-9d8e-52c0b7a13e45,Contoso Production,Microsoft Teams,Resolved,0,1,42699509,2026-09-04T18:00:00Z,AI-FinOps-MOCK,dataverse.msdyn_aievents,2026-08-17,batch-2026-09-04,MOCK
"W/""9204956""",b881c304-6fd1-80dd-0d50-6421bed83530,2026-08-17T19:09:43Z,2026-08-17T19:09:43Z,Generative answer,Billed,20,true,4f400e7b-51ec-f87e-4931-a8cdca56c07a,874c726a-e13c-2c00-e23f-9a6f7ae8cd63,23b8c1e9-3924-56de-3eb1-3b9046685257,Claims Triage Agent,3f2ad9c1-7b64-4f6a-9d8e-52c0b7a13e45,Contoso Production,Microsoft Teams,Abandoned,0,1,98000925,2026-09-04T18:00:00Z,AI-FinOps-MOCK,dataverse.msdyn_aievents,2026-08-17,batch-2026-09-04,MOCK
"W/""2500502""",bb3ce6fa-0a3a-f571-3d32-d75004a278a2,2026-08-17T15:38:45Z,2026-08-17T15:38:45Z,Agent action,Billed,126,true,79848605-d429-d2ec-39c7-5fdc35b03e2c,67959e1b-1d99-dc4d-9bfb-576c967f542c,23b8c1e9-3924-56de-3eb1-3b9046685257,Claims Triage Agent,3f2ad9c1-7b64-4f6a-9d8e-52c0b7a13e45,Contoso Production,Microsoft Teams,Abandoned,0,1,54949091,2026-09-04T18:00:00Z,AI-FinOps-MOCK,dataverse.msdyn_aievents,2026-08-17,batch-2026-09-04,MOCK
"W/""8366644""",41e38aa6-6dbf-b0f0-c7cb-54a40d66fcc4,2026-08-17T17:29:25Z,2026-08-17T17:29:25Z,Agent action,Billed,45,true,98f70ef7-018e-6dae-d8d0-9001485752c6,b3b3ee25-079f-614f-c278-64a035b3c647,23b8c1e9-3924-56de-3eb1-3b9046685257,Claims Triage Agent,3f2ad9c1-7b64-4f6a-9d8e-52c0b7a13e45,Contoso Production,Web chat,Escalated,0,1,69070924,2026-09-04T18:00:00Z,AI-FinOps-MOCK,dataverse.msdyn_aievents,2026-08-17,batch-2026-09-04,MOCK
"W/""7429180""",644ca2ad-274c-7898-bdad-fa4a95fba6ba,2026-08-17T09:18:00Z,2026-08-17T09:18:00Z,Classic answer,Billed,46,true,48c2044b-581f-f6dd-0b29-9a7205acdc63,37027311-6a08-6570-8ed5-d1252796e547,bd9c66b3-ad3c-2d6d-1a3d-1fa7bc8960a9,Store Ops Assistant,3f2ad9c1-7b64-4f6a-9d8e-52c0b7a13e45,Contoso Production,Web chat,Escalated,0,1,47687251,2026-09-04T18:00:00Z,AI-FinOps-MOCK,dataverse.msdyn_aievents,2026-08-17,batch-2026-09-04,MOCK
"W/""6659171""",43fa1e73-4ea5-ea97-7176-74d61b5c2377,2026-08-17T16:55:42Z,2026-08-17T16:55:42Z,Classic answer,Zero-rated,0,false,13203a0c-f617-6c2c-4a43-19574c01fd54,86ed28c8-c311-cee3-fc0c-e0803e562fdd,bd9c66b3-ad3c-2d6d-1a3d-1fa7bc8960a9,Store Ops Assistant,3f2ad9c1-7b64-4f6a-9d8e-52c0b7a13e45,Contoso Production,Custom website,Resolved,0,1,52411529,2026-09-04T18:00:00Z,AI-FinOps-MOCK,dataverse.msdyn_aievents,2026-08-17,batch-2026-09-04,MOCK
"W/""6895645""",3a62aab9-6473-f64b-2506-60d157e451ad,2026-08-17T19:15:49Z,2026-08-17T19:15:49Z,Classic answer,Billed,16,true,890cce58-3ecd-abd4-34a3-b50975b6dc68,d93562d7-fd88-8cd5-0f1e-6ca3c409fb7b,bd9c66b3-ad3c-2d6d-1a3d-1fa7bc8960a9,Store Ops Assistant,3f2ad9c1-7b64-4f6a-9d8e-52c0b7a13e45,Contoso Production,Web chat,Resolved,0,1,76478372,2026-09-04T18:00:00Z,AI-FinOps-MOCK,dataverse.msdyn_aievents,2026-08-17,batch-2026-09-04,MOCK
"W/""5738481""",88c78d51-3577-2d71-c2ab-ce01d9e77c18,2026-08-17T16:36:02Z,2026-08-17T16:36:02Z,Classic answer,Billed,43,true,0d8d5a25-e9d3-4b1e-1621-1731b18f71d1,1b8d9fd9-3739-c751-658a-a77702a3f282,bd9c66b3-ad3c-2d6d-1a3d-1fa7bc8960a9,Store Ops Assistant,3f2ad9c1-7b64-4f6a-9d8e-52c0b7a13e45,Contoso Production,Microsoft Teams,Escalated,0,1,90018573,2026-09-04T18:00:00Z,AI-FinOps-MOCK,dataverse.msdyn_aievents,2026-08-17,batch-2026-09-04,MOCK
"W/""7759305""",abcfe1cb-0135-934e-4157-3f381fda1c45,2026-08-17T13:01:29Z,2026-08-17T13:01:29Z,Classic answer,Billed,57,true,818c4bda-6dd2-8577-83bf-e55c4349cfa2,a8f92eb4-dc96-74bf-1ce0-c10977af62ae,bd9c66b3-ad3c-2d6d-1a3d-1fa7bc8960a9,Store Ops Assistant,3f2ad9c1-7b64-4f6a-9d8e-52c0b7a13e45,Contoso Production,Web chat,Abandoned,0,1,17970468,2026-09-04T18:00:00Z,AI-FinOps-MOCK,dataverse.msdyn_aievents,2026-08-17,batch-2026-09-04,MOCK
"W/""2790968""",0da7fb7b-2e86-15f4-99a5-bb870e901298,2026-08-17T11:35:09Z,2026-08-17T11:35:09Z,Generative answer,Billed,40,true,1dd79d6f-1b8b-6c8c-9f05-ca6a0bcfc65e,868f9465-b89e-2855-9a59-2a8547626fec,bd9c66b3-ad3c-2d6d-1a3d-1fa7bc8960a9,Store Ops Assistant,3f2ad9c1-7b64-4f6a-9d8e-52c0b7a13e45,Contoso Production,Custom website,Resolved,0,1,25704221,2026-09-04T18:00:00Z,AI-FinOps-MOCK,dataverse.msdyn_aievents,2026-08-17,batch-2026-09-04,MOCK
"W/""9583780""",767c1ddb-4789-9e0e-9a25-f46ed70bf1f5,2026-08-17T13:56:01Z,2026-08-17T13:56:01Z,Generative answer,Billed,80,true,855a6813-9d29-a9d6-3163-ca779f40b010,abf4acc3-3842-00a0-a420-182dd64ba494,bd9c66b3-ad3c-2d6d-1a3d-1fa7bc8960a9,Store Ops Assistant,3f2ad9c1-7b64-4f6a-9d8e-52c0b7a13e45,Contoso Production,Web chat,Escalated,0,1,62467129,2026-09-04T18:00:00Z,AI-FinOps-MOCK,dataverse.msdyn_aievents,2026-08-17,batch-2026-09-04,MOCK
"W/""1234479""",388e0487-0917-6b73-6d67-89d29cfabf35,2026-08-17T14:40:07Z,2026-08-17T14:40:07Z,Generative answer,Billed,90,true,ba155cc4-8513-4083-3be5-40c6e562b003,c30764fb-c606-bf20-eb72-27e127bd7c9a,bd9c66b3-ad3c-2d6d-1a3d-1fa7bc8960a9,Store Ops Assistant,3f2ad9c1-7b64-4f6a-9d8e-52c0b7a13e45,Contoso Production,Microsoft Teams,Abandoned,0,1,38125661,2026-09-04T18:00:00Z,AI-FinOps-MOCK,dataverse.msdyn_aievents,2026-08-17,batch-2026-09-04,MOCK
"W/""7274737""",536b8f65-511a-c1ab-7555-a28c363eebe7,2026-08-17T10:11:15Z,2026-08-17T10:11:15Z,Generative answer,Billed,100,true,22cad242-fb4f-31ae-7f2e-7380addba0d0,554c64b4-0981-c081-b126-a59d770fcd15,bd9c66b3-ad3c-2d6d-1a3d-1fa7bc8960a9,Store Ops Assistant,3f2ad9c1-7b64-4f6a-9d8e-52c0b7a13e45,Contoso Production,Custom website,Resolved,0,1,95605269,2026-09-04T18:00:00Z,AI-FinOps-MOCK,dataverse.msdyn_aievents,2026-08-17,batch-2026-09-04,MOCK
"W/""9980423""",68c15a0c-0bda-7ce7-26d1-a6ad71bc6a0d,2026-08-17T09:34:54Z,2026-08-17T09:34:54Z,Generative answer,Billed,92,true,dd9014f5-5c25-9f06-66c4-33a19de27e3c,70f835cd-ca85-4e7d-d3d4-297dc54bd323,bd9c66b3-ad3c-2d6d-1a3d-1fa7bc8960a9,Store Ops Assistant,3f2ad9c1-7b64-4f6a-9d8e-52c0b7a13e45,Contoso Production,Web chat,Escalated,0,1,75350374,2026-09-04T18:00:00Z,AI-FinOps-MOCK,dataverse.msdyn_aievents,2026-08-17,batch-2026-09-04,MOCK
"W/""4182623""",a060f2d6-832b-8951-028b-29eada865fe7,2026-08-17T16:30:07Z,2026-08-17T16:30:07Z,Agent action,Billed,165,true,80ad2d72-f3d5-a982-d133-d1634111563e,218dab7e-7f16-9571-9a5b-efa135fdfb43,bd9c66b3-ad3c-2d6d-1a3d-1fa7bc8960a9,Store Ops Assistant,3f2ad9c1-7b64-4f6a-9d8e-52c0b7a13e45,Contoso Production,Microsoft Teams,Resolved,0,1,62588801,2026-09-04T18:00:00Z,AI-FinOps-MOCK,dataverse.msdyn_aievents,2026-08-17,batch-2026-09-04,MOCK
"W/""8169561""",fee1541e-8a74-37f2-9038-9b6682147994,2026-08-17T10:39:21Z,2026-08-17T10:39:21Z,Agent action,Billed,54,true,4f618aed-7078-0fb1-5a91-8875603e10d2,9608ac0b-c5d7-ba8d-f125-10d9805a6389,bd9c66b3-ad3c-2d6d-1a3d-1fa7bc8960a9,Store Ops Assistant,3f2ad9c1-7b64-4f6a-9d8e-52c0b7a13e45,Contoso Production,Microsoft Teams,Escalated,0,1,72457424,2026-09-04T18:00:00Z,AI-FinOps-MOCK,dataverse.msdyn_aievents,2026-08-17,batch-2026-09-04,MOCK
"W/""2100851""",bf43afdf-d95c-2fe1-b372-1438913991b2,2026-08-17T08:27:47Z,2026-08-17T08:27:47Z,Agent action,Billed,135,true,021ac68a-5ba7-d264-eaff-786b7e88360c,13ace073-8623-f5ac-37b9-dd6e009dcfae,bd9c66b3-ad3c-2d6d-1a3d-1fa7bc8960a9,Store Ops Assistant,3f2ad9c1-7b64-4f6a-9d8e-52c0b7a13e45,Contoso Production,Custom website,Escalated,0,1,96987889,2026-09-04T18:00:00Z,AI-FinOps-MOCK,dataverse.msdyn_aievents,2026-08-17,batch-2026-09-04,MOCK
"W/""2481623""",11f33e26-345b-3e3e-d9b8-aab45a81b2f3,2026-08-17T16:34:00Z,2026-08-17T16:34:00Z,Agent action,Zero-rated,0,false,019ea52c-eacc-7c05-f6cc-51775a692370,b1908dc0-5c43-1bc3-c089-dc6d02a9e09a,bd9c66b3-ad3c-2d6d-1a3d-1fa7bc8960a9,Store Ops Assistant,3f2ad9c1-7b64-4f6a-9d8e-52c0b7a13e45,Contoso Production,Custom website,Resolved,0,1,59775853,2026-09-04T18:00:00Z,AI-FinOps-MOCK,dataverse.msdyn_aievents,2026-08-17,batch-2026-09-04,MOCK
"W/""5921274""",540fde5c-5496-6356-2f17-4347c93f00fe,2026-08-17T19:34:20Z,2026-08-17T19:34:20Z,Agent action,Billed,72,true,ea5daf77-4680-545d-119b-956565cc016b,ff76ba20-1030-2c5f-e99b-6931ea99fb4c,bd9c66b3-ad3c-2d6d-1a3d-1fa7bc8960a9,Store Ops Assistant,3f2ad9c1-7b64-4f6a-9d8e-52c0b7a13e45,Contoso Production,Custom website,Escalated,0,1,79882316,2026-09-04T18:00:00Z,AI-FinOps-MOCK,dataverse.msdyn_aievents,2026-08-17,batch-2026-09-04,MOCK
"W/""2644890""",f9bdf07c-be95-a7e6-858e-d5ebc6290593,2026-08-18T15:24:01Z,2026-08-18T15:24:01Z,Classic answer,Billed,60,true,5be4966c-c76e-33ac-2fd9-cdd832bf8d10,82f156a9-921a-99f5-ade5-32827a50e489,bdd640fb-0667-1ad1-1c80-317fa3b1799d,HR Helpdesk Bot,3f2ad9c1-7b64-4f6a-9d8e-52c0b7a13e45,Contoso Production,Microsoft Teams,Abandoned,0,1,61593446,2026-09-04T18:00:00Z,AI-FinOps-MOCK,dataverse.msdyn_aievents,2026-08-18,batch-2026-09-04,MOCK
"W/""7142483""",b9e269ca-ac9a-a2fd-42d3-48f72641f0bf,2026-08-18T18:48:14Z,2026-08-18T18:48:14Z,Classic answer,Billed,49,true,97dd4230-d3ab-087f-c2ae-20666832da19,6d746c30-aff0-8cc8-c1b9-231f30ad559e,bdd640fb-0667-1ad1-1c80-317fa3b1799d,HR Helpdesk Bot,3f2ad9c1-7b64-4f6a-9d8e-52c0b7a13e45,Contoso Production,Microsoft Teams,Escalated,0,1,34661948,2026-09-04T18:00:00Z,AI-FinOps-MOCK,dataverse.msdyn_aievents,2026-08-18,batch-2026-09-04,MOCK
"W/""1121070""",3de60b38-ee3d-4285-9d48-15c111a73d95,2026-08-18T08:16:47Z,2026-08-18T08:16:47Z,Classic answer,Billed,42,true,501032a3-cb89-99f2-92c7-5e89ebd2e501,9312cb88-8f61-2b71-ce73-d65aba10006a,bdd640fb-0667-1ad1-1c80-317fa3b1799d,HR Helpdesk Bot,3f2ad9c1-7b64-4f6a-9d8e-52c0b7a13e45,Contoso Production,Custom website,Resolved,0,1,78309636,2026-09-04T18:00:00Z,AI-FinOps-MOCK,dataverse.msdyn_aievents,2026-08-18,batch-2026-09-04,MOCK
"W/""6159183""",7f0e185a-5caf-f6b5-c9ed-096fe3c6dbf7,2026-08-18T19:11:17Z,2026-08-18T19:11:17Z,Classic answer,Billed,20,true,3befa316-d3a8-cdc0-4f86-7184b6352345,50a04cf3-2ed9-b343-a630-170e4fddbae5,bdd640fb-0667-1ad1-1c80-317fa3b1799d,HR Helpdesk Bot,3f2ad9c1-7b64-4f6a-9d8e-52c0b7a13e45,Contoso Production,Custom website,Escalated,0,1,94601552,2026-09-04T18:00:00Z,AI-FinOps-MOCK,dataverse.msdyn_aievents,2026-08-18,batch-2026-09-04,MOCK
"W/""6600350""",b61ab501-c396-d35b-9592-e98c247309f3,2026-08-18T16:25:48Z,2026-08-18T16:25:48Z,Generative answer,Billed,28,true,b9e4bb7d-bcfb-ef1f-dfeb-cac538dd675f,80514712-a146-f688-deff-a19ae5862e23,bdd640fb-0667-1ad1-1c80-317fa3b1799d,HR Helpdesk Bot,3f2ad9c1-7b64-4f6a-9d8e-52c0b7a13e45,Contoso Production,Microsoft Teams,Resolved,0,1,16605913,2026-09-04T18:00:00Z,AI-FinOps-MOCK,dataverse.msdyn_aievents,2026-08-18,batch-2026-09-04,MOCK
"W/""6809608""",0afd5240-aef2-a647-193f-c49122b7dd21,2026-08-18T14:35:50Z,2026-08-18T14:35:50Z,Generative answer,Billed,78,true,395b8dcc-7505-bb0b-b415-46370a276c0f,138e4d8e-084f-f9b9-98b7-c2f7561055e3,bdd640fb-0667-1ad1-1c80-317fa3b1799d,HR Helpdesk Bot,3f2ad9c1-7b64-4f6a-9d8e-52c0b7a13e45,Contoso Production,Microsoft Teams,Resolved,0,1,95821278,2026-09-04T18:00:00Z,AI-FinOps-MOCK,dataverse.msdyn_aievents,2026-08-18,batch-2026-09-04,MOCK
"W/""6103622""",15a68e03-daf4-5519-cc61-3280497b57dd,2026-08-18T08:41:48Z,2026-08-18T08:41:48Z,Agent action,Billed,102,true,24ac017c-827f-b356-426f-c7edcb828fd3,359d47f4-c16c-56be-477b-80b72606c791,bdd640fb-0667-1ad1-1c80-317fa3b1799d,HR Helpdesk Bot,3f2ad9c1-7b64-4f6a-9d8e-52c0b7a13e45,Contoso Production,Microsoft Teams,Resolved,0,1,55544568,2026-09-04T18:00:00Z,AI-FinOps-MOCK,dataverse.msdyn_aievents,2026-08-18,batch-2026-09-04,MOCK
"W/""6467281""",981072f2-357e-d01f-7199-6258e6a6b691,2026-08-18T16:35:23Z,2026-08-18T16:35:23Z,Agent action,Billed,111,true,7d020ac8-9b06-08e3-385a-567bd8a9c712,fc123162-a3c7-9ed4-2b12-fbfd447f799a,bdd640fb-0667-1ad1-1c80-317fa3b1799d,HR Helpdesk Bot,3f2ad9c1-7b64-4f6a-9d8e-52c0b7a13e45,Contoso Production,Web chat,Resolved,0,1,82955685,2026-09-04T18:00:00Z,AI-FinOps-MOCK,dataverse.msdyn_aievents,2026-08-18,batch-2026-09-04,MOCK
"W/""3641461""",cadc561a-5fed-0683-d506-7263c2cacf32,2026-08-18T10:42:25Z,2026-08-18T10:42:25Z,Agent action,Billed,21,true,1c0542b1-9c9b-1f47-963f-6130d9447ff8,f60b1b70-ad36-c66b-c250-b2fa440e9f84,bdd640fb-0667-1ad1-1c80-317fa3b1799d,HR Helpdesk Bot,3f2ad9c1-7b64-4f6a-9d8e-52c0b7a13e45,Contoso Production,Microsoft Teams,Escalated,0,1,39222651,2026-09-04T18:00:00Z,AI-FinOps-MOCK,dataverse.msdyn_aievents,2026-08-18,batch-2026-09-04,MOCK
"W/""6344855""",1f24c75d-d727-c69a-9a21-adbb68416979,2026-08-18T13:38:51Z,2026-08-18T13:38:51Z,Agent action,Billed,171,true,f2bdeada-2960-98b6-fa09-b4cd7704ab6a,3f4dedbb-0fc2-f019-78a3-64fe03b9c69a,bdd640fb-0667-1ad1-1c80-317fa3b1799d,HR Helpdesk Bot,3f2ad9c1-7b64-4f6a-9d8e-52c0b7a13e45,Contoso Production,Web chat,Abandoned,0,1,75218395,2026-09-04T18:00:00Z,AI-FinOps-MOCK,dataverse.msdyn_aievents,2026-08-18,batch-2026-09-04,MOCK
"W/""1805608""",a6f17aca-e4f3-e404-5857-b4e818a058dd,2026-08-18T11:57:52Z,2026-08-18T11:57:52Z,Classic answer,Billed,29,true,7bbbfc3b-eace-85d1-78c3-38e92ee6a318,486e839b-77d7-745c-336d-9178fa1611ba,23b8c1e9-3924-56de-3eb1-3b9046685257,Claims Triage Agent,3f2ad9c1-7b64-4f6a-9d8e-52c0b7a13e45,Contoso Production,Custom website,Abandoned,0,1,22485410,2026-09-04T18:00:00Z,AI-FinOps-MOCK,dataverse.msdyn_aievents,2026-08-18,batch-2026-09-04,MOCK
"W/""9957800""",5b7c5e12-0451-5f8b-da0f-16bf946f7031,2026-08-18T12:34:31Z,2026-08-18T12:34:31Z,Classic answer,Zero-rated,0,false,8aed4cc4-19cd-da2a-930f-20e7266f8277,0cd93fb4-4a17-f144-48be-73acd96dca92,23b8c1e9-3924-56de-3eb1-3b9046685257,Claims Triage Agent,3f2ad9c1-7b64-4f6a-9d8e-52c0b7a13e45,Contoso Production,Custom website,Resolved,0,1,18192347,2026-09-04T18:00:00Z,AI-FinOps-MOCK,dataverse.msdyn_aievents,2026-08-18,batch-2026-09-04,MOCK
"W/""9655427""",52f3dae8-270c-4845-82b0-b97174f87e77,2026-08-18T13:51:20Z,2026-08-18T13:51:20Z,Classic answer,Billed,15,true,f9ea6710-32f5-9f5b-76a8-b6f4ddf8b04a,05b07b6b-3637-fd41-fc2a-bc541c00aff1,23b8c1e9-3924-56de-3eb1-3b9046685257,Claims Triage Agent,3f2ad9c1-7b64-4f6a-9d8e-52c0b7a13e45,Contoso Production,Microsoft Teams,Resolved,0,1,14185898,2026-09-04T18:00:00Z,AI-FinOps-MOCK,dataverse.msdyn_aievents,2026-08-18,batch-2026-09-04,MOCK
"W/""6807792""",c81d87a6-db7e-8636-0aca-f4ff4d2de9ff,2026-08-18T11:59:40Z,2026-08-18T11:59:40Z,Generative answer,Billed,116,true,33746bd8-3b97-de39-a3de-2ec15d8eac99,c71d5100-40b4-b859-ae52-0d8bafb1c9bb,23b8c1e9-3924-56de-3eb1-3b9046685257,Claims Triage Agent,3f2ad9c1-7b64-4f6a-9d8e-52c0b7a13e45,Contoso Production,Microsoft Teams,Resolved,0,1,66040657,2026-09-04T18:00:00Z,AI-FinOps-MOCK,dataverse.msdyn_aievents,2026-08-18,batch-2026-09-04,MOCK
"W/""7058960""",b5dae589-d1f0-9f1b-0f90-047baa101f35,2026-08-18T18:29:34Z,2026-08-18T18:29:34Z,Generative answer,Billed,110,true,9fd741ec-0805-10d1-ef4e-80a26a95cd30,32af61f5-3a92-5a0b-b86c-d753e4d25a49,23b8c1e9-3924-56de-3eb1-3b9046685257,Claims Triage Agent,3f2ad9c1-7b64-4f6a-9d8e-52c0b7a13e45,Contoso Production,Web chat,Resolved,0,1,93266792,2026-09-04T18:00:00Z,AI-FinOps-MOCK,dataverse.msdyn_aievents,2026-08-18,batch-2026-09-04,MOCK
"W/""2190320""",e224af06-b5c4-bbe9-2170-597605696e96,2026-08-18T16:58:20Z,2026-08-18T16:58:20Z,Generative answer,Billed,54,true,bedf41da-f3e8-ad08-ff32-362db20a2d00,49f48e31-bba6-c1af-d037-a90311d13bf7,23b8c1e9-3924-56de-3eb1-3b9046685257,Claims Triage Agent,3f2ad9c1-7b64-4f6a-9d8e-52c0b7a13e45,Contoso Production,Web chat,Escalated,0,1,44919219,2026-09-04T18:00:00Z,AI-FinOps-MOCK,dataverse.msdyn_aievents,2026-08-18,batch-2026-09-04,MOCK
"W/""3797651""",ca5dc9bf-05a9-26d6-ea51-ec9cdfbf05af,2026-08-18T18:13:11Z,2026-08-18T18:13:11Z,Agent action,Billed,162,true,f452eecf-ef26-1b4e-6433-d979cd4d0c9c,af365433-2bac-0be7-5a5c-1691112b5d8e,23b8c1e9-3924-56de-3eb1-3b9046685257,Claims Triage Agent,3f2ad9c1-7b64-4f6a-9d8e-52c0b7a13e45,Contoso Production,Web chat,Resolved,0,1,20682490,2026-09-04T18:00:00Z,AI-FinOps-MOCK,dataverse.msdyn_aievents,2026-08-18,batch-2026-09-04,MOCK
"W/""9559832""",504ecabb-9068-965d-7139-eb20b65456f8,2026-08-18T15:30:38Z,2026-08-18T15:30:38Z,Agent action,Billed,30,true,4c8b60e7-f6cd-8d10-d8cb-97020558062e,081e978c-b374-a14c-a3ca-f2317750f673,23b8c1e9-3924-56de-3eb1-3b9046685257,Claims Triage Agent,3f2ad9c1-7b64-4f6a-9d8e-52c0b7a13e45,Contoso Production,Microsoft Teams,Escalated,0,1,34621872,2026-09-04T18:00:00Z,AI-FinOps-MOCK,dataverse.msdyn_aievents,2026-08-18,batch-2026-09-04,MOCK
"W/""8577003""",9c7d8896-5542-ed1c-7e53-78c2d062f662,2026-08-18T08:04:59Z,2026-08-18T08:04:59Z,Classic answer,Billed,58,true,4828cb71-af88-6b9a-7701-38dd13e2888d,97eaf223-a51d-58dc-8be1-af46cd98d46d,bd9c66b3-ad3c-2d6d-1a3d-1fa7bc8960a9,Store Ops Assistant,3f2ad9c1-7b64-4f6a-9d8e-52c0b7a13e45,Contoso Production,Microsoft Teams,Abandoned,0,1,33872445,2026-09-04T18:00:00Z,AI-FinOps-MOCK,dataverse.msdyn_aievents,2026-08-18,batch-2026-09-04,MOCK
"W/""1286780""",47d082b0-a429-7d60-4ee6-3f60b35f0786,2026-08-18T11:26:56Z,2026-08-18T11:26:56Z,Classic answer,Billed,41,true,f8fb0223-76cd-2f7d-0496-d3af7c1c22fb,04df31bb-a145-a141-c0a8-dbbab9fe0ce6,bd9c66b3-ad3c-2d6d-1a3d-1fa7bc8960a9,Store Ops Assistant,3f2ad9c1-7b64-4f6a-9d8e-52c0b7a13e45,Contoso Production,Web chat,Escalated,0,1,16868838,2026-09-04T18:00:00Z,AI-FinOps-MOCK,dataverse.msdyn_aievents,2026-08-18,batch-2026-09-04,MOCK
"W/""6388939""",93dfbf53-34a8-1b05-78fa-a87b20c442a4,2026-08-18T17:24:57Z,2026-08-18T17:24:57Z,Classic answer,Billed,36,true,dc0e4c08-cb51-ea63-c9fc-3874d8b67a75,f7e0aa82-3f0f-fceb-8eb4-1309dd3abb64,bd9c66b3-ad3c-2d6d-1a3d-1fa7bc8960a9,Store Ops Assistant,3f2ad9c1-7b64-4f6a-9d8e-52c0b7a13e45,Contoso Production,Microsoft Teams,Abandoned,0,1,22814147,2026-09-04T18:00:00Z,AI-FinOps-MOCK,dataverse.msdyn_aievents,2026-08-18,batch-2026-09-04,MOCK
"W/""3664447""",15e7e385-d0f6-7c20-ea5f-861e23a470d5,2026-08-18T17:32:55Z,2026-08-18T17:32:55Z,Generative answer,Billed,50,true,89309e5d-9908-7e77-b4d1-769683f16f4c,1c244a09-022d-6fda-ca65-472572edea63,bd9c66b3-ad3c-2d6d-1a3d-1fa7bc8960a9,Store Ops Assistant,3f2ad9c1-7b64-4f6a-9d8e-52c0b7a13e45,Contoso Production,Web chat,Resolved,0,1,49075806,2026-09-04T18:00:00Z,AI-FinOps-MOCK,dataverse.msdyn_aievents,2026-08-18,batch-2026-09-04,MOCK
"W/""7901843""",03b7e27c-7d0b-c216-3715-17d315164cde,2026-08-18T13:04:25Z,2026-08-18T13:04:25Z,Generative answer,Billed,44,true,d34d976a-0793-4dde-42f8-72333e60f05e,9b0d0f2a-4816-2609-ab4e-7fdb8a8d0a7b,bd9c66b3-ad3c-2d6d-1a3d-1fa7bc8960a9,Store Ops Assistant,3f2ad9c1-7b64-4f6a-9d8e-52c0b7a13e45,Contoso Production,Web chat,Abandoned,0,1,53381310,2026-09-04T18:00:00Z,AI-FinOps-MOCK,dataverse.msdyn_aievents,2026-08-18,batch-2026-09-04,MOCK
"W/""3330078""",7496edec-a01c-5b94-f79f-bd79f98e85a5,2026-08-18T19:02:51Z,2026-08-18T19:02:51Z,Generative answer,Billed,50,true,902ccf08-3df7-305a-4a94-306ba2d8ab63,b6c4f6b2-9b0d-b81d-f019-d6e83e6bb776,bd9c66b3-ad3c-2d6d-1a3d-1fa7bc8960a9,Store Ops Assistant,3f2ad9c1-7b64-4f6a-9d8e-52c0b7a13e45,Contoso Production,Microsoft Teams,Abandoned,0,1,23586304,2026-09-04T18:00:00Z,AI-FinOps-MOCK,dataverse.msdyn_aievents,2026-08-18,batch-2026-09-04,MOCK
"W/""1399295""",93fd99f2-0e06-6c1a-2274-a32069048cac,2026-08-18T17:17:58Z,2026-08-18T17:17:58Z,Agent action,Billed,75,true,2191610b-cc7d-63bb-50f3-7dccabe78fd5,9d05c828-7ea2-6cca-c0fd-0e9fbcc91ca9,bd9c66b3-ad3c-2d6d-1a3d-1fa7bc8960a9,Store Ops Assistant,3f2ad9c1-7b64-4f6a-9d8e-52c0b7a13e45,Contoso Production,Web chat,Abandoned,0,1,95077612,2026-09-04T18:00:00Z,AI-FinOps-MOCK,dataverse.msdyn_aievents,2026-08-18,batch-2026-09-04,MOCK
"W/""2019046""",98570404-e511-b9e7-dc58-3f8ad7414e67,2026-08-18T15:10:22Z,2026-08-18T15:10:22Z,Agent action,Billed,24,true,feb32f4a-a2ea-36eb-30aa-d66a30a5636a,c9ce8cce-3836-26cd-b656-92abaa6e8852,bd9c66b3-ad3c-2d6d-1a3d-1fa7bc8960a9,Store Ops Assistant,3f2ad9c1-7b64-4f6a-9d8e-52c0b7a13e45,Contoso Production,Microsoft Teams,Resolved,0,1,16738109,2026-09-04T18:00:00Z,AI-FinOps-MOCK,dataverse.msdyn_aievents,2026-08-18,batch-2026-09-04,MOCK
"W/""3390619""",c9245bef-36f4-140e-523b-7e15036abb34,2026-08-18T16:11:51Z,2026-08-18T16:11:51Z,Agent action,Billed,162,true,485615b9-829d-7228-fa09-cb91cf5a257e,8e41ab91-2966-ee9e-ca1f-08845637e55e,bd9c66b3-ad3c-2d6d-1a3d-1fa7bc8960a9,Store Ops Assistant,3f2ad9c1-7b64-4f6a-9d8e-52c0b7a13e45,Contoso Production,Microsoft Teams,Resolved,0,1,43590107,2026-09-04T18:00:00Z,AI-FinOps-MOCK,dataverse.msdyn_aievents,2026-08-18,batch-2026-09-04,MOCK
"W/""8498516""",26571529-dda5-d74a-519a-9826ede9e32c,2026-08-18T13:52:52Z,2026-08-18T13:52:52Z,Agent action,Billed,111,true,39328a36-e836-c684-d8cb-bbdfd7137c0d,15f84b10-6065-2c1c-6090-fcd425125dd5,bd9c66b3-ad3c-2d6d-1a3d-1fa7bc8960a9,Store Ops Assistant,3f2ad9c1-7b64-4f6a-9d8e-52c0b7a13e45,Contoso Production,Microsoft Teams,Resolved,0,1,83815119,2026-09-04T18:00:00Z,AI-FinOps-MOCK,dataverse.msdyn_aievents,2026-08-18,batch-2026-09-04,MOCK
"W/""1125011""",c1b37480-cb59-cc89-51cd-fb48c3acb605,2026-08-18T16:26:11Z,2026-08-18T16:26:11Z,Agent action,Billed,36,true,5f3f75b0-20d1-f9a0-ac06-25960b059b4e,10d9bd8b-51af-27f4-db2b-b795cb095195,bd9c66b3-ad3c-2d6d-1a3d-1fa7bc8960a9,Store Ops Assistant,3f2ad9c1-7b64-4f6a-9d8e-52c0b7a13e45,Contoso Production,Microsoft Teams,Resolved,0,1,85677481,2026-09-04T18:00:00Z,AI-FinOps-MOCK,dataverse.msdyn_aievents,2026-08-18,batch-2026-09-04,MOCK
"W/""7834853""",7f8a5502-9cdf-4051-a494-ea714a6ea5ec,2026-08-19T12:11:50Z,2026-08-19T12:11:50Z,Classic answer,Billed,43,true,79957366-043c-5518-7dcf-0ec7c37e7134,567809d5-4aa7-0705-37ff-d8820539bda0,bdd640fb-0667-1ad1-1c80-317fa3b1799d,HR Helpdesk Bot,3f2ad9c1-7b64-4f6a-9d8e-52c0b7a13e45,Contoso Production,Web chat,Resolved,0,1,19697909,2026-09-04T18:00:00Z,AI-FinOps-MOCK,dataverse.msdyn_aievents,2026-08-19,batch-2026-09-04,MOCK
"W/""5295186""",1c2c4512-da4d-891f-f4da-0d922738ff05,2026-08-19T10:31:57Z,2026-08-19T10:31:57Z,Classic answer,Billed,26,true,1a5fa9ba-ec72-8f9a-91d6-74d9663ff35f,c23e2650-5b53-19ed-e1a3-8362958c2d62,bdd640fb-0667-1ad1-1c80-317fa3b1799d,HR Helpdesk Bot,3f2ad9c1-7b64-4f6a-9d8e-52c0b7a13e45,Contoso Production,Web chat,Escalated,0,1,86140708,2026-09-04T18:00:00Z,AI-FinOps-MOCK,dataverse.msdyn_aievents,2026-08-19,batch-2026-09-04,MOCK
"W/""1256051""",d8329d97-43a3-431d-529f-d5934039e337,2026-08-19T09:42:36Z,2026-08-19T09:42:36Z,Classic answer,Billed,24,true,527aebd6-6f4d-131e-0c91-50b5930f138c,7f31e7a4-dd2c-9edf-b805-cb6c4d13ea2b,bdd640fb-0667-1ad1-1c80-317fa3b1799d,HR Helpdesk Bot,3f2ad9c1-7b64-4f6a-9d8e-52c0b7a13e45,Contoso Production,Custom website,Abandoned,0,1,29662198,2026-09-04T18:00:00Z,AI-FinOps-MOCK,dataverse.msdyn_aievents,2026-08-19,batch-2026-09-04,MOCK
"W/""9418630""",6d7392e8-cc9c-ab9d-6319-113885e214af,2026-08-19T08:41:39Z,2026-08-19T08:41:39Z,Classic answer,Billed,24,true,df7723b7-ed85-9d4d-12e4-ed3167369dc4,87306e88-ddc2-8e3b-1ba6-4648a8e62563,bdd640fb-0667-1ad1-1c80-317fa3b1799d,HR Helpdesk Bot,3f2ad9c1-7b64-4f6a-9d8e-52c0b7a13e45,Contoso Production,Web chat,Resolved,0,1,11791757,2026-09-04T18:00:00Z,AI-FinOps-MOCK,dataverse.msdyn_aievents,2026-08-19,batch-2026-09-04,MOCK
"W/""1212791""",8ce74111-1764-2e9a-6a61-4018036de9c6,2026-08-19T16:38:51Z,2026-08-19T16:38:51Z,Classic answer,Billed,44,true,08442fc1-df8d-3732-2723-aef60a18e59b,5fa03509-1d68-1271-308b-4dc5e9da2165,bdd640fb-0667-1ad1-1c80-317fa3b1799d,HR Helpdesk Bot,3f2ad9c1-7b64-4f6a-9d8e-52c0b7a13e45,Contoso Production,Web chat,Escalated,0,1,72364588,2026-09-04T18:00:00Z,AI-FinOps-MOCK,dataverse.msdyn_aievents,2026-08-19,batch-2026-09-04,MOCK
"W/""7893544""",ccd8a5cc-9e91-6aed-5e10-f80d32055dda,2026-08-19T10:07:56Z,2026-08-19T10:07:56Z,Generative answer,Billed,50,true,41b16807-a036-a75d-2846-fcf6ec9a598b,f84c10ae-4d1b-f4ee-47be-cdc4bbf5ad6d,bdd640fb-0667-1ad1-1c80-317fa3b1799d,HR Helpdesk Bot,3f2ad9c1-7b64-4f6a-9d8e-52c0b7a13e45,Contoso Production,Web chat,Resolved,0,1,70476898,2026-09-04T18:00:00Z,AI-FinOps-MOCK,dataverse.msdyn_aievents,2026-08-19,batch-2026-09-04,MOCK
"W/""9591793""",510fb249-cc26-0ba0-18f2-0a6a93d1735a,2026-08-19T12:29:33Z,2026-08-19T12:29:33Z,Generative answer,Billed,50,true,3dbbdb0f-9f9d-93d3-5f15-6714cb04cc01,775fc3fe-95ba-d28c-890c-778a9f6c2944,bdd640fb-0667-1ad1-1c80-317fa3b1799d,HR Helpdesk Bot,3f2ad9c1-7b64-4f6a-9d8e-52c0b7a13e45,Contoso Production,Web chat,Escalated,0,1,99505081,2026-09-04T18:00:00Z,AI-FinOps-MOCK,dataverse.msdyn_aievents,2026-08-19,batch-2026-09-04,MOCK
"W/""9390745""",4bb7a3b1-be61-799e-7f49-0f2105637fcd,2026-08-19T10:20:59Z,2026-08-19T10:20:59Z,Generative answer,Zero-rated,0,false,29561b8d-1d3a-3c6e-289e-65c525213466,fd4bfe0a-3125-ea31-c7ef-ee3700527a89,bdd640fb-0667-1ad1-1c80-317fa3b1799d,HR Helpdesk Bot,3f2ad9c1-7b64-4f6a-9d8e-52c0b7a13e45,Contoso Production,Web chat,Abandoned,0,1,38655587,2026-09-04T18:00:00Z,AI-FinOps-MOCK,dataverse.msdyn_aievents,2026-08-19,batch-2026-09-04,MOCK
"W/""6403084""",2d47b3d5-3df1-9f29-eea1-5e362fc6c981,2026-08-19T08:06:19Z,2026-08-19T08:06:19Z,Generative answer,Billed,10,true,9f924986-c2fe-fd37-218c-8b8f3e875b98,223ccf0a-49c4-cf8f-c231-c6c81bf2102e,bdd640fb-0667-1ad1-1c80-317fa3b1799d,HR Helpdesk Bot,3f2ad9c1-7b64-4f6a-9d8e-52c0b7a13e45,Contoso Production,Custom website,Resolved,0,1,45445548,2026-09-04T18:00:00Z,AI-FinOps-MOCK,dataverse.msdyn_aievents,2026-08-19,batch-2026-09-04,MOCK
"W/""6503402""",31345a64-4aaa-efbb-82d3-4ff03838862f,2026-08-19T17:13:45Z,2026-08-19T17:13:45Z,Generative answer,Billed,72,true,121e1d14-7bc3-84c9-e09b-53bb03d1f502,6915534b-4dc5-9950-82b7-5c0cb0872af4,bdd640fb-0667-1ad1-1c80-317fa3b1799d,HR Helpdesk Bot,3f2ad9c1-7b64-4f6a-9d8e-52c0b7a13e45,Contoso Production,Web chat,Resolved,0,1,91421802,2026-09-04T18:00:00Z,AI-FinOps-MOCK,dataverse.msdyn_aievents,2026-08-19,batch-2026-09-04,MOCK
"W/""1852238""",ec5d0b17-37e9-abd6-3552-27fda7773d72,2026-08-19T09:41:17Z,2026-08-19T09:41:17Z,Agent action,Billed,78,true,3f4359c7-18df-f4be-faf2-38883b8e6fe7,619f6699-e2d5-c33d-31f4-19fd91b655d3,bdd640fb-0667-1ad1-1c80-317fa3b1799d,HR Helpdesk Bot,3f2ad9c1-7b64-4f6a-9d8e-52c0b7a13e45,Contoso Production,Custom website,Resolved,0,1,57745073,2026-09-04T18:00:00Z,AI-FinOps-MOCK,dataverse.msdyn_aievents,2026-08-19,batch-2026-09-04,MOCK
"W/""8561164""",5c78950d-1232-bcb8-16b7-8c5833943fed,2026-08-19T19:48:03Z,2026-08-19T19:48:03Z,Agent action,Billed,42,true,b7b75d7b-c310-7a84-ac1e-29cdd6670944,f7c8b31c-dcb3-1045-7d57-edfe69adcb7f,bdd640fb-0667-1ad1-1c80-317fa3b1799d,HR Helpdesk Bot,3f2ad9c1-7b64-4f6a-9d8e-52c0b7a13e45,Contoso Production,Web chat,Abandoned,0,1,33502496,2026-09-04T18:00:00Z,AI-FinOps-MOCK,dataverse.msdyn_aievents,2026-08-19,batch-2026-09-04,MOCK
"W/""7795888""",c9ba0334-06b1-d42e-f26b-a21a3bf9cf3f,2026-08-19T13:34:08Z,2026-08-19T13:34:08Z,Classic answer,Billed,32,true,dcd05c02-6069-290d-b528-b00018b7e454,305cfecf-0e7f-3d7b-80fd-a15c13de0828,23b8c1e9-3924-56de-3eb1-3b9046685257,Claims Triage Agent,3f2ad9c1-7b64-4f6a-9d8e-52c0b7a13e45,Contoso Production,Microsoft Teams,Abandoned,0,1,38882294,2026-09-04T18:00:00Z,AI-FinOps-MOCK,dataverse.msdyn_aievents,2026-08-19,batch-2026-09-04,MOCK
"W/""5605418""",acb9731c-360f-f6e3-65da-3acc285b5cd9,2026-08-19T17:48:48Z,2026-08-19T17:48:48Z,Classic answer,Billed,56,true,bb66e104-01f5-4557-4859-e181ece2a489,7e3a5bb1-c18c-62a1-4b7b-b5fb5ab78461,23b8c1e9-3924-56de-3eb1-3b9046685257,Claims Triage Agent,3f2ad9c1-7b64-4f6a-9d8e-52c0b7a13e45,Contoso Production,Web chat,Escalated,0,1,19763912,2026-09-04T18:00:00Z,AI-FinOps-MOCK,dataverse.msdyn_aievents,2026-08-19,batch-2026-09-04,MOCK
"W/""9726209""",2817df97-efee-96ce-ff91-58e9399612c1,2026-08-19T18:25:39Z,2026-08-19T18:25:39Z,Classic answer,Billed,53,true,941079c7-d273-7c94-9be9-4e752ff91a3b,8c24c17f-cf2d-f64e-b3c0-e6a9127f1056,23b8c1e9-3924-56de-3eb1-3b9046685257,Claims Triage Agent,3f2ad9c1-7b64-4f6a-9d8e-52c0b7a13e45,Contoso Production,Microsoft Teams,Resolved,0,1,78034527,2026-09-04T18:00:00Z,AI-FinOps-MOCK,dataverse.msdyn_aievents,2026-08-19,batch-2026-09-04,MOCK
"W/""8882574""",934c1df1-1482-ed21-075b-5a4ab29ad911,2026-08-19T17:05:29Z,2026-08-19T17:05:29Z,Generative answer,Billed,18,true,2fd9f71a-86a9-b301-b019-4731d7e7cca2,a578bb4d-768a-aa3d-7ccb-66edd659f7f2,23b8c1e9-3924-56de-3eb1-3b9046685257,Claims Triage Agent,3f2ad9c1-7b64-4f6a-9d8e-52c0b7a13e45,Contoso Production,Microsoft Teams,Escalated,0,1,89285594,2026-09-04T18:00:00Z,AI-FinOps-MOCK,dataverse.msdyn_aievents,2026-08-19,batch-2026-09-04,MOCK
"W/""8342126""",1f7543b4-6fd5-6251-6591-6bbbd1145872,2026-08-19T16:21:40Z,2026-08-19T16:21:40Z,Generative answer,Billed,72,true,7352ba5e-b613-da12-1488-0a2c279287a5,bdc6f04a-bc76-db23-b6e4-4dd27d404f97,23b8c1e9-3924-56de-3eb1-3b9046685257,Claims Triage Agent,3f2ad9c1-7b64-4f6a-9d8e-52c0b7a13e45,Contoso Production,Web chat,Abandoned,0,1,44656793,2026-09-04T18:00:00Z,AI-FinOps-MOCK,dataverse.msdyn_aievents,2026-08-19,batch-2026-09-04,MOCK
"W/""5797725""",d825936b-e380-7f19-f28f-e88236dec27d,2026-08-19T14:23:28Z,2026-08-19T14:23:28Z,Agent action,Zero-rated,0,false,e472a813-7b34-6b4b-e187-e480cc0f2516,f7ee339b-fe9b-6b94-55fd-8e2ae4e9fbf6,23b8c1e9-3924-56de-3eb1-3b9046685257,Claims Triage Agent,3f2ad9c1-7b64-4f6a-9d8e-52c0b7a13e45,Contoso Production,Custom website,Abandoned,0,1,34654986,2026-09-04T18:00:00Z,AI-FinOps-MOCK,dataverse.msdyn_aievents,2026-08-19,batch-2026-09-04,MOCK
"W/""2953665""",c894a869-039d-e625-f6a3-de0781782515,2026-08-19T09:13:09Z,2026-08-19T09:13:09Z,Agent action,Billed,117,true,9dae0423-2e51-81b6-f5e6-8e1f1846202a,8084457d-5a0d-0b50-5db6-b133afbb11bb,23b8c1e9-3924-56de-3eb1-3b9046685257,Claims Triage Agent,3f2ad9c1-7b64-4f6a-9d8e-52c0b7a13e45,Contoso Production,Web chat,Abandoned,0,1,46866309,2026-09-04T18:00:00Z,AI-FinOps-MOCK,dataverse.msdyn_aievents,2026-08-19,batch-2026-09-04,MOCK
"W/""5422648""",1bac7a60-727b-6cfd-cd61-81a308ef8005,2026-08-19T13:10:24Z,2026-08-19T13:10:24Z,Agent action,Billed,51,true,4dfa673b-f4e2-2e22-b845-7d93b2acc7e1,92298d3c-ed9a-979e-a090-165ad9c3007b,23b8c1e9-3924-56de-3eb1-3b9046685257,Claims Triage Agent,3f2ad9c1-7b64-4f6a-9d8e-52c0b7a13e45,Contoso Production,Microsoft Teams,Resolved,0,1,24444427,2026-09-04T18:00:00Z,AI-FinOps-MOCK,dataverse.msdyn_aievents,2026-08-19,batch-2026-09-04,MOCK
"W/""9360751""",ba7cc0a9-f8df-44ef-0e2d-79ad4fa375bb,2026-08-19T19:23:09Z,2026-08-19T19:23:09Z,Agent action,Zero-rated,0,false,40580e66-6e8a-8ac9-5b17-77fb4325ce02,3607c693-cb56-2dae-47a2-63ea522afc16,23b8c1e9-3924-56de-3eb1-3b9046685257,Claims Triage Agent,3f2ad9c1-7b64-4f6a-9d8e-52c0b7a13e45,Contoso Production,Microsoft Teams,Abandoned,0,1,33864542,2026-09-04T18:00:00Z,AI-FinOps-MOCK,dataverse.msdyn_aievents,2026-08-19,batch-2026-09-04,MOCK
"W/""2664096""",415902c2-9639-3be2-c1b6-fb612730f1d8,2026-08-19T10:27:20Z,2026-08-19T10:27:20Z,Classic answer,Billed,57,true,950e4589-92ab-72bb-2f7d-3e19736d8532,395e5bfa-c554-423e-67c7-53e121a2fe53,bd9c66b3-ad3c-2d6d-1a3d-1fa7bc8960a9,Store Ops Assistant,3f2ad9c1-7b64-4f6a-9d8e-52c0b7a13e45,Contoso Production,Microsoft Teams,Escalated,0,1,14367672,2026-09-04T18:00:00Z,AI-FinOps-MOCK,dataverse.msdyn_aievents,2026-08-19,batch-2026-09-04,MOCK
"W/""2165190""",9b4c39d9-aecc-e75a-d3a5-84d337e1a5c6,2026-08-19T17:22:07Z,2026-08-19T17:22:07Z,Classic answer,Billed,7,true,d21aecb2-eb2b-4423-d14f-2285dd39a857,2f3aa24d-cecb-aaf3-addd-1c4115461663,bd9c66b3-ad3c-2d6d-1a3d-1fa7bc8960a9,Store Ops Assistant,3f2ad9c1-7b64-4f6a-9d8e-52c0b7a13e45,Contoso Production,Microsoft Teams,Resolved,0,1,69066614,2026-09-04T18:00:00Z,AI-FinOps-MOCK,dataverse.msdyn_aievents,2026-08-19,batch-2026-09-04,MOCK
"W/""6824117""",e8f17018-164a-894a-159a-147cb2b33d90,2026-08-19T12:49:09Z,2026-08-19T12:49:09Z,Generative answer,Zero-rated,0,false,dec3f042-c04e-5613-8a94-1497eeef8133,ee03df50-4bc5-4421-b167-d8b77954b1de,bd9c66b3-ad3c-2d6d-1a3d-1fa7bc8960a9,Store Ops Assistant,3f2ad9c1-7b64-4f6a-9d8e-52c0b7a13e45,Contoso Production,Microsoft Teams,Resolved,0,1,42019345,2026-09-04T18:00:00Z,AI-FinOps-MOCK,dataverse.msdyn_aievents,2026-08-19,batch-2026-09-04,MOCK
"W/""4640340""",59c4f2e4-7b8a-1741-9f83-e2412bdbbfda,2026-08-19T16:13:05Z,2026-08-19T16:13:05Z,Generative answer,Zero-rated,0,false,4a95a3fe-3327-a475-06b8-35a07dac24d1,9f7e5e4b-075f-70e5-e35d-e789ebbd4de6,bd9c66b3-ad3c-2d6d-1a3d-1fa7bc8960a9,Store Ops Assistant,3f2ad9c1-7b64-4f6a-9d8e-52c0b7a13e45,Contoso Production,Web chat,Resolved,0,1,81865711,2026-09-04T18:00:00Z,AI-FinOps-MOCK,dataverse.msdyn_aievents,2026-08-19,batch-2026-09-04,MOCK
"W/""4839991""",a373599b-2529-04a1-66e3-c03ff2ffda60,2026-08-19T16:23:19Z,2026-08-19T16:23:19Z,Generative answer,Zero-rated,0,false,a71a71c6-f4b1-a3c7-708f-805dc649ee31,f4b18647-d82f-a61e-8541-41384447f9e8,bd9c66b3-ad3c-2d6d-1a3d-1fa7bc8960a9,Store Ops Assistant,3f2ad9c1-7b64-4f6a-9d8e-52c0b7a13e45,Contoso Production,Custom website,Resolved,0,1,85328810,2026-09-04T18:00:00Z,AI-FinOps-MOCK,dataverse.msdyn_aievents,2026-08-19,batch-2026-09-04,MOCK
"W/""6273104""",6e9cd53b-7aa4-d05c-97ac-3b3722847787,2026-08-19T15:46:35Z,2026-08-19T15:46:35Z,Generative answer,Billed,24,true,ecab6573-d0f1-b51e-298b-26044a67bd7b,dc82340b-a7be-6432-40ce-7b1a8227c2fd,bd9c66b3-ad3c-2d6d-1a3d-1fa7bc8960a9,Store Ops Assistant,3f2ad9c1-7b64-4f6a-9d8e-52c0b7a13e45,Contoso Production,Web chat,Abandoned,0,1,52573323,2026-09-04T18:00:00Z,AI-FinOps-MOCK,dataverse.msdyn_aievents,2026-08-19,batch-2026-09-04,MOCK
"W/""6908200""",d31ab4fa-d040-9d28-8a35-2d9eafaa23e6,2026-08-19T14:04:31Z,2026-08-19T14:04:31Z,Generative answer,Zero-rated,0,false,260e38a1-99a9-8d5b-d514-e24d6617a495,48883652-b62b-10dd-b3ab-885a73557ceb,bd9c66b3-ad3c-2d6d-1a3d-1fa7bc8960a9,Store Ops Assistant,3f2ad9c1-7b64-4f6a-9d8e-52c0b7a13e45,Contoso Production,Microsoft Teams,Abandoned,0,1,92147309,2026-09-04T18:00:00Z,AI-FinOps-MOCK,dataverse.msdyn_aievents,2026-08-19,batch-2026-09-04,MOCK
"W/""3006349""",2352d9c7-0a9f-ad75-1f1a-7ee4646f97fb,2026-08-19T11:39:54Z,2026-08-19T11:39:54Z,Agent action,Billed,24,true,e6740935-1bb8-d98e-14ff-8c70830aba29,7d6a8614-19f9-2b4e-f213-b4641b29856c,bd9c66b3-ad3c-2d6d-1a3d-1fa7bc8960a9,Store Ops Assistant,3f2ad9c1-7b64-4f6a-9d8e-52c0b7a13e45,Contoso Production,Microsoft Teams,Escalated,0,1,12743187,2026-09-04T18:00:00Z,AI-FinOps-MOCK,dataverse.msdyn_aievents,2026-08-19,batch-2026-09-04,MOCK
"W/""8876380""",82abc46d-4c9b-aa87-79df-14793aec8e74,2026-08-19T16:41:42Z,2026-08-19T16:41:42Z,Agent action,Billed,108,true,1e366fd5-22bb-d590-5fa6-7e830c9e7939,ba6c1a75-7683-1621-afda-ca5ab9bc524a,bd9c66b3-ad3c-2d6d-1a3d-1fa7bc8960a9,Store Ops Assistant,3f2ad9c1-7b64-4f6a-9d8e-52c0b7a13e45,Contoso Production,Microsoft Teams,Resolved,0,1,16240221,2026-09-04T18:00:00Z,AI-FinOps-MOCK,dataverse.msdyn_aievents,2026-08-19,batch-2026-09-04,MOCK
"W/""2339947""",f74762d9-3a3c-abe1-adcd-0d096a8ea652,2026-08-20T15:49:03Z,2026-08-20T15:49:03Z,Classic answer,Billed,41,true,94309daa-2133-2e53-6c45-e8c81fe7b6ca,10bd7a38-f1ff-eb6a-83b3-1ed850c6443f,bdd640fb-0667-1ad1-1c80-317fa3b1799d,HR Helpdesk Bot,3f2ad9c1-7b64-4f6a-9d8e-52c0b7a13e45,Contoso Production,Microsoft Teams,Escalated,0,1,74250319,2026-09-04T18:00:00Z,AI-FinOps-MOCK,dataverse.msdyn_aievents,2026-08-20,batch-2026-09-04,MOCK
"W/""8285865""",f2cf6505-bf56-6349-de62-e9cf7d7ac01c,2026-08-20T18:58:31Z,2026-08-20T18:58:31Z,Classic answer,Zero-rated,0,false,67042c78-afa4-3fe2-10f9-0b104195c2a4,0d014c2a-d429-550b-fdb8-40d5627dfb7a,bdd640fb-0667-1ad1-1c80-317fa3b1799d,HR Helpdesk Bot,3f2ad9c1-7b64-4f6a-9d8e-52c0b7a13e45,Contoso Production,Web chat,Escalated,0,1,83571866,2026-09-04T18:00:00Z,AI-FinOps-MOCK,dataverse.msdyn_aievents,2026-08-20,batch-2026-09-04,MOCK
"W/""9783925""",c94c0481-4976-bf21-a73d-8f368a7d049a,2026-08-20T18:52:47Z,2026-08-20T18:52:47Z,Classic answer,Billed,40,true,440a755c-4fe2-a864-cd19-f604a1ae23bf,575b7b08-4970-9a5e-22dc-27e5aa6ea218,bdd640fb-0667-1ad1-1c80-317fa3b1799d,HR Helpdesk Bot,3f2ad9c1-7b64-4f6a-9d8e-52c0b7a13e45,Contoso Production,Microsoft Teams,Escalated,0,1,92760675,2026-09-04T18:00:00Z,AI-FinOps-MOCK,dataverse.msdyn_aievents,2026-08-20,batch-2026-09-04,MOCK
"W/""6939748""",8f1b3e9b-6c41-030f-8087-ea4e38de929f,2026-08-20T14:18:54Z,2026-08-20T14:18:54Z,Classic answer,Billed,37,true,4afc7a10-bf63-e346-fd47-cb98fd29f8ed,6ab8524e-2c11-40a7-1b45-7de050f0cd8d,bdd640fb-0667-1ad1-1c80-317fa3b1799d,HR Helpdesk Bot,3f2ad9c1-7b64-4f6a-9d8e-52c0b7a13e45,Contoso Production,Web chat,Resolved,0,1,76231653,2026-09-04T18:00:00Z,AI-FinOps-MOCK,dataverse.msdyn_aievents,2026-08-20,batch-2026-09-04,MOCK
"W/""6755731""",d684bf31-50e6-1ba3-2c04-f7165e6d08e9,2026-08-20T15:15:06Z,2026-08-20T15:15:06Z,Classic answer,Billed,31,true,77571514-b1f9-2d40-1781-ee56451645c5,367ae64c-fe0f-6fa5-8a00-f260d46c0e42,bdd640fb-0667-1ad1-1c80-317fa3b1799d,HR Helpdesk Bot,3f2ad9c1-7b64-4f6a-9d8e-52c0b7a13e45,Contoso Production,Microsoft Teams,Resolved,0,1,20555456,2026-09-04T18:00:00Z,AI-FinOps-MOCK,dataverse.msdyn_aievents,2026-08-20,batch-2026-09-04,MOCK
"W/""9680760""",fdff2ab0-d8f2-894b-061d-52125ec667c8,2026-08-20T09:35:26Z,2026-08-20T09:35:26Z,Generative answer,Billed,78,true,53692043-4c58-1222-36ef-af16640f9aac,acef2741-86fb-ff5e-f5ee-d4adf6d0974d,bdd640fb-0667-1ad1-1c80-317fa3b1799d,HR Helpdesk Bot,3f2ad9c1-7b64-4f6a-9d8e-52c0b7a13e45,Contoso Production,Web chat,Escalated,0,1,89168446,2026-09-04T18:00:00Z,AI-FinOps-MOCK,dataverse.msdyn_aievents,2026-08-20,batch-2026-09-04,MOCK
"W/""7161782""",813ea36d-6066-8395-f88a-5d47a71b2ca3,2026-08-20T09:00:18Z,2026-08-20T09:00:18Z,Generative answer,Billed,72,true,e1f428e7-bfbb-e750-d64d-7cc2fc55d4aa,eac528e2-6f2e-8157-2eff-9e338df8d0aa,bdd640fb-0667-1ad1-1c80-317fa3b1799d,HR Helpdesk Bot,3f2ad9c1-7b64-4f6a-9d8e-52c0b7a13e45,Contoso Production,Custom website,Resolved,0,1,50632221,2026-09-04T18:00:00Z,AI-FinOps-MOCK,dataverse.msdyn_aievents,2026-08-20,batch-2026-09-04,MOCK
"W/""4100611""",a37eea12-851a-3466-dff1-773387cf96a5,2026-08-20T10:13:23Z,2026-08-20T10:13:23Z,Generative answer,Billed,48,true,0435e3fd-e93b-1616-02f6-6403797a7f49,1503cb8a-5967-55ca-22be-6fbe54f78fdd,bdd640fb-0667-1ad1-1c80-317fa3b1799d,HR Helpdesk Bot,3f2ad9c1-7b64-4f6a-9d8e-52c0b7a13e45,Contoso Production,Microsoft Teams,Escalated,0,1,34426404,2026-09-04T18:00:00Z,AI-FinOps-MOCK,dataverse.msdyn_aievents,2026-08-20,batch-2026-09-04,MOCK
"W/""7760977""",19396502-2f13-8893-81ba-572b1e0ede55,2026-08-20T10:20:34Z,2026-08-20T10:20:34Z,Agent action,Billed,177,true,02aad312-41cb-4743-a087-fe4810ae82d6,f71ebadb-45f3-8694-8c71-91d2b58a3cf4,bdd640fb-0667-1ad1-1c80-317fa3b1799d,HR Helpdesk Bot,3f2ad9c1-7b64-4f6a-9d8e-52c0b7a13e45,Contoso Production,Custom website,Abandoned,0,1,72711937,2026-09-04T18:00:00Z,AI-FinOps-MOCK,dataverse.msdyn_aievents,2026-08-20,batch-2026-09-04,MOCK
"W/""6227664""",2b9fcfff-cd42-13fe-1de6-ccd677b8d600,2026-08-20T09:22:40Z,2026-08-20T09:22:40Z,Agent action,Billed,93,true,60202bbb-bab3-2840-c494-937a118ef7ff,5fc9f2d7-78e2-6e71-2022-7089f061f655,bdd640fb-0667-1ad1-1c80-317fa3b1799d,HR Helpdesk Bot,3f2ad9c1-7b64-4f6a-9d8e-52c0b7a13e45,Contoso Production,Web chat,Abandoned,0,1,35712049,2026-09-04T18:00:00Z,AI-FinOps-MOCK,dataverse.msdyn_aievents,2026-08-20,batch-2026-09-04,MOCK
"W/""8046412""",a52629ab-dd84-b35d-1cea-c88e185cbbef,2026-08-20T10:02:01Z,2026-08-20T10:02:01Z,Agent action,Billed,150,true,39210844-c9f0-b01a-9cc8-014ead01a2a7,586bf01b-9c17-d8bf-8dbf-68e66f4a96db,bdd640fb-0667-1ad1-1c80-317fa3b1799d,HR Helpdesk Bot,3f2ad9c1-7b64-4f6a-9d8e-52c0b7a13e45,Contoso Production,Microsoft Teams,Abandoned,0,1,99620558,2026-09-04T18:00:00Z,AI-FinOps-MOCK,dataverse.msdyn_aievents,2026-08-20,batch-2026-09-04,MOCK
"W/""1164407""",31b5b4f3-b7e4-d8d6-dd68-044c2b353860,2026-08-20T12:51:49Z,2026-08-20T12:51:49Z,Agent action,Billed,162,true,5bd4b369-d705-efdd-a28f-142e3b232856,dd385be5-51ac-431d-3d68-b9dd28f54aeb,bdd640fb-0667-1ad1-1c80-317fa3b1799d,HR Helpdesk Bot,3f2ad9c1-7b64-4f6a-9d8e-52c0b7a13e45,Contoso Production,Custom website,Abandoned,0,1,44067554,2026-09-04T18:00:00Z,AI-FinOps-MOCK,dataverse.msdyn_aievents,2026-08-20,batch-2026-09-04,MOCK
"W/""4599059""",841d3c6a-a7b8-78a3-aa7f-c6aff86aeb3a,2026-08-20T14:15:51Z,2026-08-20T14:15:51Z,Agent action,Billed,129,true,734c7fcf-0ff5-43a3-642a-fa1e4eda36fd,121e187f-f887-e3af-954d-6cfe49d52c51,bdd640fb-0667-1ad1-1c80-317fa3b1799d,HR Helpdesk Bot,3f2ad9c1-7b64-4f6a-9d8e-52c0b7a13e45,Contoso Production,Web chat,Abandoned,0,1,91981695,2026-09-04T18:00:00Z,AI-FinOps-MOCK,dataverse.msdyn_aievents,2026-08-20,batch-2026-09-04,MOCK
"W/""8188511""",cb4caad2-0d26-65ea-b2b5-9395c0b041cd,2026-08-20T14:06:12Z,2026-08-20T14:06:12Z,Classic answer,Billed,25,true,a563f3b8-78f3-ddf6-4f93-85f9abc27a20,1dcf40e2-c3c3-732c-e949-2f7652c653b0,23b8c1e9-3924-56de-3eb1-3b9046685257,Claims Triage Agent,3f2ad9c1-7b64-4f6a-9d8e-52c0b7a13e45,Contoso Production,Custom website,Resolved,0,1,48962535,2026-09-04T18:00:00Z,AI-FinOps-MOCK,dataverse.msdyn_aievents,2026-08-20,batch-2026-09-04,MOCK
"W/""5358390""",f276625a-8493-f06c-5fd0-daad64b52752,2026-08-20T10:20:35Z,2026-08-20T10:20:35Z,Classic answer,Billed,55,true,333fc71e-358c-b45b-94c6-cc9197a3de13,56bcdd7e-cc9f-677e-cac6-9cbb3e86bbb4,23b8c1e9-3924-56de-3eb1-3b9046685257,Claims Triage Agent,3f2ad9c1-7b64-4f6a-9d8e-52c0b7a13e45,Contoso Production,Web chat,Resolved,0,1,70101689,2026-09-04T18:00:00Z,AI-FinOps-MOCK,dataverse.msdyn_aievents,2026-08-20,batch-2026-09-04,MOCK
"W/""5548538""",4531f115-cb5b-ae9d-9da0-8768971d8f8e,2026-08-20T13:12:32Z,2026-08-20T13:12:32Z,Generative answer,Billed,100,true,dcb77aa6-bc3f-95ac-85f4-ebbf05a07135,76f15ff8-73c4-e18a-bdbc-342845272c58,23b8c1e9-3924-56de-3eb1-3b9046685257,Claims Triage Agent,3f2ad9c1-7b64-4f6a-9d8e-52c0b7a13e45,Contoso Production,Microsoft Teams,Escalated,0,1,92481380,2026-09-04T18:00:00Z,AI-FinOps-MOCK,dataverse.msdyn_aievents,2026-08-20,batch-2026-09-04,MOCK
"W/""3329644""",bebf3561-7500-4175-f9fb-622d7f5d43dd,2026-08-20T16:01:39Z,2026-08-20T16:01:39Z,Generative answer,Billed,28,true,001c25cc-4c07-d31e-12d4-44ecf7eafd76,dbe463a9-f2c4-9931-063c-3d5bfdb2a5eb,23b8c1e9-3924-56de-3eb1-3b9046685257,Claims Triage Agent,3f2ad9c1-7b64-4f6a-9d8e-52c0b7a13e45,Contoso Production,Custom website,Escalated,0,1,60585787,2026-09-04T18:00:00Z,AI-FinOps-MOCK,dataverse.msdyn_aievents,2026-08-20,batch-2026-09-04,MOCK
"W/""2680074""",6e9a6175-3c66-d5dd-7972-2288f45b4309,2026-08-20T16:31:38Z,2026-08-20T16:31:38Z,Generative answer,Billed,16,true,f97934bb-fa27-be8c-824a-c7871c236a8d,bf6f6b3c-7334-8526-564b-7ff58666662c,23b8c1e9-3924-56de-3eb1-3b9046685257,Claims Triage Agent,3f2ad9c1-7b64-4f6a-9d8e-52c0b7a13e45,Contoso Production,Web chat,Resolved,0,1,46319736,2026-09-04T18:00:00Z,AI-FinOps-MOCK,dataverse.msdyn_aievents,2026-08-20,batch-2026-09-04,MOCK
"W/""3766252""",f8a7118a-b153-728f-08d8-412aa60e6f20,2026-08-20T09:24:18Z,2026-08-20T09:24:18Z,Generative answer,Billed,30,true,bc32756d-1c62-c1ff-17e0-d9cef7c2de13,2b3a2a5c-8675-b819-0ce6-6291846ec582,23b8c1e9-3924-56de-3eb1-3b9046685257,Claims Triage Agent,3f2ad9c1-7b64-4f6a-9d8e-52c0b7a13e45,Contoso Production,Custom website,Abandoned,0,1,91103176,2026-09-04T18:00:00Z,AI-FinOps-MOCK,dataverse.msdyn_aievents,2026-08-20,batch-2026-09-04,MOCK
"W/""3241629""",ea5a6c7a-f10d-2b2b-bb5e-7e2c15741fb2,2026-08-20T16:41:20Z,2026-08-20T16:41:20Z,Generative answer,Billed,90,true,1cccd811-231c-9aa7-a68e-581c14ec2344,5d5b7d8f-b19b-1b40-ce68-3b1bf659c6d4,23b8c1e9-3924-56de-3eb1-3b9046685257,Claims Triage Agent,3f2ad9c1-7b64-4f6a-9d8e-52c0b7a13e45,Contoso Production,Custom website,Escalated,0,1,66724743,2026-09-04T18:00:00Z,AI-FinOps-MOCK,dataverse.msdyn_aievents,2026-08-20,batch-2026-09-04,MOCK
"W/""8935850""",89011a2a-ab97-b54b-91bf-2005f7e1ffb5,2026-08-20T09:48:58Z,2026-08-20T09:48:58Z,Agent action,Billed,120,true,fa0200f1-7014-3c6d-25c3-16ff409c2c6b,e855b491-97d2-185f-e861-77b86b8d39b6,23b8c1e9-3924-56de-3eb1-3b9046685257,Claims Triage Agent,3f2ad9c1-7b64-4f6a-9d8e-52c0b7a13e45,Contoso Production,Microsoft Teams,Resolved,0,1,72672154,2026-09-04T18:00:00Z,AI-FinOps-MOCK,dataverse.msdyn_aievents,2026-08-20,batch-2026-09-04,MOCK
"W/""6531133""",325453b6-e86a-c424-3a9e-d8f9efec4d81,2026-08-20T17:41:03Z,2026-08-20T17:41:03Z,Agent action,Billed,87,true,1f9fff97-af7a-36d8-0fbb-ba0077ac4298,6110b8a0-3c78-7477-a23f-e9bf9973f442,23b8c1e9-3924-56de-3eb1-3b9046685257,Claims Triage Agent,3f2ad9c1-7b64-4f6a-9d8e-52c0b7a13e45,Contoso Production,Microsoft Teams,Abandoned,0,1,91917990,2026-09-04T18:00:00Z,AI-FinOps-MOCK,dataverse.msdyn_aievents,2026-08-20,batch-2026-09-04,MOCK
"W/""6690811""",4279c4c7-e479-aef7-1014-7857eb557635,2026-08-20T19:26:47Z,2026-08-20T19:26:47Z,Agent action,Billed,165,true,ee7eec5f-e706-127c-e6bb-9e0aa3f4ba55,6e03a9b6-4034-83d6-6871-35d937707688,23b8c1e9-3924-56de-3eb1-3b9046685257,Claims Triage Agent,3f2ad9c1-7b64-4f6a-9d8e-52c0b7a13e45,Contoso Production,Microsoft Teams,Abandoned,0,1,61141292,2026-09-04T18:00:00Z,AI-FinOps-MOCK,dataverse.msdyn_aievents,2026-08-20,batch-2026-09-04,MOCK
"W/""1675700""",654348e4-2a95-cbb5-952c-b85dc84875d2,2026-08-20T13:11:04Z,2026-08-20T13:11:04Z,Classic answer,Billed,50,true,f6d6f997-2fcc-d207-1fd2-1ef6796520b0,d66096fd-c898-810b-897c-4cd251ac23ca,bd9c66b3-ad3c-2d6d-1a3d-1fa7bc8960a9,Store Ops Assistant,3f2ad9c1-7b64-4f6a-9d8e-52c0b7a13e45,Contoso Production,Web chat,Resolved,0,1,49610202,2026-09-04T18:00:00Z,AI-FinOps-MOCK,dataverse.msdyn_aievents,2026-08-20,batch-2026-09-04,MOCK
"W/""5151495""",70125b8b-06eb-494a-bc97-eb7bcf8d040d,2026-08-20T08:32:42Z,2026-08-20T08:32:42Z,Classic answer,Billed,31,true,477576d2-e723-2cf4-546e-ff063f3616b1,be67ec3c-03f0-6e80-0c43-a97a6b98c9f2,bd9c66b3-ad3c-2d6d-1a3d-1fa7bc8960a9,Store Ops Assistant,3f2ad9c1-7b64-4f6a-9d8e-52c0b7a13e45,Contoso Production,Web chat,Abandoned,0,1,71762831,2026-09-04T18:00:00Z,AI-FinOps-MOCK,dataverse.msdyn_aievents,2026-08-20,batch-2026-09-04,MOCK
"W/""8332563""",61caaba5-c222-67b5-59b9-68e6841ddfbc,2026-08-20T15:50:52Z,2026-08-20T15:50:52Z,Generative answer,Zero-rated,0,false,c19f05ed-d631-9686-421e-72ac450ff92f,5025b216-26e8-1df7-b0dd-4eaf98221ad9,bd9c66b3-ad3c-2d6d-1a3d-1fa7bc8960a9,Store Ops Assistant,3f2ad9c1-7b64-4f6a-9d8e-52c0b7a13e45,Contoso Production,Web chat,Abandoned,0,1,40981040,2026-09-04T18:00:00Z,AI-FinOps-MOCK,dataverse.msdyn_aievents,2026-08-20,batch-2026-09-04,MOCK
"W/""6355127""",0f71cd0a-8be9-c829-6812-ebb94eede04c,2026-08-20T16:24:36Z,2026-08-20T16:24:36Z,Generative answer,Billed,78,true,f381ea79-2d57-13cc-201c-ab95014883a1,7179afc9-9cc8-085c-aa53-cb7503c977ec,bd9c66b3-ad3c-2d6d-1a3d-1fa7bc8960a9,Store Ops Assistant,3f2ad9c1-7b64-4f6a-9d8e-52c0b7a13e45,Contoso Production,Web chat,Escalated,0,1,62362762,2026-09-04T18:00:00Z,AI-FinOps-MOCK,dataverse.msdyn_aievents,2026-08-20,batch-2026-09-04,MOCK
"W/""7271632""",56896490-9dc4-6fd3-e39c-b178b01a38fc,2026-08-20T19:46:31Z,2026-08-20T19:46:31Z,Generative answer,Billed,18,true,afbacaa6-2211-3935-6b3e-4b0d90c77b78,43a0deca-793c-3b66-a146-8fe1abc73411,bd9c66b3-ad3c-2d6d-1a3d-1fa7bc8960a9,Store Ops Assistant,3f2ad9c1-7b64-4f6a-9d8e-52c0b7a13e45,Contoso Production,Microsoft Teams,Resolved,0,1,41103955,2026-09-04T18:00:00Z,AI-FinOps-MOCK,dataverse.msdyn_aievents,2026-08-20,batch-2026-09-04,MOCK
"W/""3564270""",499c740e-3d94-8671-b0f3-6f668bb4c5bf,2026-08-20T09:57:53Z,2026-08-20T09:57:53Z,Generative answer,Billed,94,true,a3051838-3cfe-66be-ebc8-8789d24c9f86,3dbccc75-05ff-dacc-787a-ace6de8b7b8a,bd9c66b3-ad3c-2d6d-1a3d-1fa7bc8960a9,Store Ops Assistant,3f2ad9c1-7b64-4f6a-9d8e-52c0b7a13e45,Contoso Production,Web chat,Escalated,0,1,35090423,2026-09-04T18:00:00Z,AI-FinOps-MOCK,dataverse.msdyn_aievents,2026-08-20,batch-2026-09-04,MOCK
"W/""9012081""",98dc0001-f091-0c28-3a65-27cf5b3655b4,2026-08-20T14:32:23Z,2026-08-20T14:32:23Z,Agent action,Billed,168,true,9bda7957-a491-3850-61fd-06f610991b78,434c9707-9f20-c48d-3055-55371a8d2f09,bd9c66b3-ad3c-2d6d-1a3d-1fa7bc8960a9,Store Ops Assistant,3f2ad9c1-7b64-4f6a-9d8e-52c0b7a13e45,Contoso Production,Web chat,Abandoned,0,1,91786739,2026-09-04T18:00:00Z,AI-FinOps-MOCK,dataverse.msdyn_aievents,2026-08-20,batch-2026-09-04,MOCK
"W/""2479398""",9f61d055-37bc-76e3-f591-a1a7605568b2,2026-08-20T15:25:25Z,2026-08-20T15:25:25Z,Agent action,Billed,39,true,1aa53c7d-8603-5386-47f3-d1bf807d003f,26d2bd05-7562-ca3c-1ed5-56f8c9733b50,bd9c66b3-ad3c-2d6d-1a3d-1fa7bc8960a9,Store Ops Assistant,3f2ad9c1-7b64-4f6a-9d8e-52c0b7a13e45,Contoso Production,Microsoft Teams,Escalated,0,1,25762422,2026-09-04T18:00:00Z,AI-FinOps-MOCK,dataverse.msdyn_aievents,2026-08-20,batch-2026-09-04,MOCK
"W/""2983877""",357550b4-c893-3fdb-596c-d692dc689522,2026-08-20T15:19:33Z,2026-08-20T15:19:33Z,Agent action,Billed,75,true,a247c978-6ed6-79ee-4ec2-58912df9b030,db0c94c6-6081-3297-a30e-f58b0d466d37,bd9c66b3-ad3c-2d6d-1a3d-1fa7bc8960a9,Store Ops Assistant,3f2ad9c1-7b64-4f6a-9d8e-52c0b7a13e45,Contoso Production,Microsoft Teams,Abandoned,0,1,78946618,2026-09-04T18:00:00Z,AI-FinOps-MOCK,dataverse.msdyn_aievents,2026-08-20,batch-2026-09-04,MOCK
"W/""6887647""",c6227ca0-08fd-7861-2c03-1d3545913a29,2026-08-20T08:33:21Z,2026-08-20T08:33:21Z,Agent action,Zero-rated,0,false,a083bc7f-9c46-6017-0096-d4c7643be3fa,9c383585-3ff6-dc51-b6c9-da189b0520f3,bd9c66b3-ad3c-2d6d-1a3d-1fa7bc8960a9,Store Ops Assistant,3f2ad9c1-7b64-4f6a-9d8e-52c0b7a13e45,Contoso Production,Custom website,Escalated,0,1,17140551,2026-09-04T18:00:00Z,AI-FinOps-MOCK,dataverse.msdyn_aievents,2026-08-20,batch-2026-09-04,MOCK
"W/""5328934""",36ef9e04-c2a9-461d-c47b-cecd93a10485,2026-08-20T16:36:47Z,2026-08-20T16:36:47Z,Agent action,Zero-rated,0,false,01ae2ac8-f82f-f6c2-c4bf-acd456b2c46e,7cb3b641-e28f-7940-1916-d6cf66b9aca0,bd9c66b3-ad3c-2d6d-1a3d-1fa7bc8960a9,Store Ops Assistant,3f2ad9c1-7b64-4f6a-9d8e-52c0b7a13e45,Contoso Production,Web chat,Resolved,0,1,37499626,2026-09-04T18:00:00Z,AI-FinOps-MOCK,dataverse.msdyn_aievents,2026-08-20,batch-2026-09-04,MOCK
"W/""6032249""",56e8e2bf-6e31-e4d7-c661-ca578f3ae573,2026-08-21T09:07:15Z,2026-08-21T09:07:15Z,Classic answer,Zero-rated,0,false,6b3702e3-9752-5bcb-7365-c06cfb07925e,1cc8300e-8e91-4d5a-f84f-6a66b4da6bec,bdd640fb-0667-1ad1-1c80-317fa3b1799d,HR Helpdesk Bot,3f2ad9c1-7b64-4f6a-9d8e-52c0b7a13e45,Contoso Production,Microsoft Teams,Resolved,0,1,35016169,2026-09-04T18:00:00Z,AI-FinOps-MOCK,dataverse.msdyn_aievents,2026-08-21,batch-2026-09-04,MOCK
"W/""9167023""",8f25b6c3-2900-0dd2-adcf-39f738ec478e,2026-08-21T12:00:06Z,2026-08-21T12:00:06Z,Classic answer,Zero-rated,0,false,b01ef337-9cde-e3f9-51b5-b0e61537f1c3,52782319-ea1b-7bc8-a0d9-ce84dfebbc9e,bdd640fb-0667-1ad1-1c80-317fa3b1799d,HR Helpdesk Bot,3f2ad9c1-7b64-4f6a-9d8e-52c0b7a13e45,Contoso Production,Custom website,Escalated,0,1,38056566,2026-09-04T18:00:00Z,AI-FinOps-MOCK,dataverse.msdyn_aievents,2026-08-21,batch-2026-09-04,MOCK
"W/""9195940""",01176404-b327-d4f6-026a-b682400e71ef,2026-08-21T12:40:26Z,2026-08-21T12:40:26Z,Classic answer,Billed,14,true,01a5c6f2-49e2-0c42-9e30-e73ddca1a386,72d383cc-3e7c-3ebc-4cfc-353ffc00d362,bdd640fb-0667-1ad1-1c80-317fa3b1799d,HR Helpdesk Bot,3f2ad9c1-7b64-4f6a-9d8e-52c0b7a13e45,Contoso Production,Custom website,Resolved,0,1,48210346,2026-09-04T18:00:00Z,AI-FinOps-MOCK,dataverse.msdyn_aievents,2026-08-21,batch-2026-09-04,MOCK
"W/""4761545""",e097ef17-0cdf-a254-e511-b1976b5bec48,2026-08-21T16:29:45Z,2026-08-21T16:29:45Z,Generative answer,Zero-rated,0,false,dcd55f02-b2a9-e6ee-6986-52dff1a22849,0a3d522e-43ad-3999-3b6c-eb07fb5601bd,bdd640fb-0667-1ad1-1c80-317fa3b1799d,HR Helpdesk Bot,3f2ad9c1-7b64-4f6a-9d8e-52c0b7a13e45,Contoso Production,Web chat,Resolved,0,1,37107443,2026-09-04T18:00:00Z,AI-FinOps-MOCK,dataverse.msdyn_aievents,2026-08-21,batch-2026-09-04,MOCK
"W/""7268676""",f9e03483-73c2-dafe-2fe8-e7e534bfcfc9,2026-08-21T15:11:14Z,2026-08-21T15:11:14Z,Generative answer,Zero-rated,0,false,2ba34e1a-81fb-a314-1d35-05fa90b336c5,1f92a1b3-d1b7-29ca-3872-78c53a0d4765,bdd640fb-0667-1ad1-1c80-317fa3b1799d,HR Helpdesk Bot,3f2ad9c1-7b64-4f6a-9d8e-52c0b7a13e45,Contoso Production,Web chat,Escalated,0,1,25933002,2026-09-04T18:00:00Z,AI-FinOps-MOCK,dataverse.msdyn_aievents,2026-08-21,batch-2026-09-04,MOCK
"W/""2098676""",5550c70c-c641-504a-77c1-37dea8bde531,2026-08-21T17:26:47Z,2026-08-21T17:26:47Z,Agent action,Billed,129,true,17ed51af-f8a1-f706-8e45-e0394ec848d4,211aab49-d133-6a79-4b74-a50e49851bbb,bdd640fb-0667-1ad1-1c80-317fa3b1799d,HR Helpdesk Bot,3f2ad9c1-7b64-4f6a-9d8e-52c0b7a13e45,Contoso Production,Custom website,Abandoned,0,1,43040624,2026-09-04T18:00:00Z,AI-FinOps-MOCK,dataverse.msdyn_aievents,2026-08-21,batch-2026-09-04,MOCK
"W/""6287460""",3797db60-2407-a55c-0c83-355a67cfc9f5,2026-08-21T10:42:06Z,2026-08-21T10:42:06Z,Agent action,Billed,171,true,2b01e18e-fdc1-87fd-a241-514fabddbc74,ed61d596-cf0d-0a0d-e1f5-4b034d0a73cf,bdd640fb-0667-1ad1-1c80-317fa3b1799d,HR Helpdesk Bot,3f2ad9c1-7b64-4f6a-9d8e-52c0b7a13e45,Contoso Production,Web chat,Escalated,0,1,63206579,2026-09-04T18:00:00Z,AI-FinOps-MOCK,dataverse.msdyn_aievents,2026-08-21,batch-2026-09-04,MOCK
"W/""9284773""",5ab5a041-59a1-acbd-8d04-b44415ea0ddc,2026-08-21T15:36:08Z,2026-08-21T15:36:08Z,Agent action,Billed,114,true,7794125a-3adc-ce5b-1241-069dbc98e8e6,59f917b4-b3e7-1c9b-3569-214a0de36197,bdd640fb-0667-1ad1-1c80-317fa3b1799d,HR Helpdesk Bot,3f2ad9c1-7b64-4f6a-9d8e-52c0b7a13e45,Contoso Production,Custom website,Abandoned,0,1,88013040,2026-09-04T18:00:00Z,AI-FinOps-MOCK,dataverse.msdyn_aievents,2026-08-21,batch-2026-09-04,MOCK
"W/""1271347""",a2540926-8197-6b1f-7e86-82c78f0f74ea,2026-08-21T17:29:55Z,2026-08-21T17:29:55Z,Agent action,Billed,177,true,753c35cf-19a1-a17b-4a34-53a6e0ee2f4c,fef4fdd2-6b01-d6f2-fc78-e94e831397f1,bdd640fb-0667-1ad1-1c80-317fa3b1799d,HR Helpdesk Bot,3f2ad9c1-7b64-4f6a-9d8e-52c0b7a13e45,Contoso Production,Web chat,Abandoned,0,1,97176328,2026-09-04T18:00:00Z,AI-FinOps-MOCK,dataverse.msdyn_aievents,2026-08-21,batch-2026-09-04,MOCK
"W/""4693867""",bfc2b80a-bcfc-bb46-4d0a-68cc9230df03,2026-08-21T11:27:38Z,2026-08-21T11:27:38Z,Agent action,Billed,132,true,a9d8f4d9-961a-97b8-9848-215ce1e378f1,2f67a402-7de2-2ec3-cf62-44de544c3f2f,bdd640fb-0667-1ad1-1c80-317fa3b1799d,HR Helpdesk Bot,3f2ad9c1-7b64-4f6a-9d8e-52c0b7a13e45,Contoso Production,Microsoft Teams,Resolved,0,1,16893281,2026-09-04T18:00:00Z,AI-FinOps-MOCK,dataverse.msdyn_aievents,2026-08-21,batch-2026-09-04,MOCK
"W/""2614095""",4265dbd4-d195-43de-d4bd-e6031e5c9810,2026-08-21T09:03:19Z,2026-08-21T09:03:19Z,Classic answer,Billed,15,true,a1e0e9a9-8765-7cb7-6ada-8a8dee906493,88acd319-e23f-2e89-3e0d-d17016caf898,23b8c1e9-3924-56de-3eb1-3b9046685257,Claims Triage Agent,3f2ad9c1-7b64-4f6a-9d8e-52c0b7a13e45,Contoso Production,Custom website,Abandoned,0,1,40486471,2026-09-04T18:00:00Z,AI-FinOps-MOCK,dataverse.msdyn_aievents,2026-08-21,batch-2026-09-04,MOCK
"W/""5848383""",cadf748e-3716-b116-22ba-b7c39326efcb,2026-08-21T16:27:12Z,2026-08-21T16:27:12Z,Classic answer,Billed,18,true,b1238d42-ac73-f7f6-b1fe-892f52d30cbd,475e1f4a-be8b-32f3-2264-9351c463c325,23b8c1e9-3924-56de-3eb1-3b9046685257,Claims Triage Agent,3f2ad9c1-7b64-4f6a-9d8e-52c0b7a13e45,Contoso Production,Custom website,Resolved,0,1,75451042,2026-09-04T18:00:00Z,AI-FinOps-MOCK,dataverse.msdyn_aievents,2026-08-21,batch-2026-09-04,MOCK
"W/""2668610""",ce44ae41-2fba-b550-65df-6f0c76fee1ca,2026-08-21T08:58:17Z,2026-08-21T08:58:17Z,Classic answer,Billed,12,true,551ddfaf-eb15-5456-8e4d-bf7aeb090876,f1ce0f3e-e40a-7a9f-b3b0-4952d6736abd,23b8c1e9-3924-56de-3eb1-3b9046685257,Claims Triage Agent,3f2ad9c1-7b64-4f6a-9d8e-52c0b7a13e45,Contoso Production,Microsoft Teams,Resolved,0,1,43552277,2026-09-04T18:00:00Z,AI-FinOps-MOCK,dataverse.msdyn_aievents,2026-08-21,batch-2026-09-04,MOCK
"W/""1702463""",3a51aee9-0681-d078-446e-9dd3bd301435,2026-08-21T09:26:17Z,2026-08-21T09:26:17Z,Generative answer,Billed,114,true,77d91e61-b2f1-5b4d-9d12-20f1fc3e19d2,6674f85b-a84e-f2f4-f8e6-5bffc0ebc0dc,23b8c1e9-3924-56de-3eb1-3b9046685257,Claims Triage Agent,3f2ad9c1-7b64-4f6a-9d8e-52c0b7a13e45,Contoso Production,Microsoft Teams,Resolved,0,1,24838185,2026-09-04T18:00:00Z,AI-FinOps-MOCK,dataverse.msdyn_aievents,2026-08-21,batch-2026-09-04,MOCK
"W/""1620554""",ea378e3e-d7be-d6b8-3e9f-9aae46cd1c16,2026-08-21T08:27:39Z,2026-08-21T08:27:39Z,Generative answer,Billed,80,true,1b9955d5-1475-6fdf-968a-fcbe80f7a62a,25a773de-8337-86c2-a591-3d354dd5b00d,23b8c1e9-3924-56de-3eb1-3b9046685257,Claims Triage Agent,3f2ad9c1-7b64-4f6a-9d8e-52c0b7a13e45,Contoso Production,Microsoft Teams,Abandoned,0,1,87372269,2026-09-04T18:00:00Z,AI-FinOps-MOCK,dataverse.msdyn_aievents,2026-08-21,batch-2026-09-04,MOCK
"W/""5820738""",c02eb557-50d4-6eee-8734-04db105037d1,2026-08-21T10:52:16Z,2026-08-21T10:52:16Z,Agent action,Billed,87,true,e773c4dc-ab15-e2ca-11b5-107705583c07,bb449646-6b6a-34ac-c7b0-14dd6aabb88c,23b8c1e9-3924-56de-3eb1-3b9046685257,Claims Triage Agent,3f2ad9c1-7b64-4f6a-9d8e-52c0b7a13e45,Contoso Production,Web chat,Abandoned,0,1,20611710,2026-09-04T18:00:00Z,AI-FinOps-MOCK,dataverse.msdyn_aievents,2026-08-21,batch-2026-09-04,MOCK
"W/""9296010""",54829a50-e8da-60d8-d11b-752fbdf11ba5,2026-08-21T17:39:23Z,2026-08-21T17:39:23Z,Agent action,Billed,18,true,16309fc9-d38b-74ea-86e1-618862c6556b,40b0d305-3a89-6b43-a5bf-c7c512f08980,23b8c1e9-3924-56de-3eb1-3b9046685257,Claims Triage Agent,3f2ad9c1-7b64-4f6a-9d8e-52c0b7a13e45,Contoso Production,Microsoft Teams,Resolved,0,1,55394592,2026-09-04T18:00:00Z,AI-FinOps-MOCK,dataverse.msdyn_aievents,2026-08-21,batch-2026-09-04,MOCK
"W/""5348514""",225a00ff-9ac1-7ff0-3b7a-529495b94552,2026-08-21T11:53:06Z,2026-08-21T11:53:06Z,Classic answer,Billed,43,true,a56c9f83-846e-32be-bc3b-f0e5e5060e3e,35342585-2802-57de-c769-fc9a279be25d,bd9c66b3-ad3c-2d6d-1a3d-1fa7bc8960a9,Store Ops Assistant,3f2ad9c1-7b64-4f6a-9d8e-52c0b7a13e45,Contoso Production,Web chat,Abandoned,0,1,91823338,2026-09-04T18:00:00Z,AI-FinOps-MOCK,dataverse.msdyn_aievents,2026-08-21,batch-2026-09-04,MOCK
"W/""9024439""",c5cb9ad3-2acc-1304-f655-e6bed371c505,2026-08-21T12:57:45Z,2026-08-21T12:57:45Z,Classic answer,Billed,20,true,baf83f84-2a94-0b39-6dde-e126d5db0d11,1aa9eda0-71d4-b1a4-d649-89f24526abbf,bd9c66b3-ad3c-2d6d-1a3d-1fa7bc8960a9,Store Ops Assistant,3f2ad9c1-7b64-4f6a-9d8e-52c0b7a13e45,Contoso Production,Custom website,Abandoned,0,1,41331828,2026-09-04T18:00:00Z,AI-FinOps-MOCK,dataverse.msdyn_aievents,2026-08-21,batch-2026-09-04,MOCK
"W/""8446263""",fa17c8a4-e875-0483-e508-5544ac8a12e7,2026-08-21T13:57:10Z,2026-08-21T13:57:10Z,Classic answer,Billed,31,true,ee072aa3-bf26-73be-db70-7b3971327dcf,79b32365-8b4e-8a8c-0166-171a32fe8a40,bd9c66b3-ad3c-2d6d-1a3d-1fa7bc8960a9,Store Ops Assistant,3f2ad9c1-7b64-4f6a-9d8e-52c0b7a13e45,Contoso Production,Custom website,Resolved,0,1,43817910,2026-09-04T18:00:00Z,AI-FinOps-MOCK,dataverse.msdyn_aievents,2026-08-21,batch-2026-09-04,MOCK
"W/""1677385""",2a470b51-b02e-9795-e28e-be0d032c931b,2026-08-21T16:48:57Z,2026-08-21T16:48:57Z,Generative answer,Billed,46,true,d2c15de1-5ae4-1d5b-f49a-004faa215d36,025b50a6-498b-144c-a964-d4e0fb93eebf,bd9c66b3-ad3c-2d6d-1a3d-1fa7bc8960a9,Store Ops Assistant,3f2ad9c1-7b64-4f6a-9d8e-52c0b7a13e45,Contoso Production,Web chat,Abandoned,0,1,46126543,2026-09-04T18:00:00Z,AI-FinOps-MOCK,dataverse.msdyn_aievents,2026-08-21,batch-2026-09-04,MOCK
"W/""8605804""",108950bb-f230-2fc0-5da6-737b6c274aff,2026-08-21T18:42:24Z,2026-08-21T18:42:24Z,Generative answer,Billed,104,true,be551c53-7bf0-092e-255e-c2cd7df2ad00,503b5a82-b508-dad2-ea41-9dda7fce961c,bd9c66b3-ad3c-2d6d-1a3d-1fa7bc8960a9,Store Ops Assistant,3f2ad9c1-7b64-4f6a-9d8e-52c0b7a13e45,Contoso Production,Microsoft Teams,Resolved,0,1,87592782,2026-09-04T18:00:00Z,AI-FinOps-MOCK,dataverse.msdyn_aievents,2026-08-21,batch-2026-09-04,MOCK
"W/""6570985""",1bc5dda8-422d-79d6-4aed-66836f76e21c,2026-08-21T18:24:20Z,2026-08-21T18:24:20Z,Agent action,Billed,54,true,0121208b-3237-c0ee-962b-dfe442ab2e80,d23d6141-bc8a-6bb9-1285-cc4207fcbdb1,bd9c66b3-ad3c-2d6d-1a3d-1fa7bc8960a9,Store Ops Assistant,3f2ad9c1-7b64-4f6a-9d8e-52c0b7a13e45,Contoso Production,Web chat,Abandoned,0,1,10155167,2026-09-04T18:00:00Z,AI-FinOps-MOCK,dataverse.msdyn_aievents,2026-08-21,batch-2026-09-04,MOCK
"W/""4993426""",235cc8ca-2a06-fff3-9593-46940c14dfd8,2026-08-21T10:16:00Z,2026-08-21T10:16:00Z,Agent action,Billed,120,true,3951f7d6-81d8-f580-ac5b-fb3ef5f2e9cf,62dcbd94-338c-645b-4f31-b362c839b419,bd9c66b3-ad3c-2d6d-1a3d-1fa7bc8960a9,Store Ops Assistant,3f2ad9c1-7b64-4f6a-9d8e-52c0b7a13e45,Contoso Production,Web chat,Escalated,0,1,59593974,2026-09-04T18:00:00Z,AI-FinOps-MOCK,dataverse.msdyn_aievents,2026-08-21,batch-2026-09-04,MOCK
"W/""1746069""",50168ac8-9224-4dcc-6d28-484760fd375e,2026-08-22T17:50:53Z,2026-08-22T17:50:53Z,Classic answer,Billed,6,true,bfdad434-ee95-f163-0d96-1a258ca4be1d,4550421b-9ca6-dbcb-c5f8-39464972bdd3,bdd640fb-0667-1ad1-1c80-317fa3b1799d,HR Helpdesk Bot,3f2ad9c1-7b64-4f6a-9d8e-52c0b7a13e45,Contoso Production,Microsoft Teams,Escalated,0,1,64570721,2026-09-04T18:00:00Z,AI-FinOps-MOCK,dataverse.msdyn_aievents,2026-08-22,batch-2026-09-04,MOCK
"W/""7187526""",1811b835-768c-36b8-54d8-535c110d7132,2026-08-22T12:26:54Z,2026-08-22T12:26:54Z,Classic answer,Billed,24,true,26f6f963-93df-7821-a9bf-818f7c4234ce,0ce13e48-fb84-cc4d-3b5a-2625b1c5d93c,bdd640fb-0667-1ad1-1c80-317fa3b1799d,HR Helpdesk Bot,3f2ad9c1-7b64-4f6a-9d8e-52c0b7a13e45,Contoso Production,Microsoft Teams,Resolved,0,1,80563648,2026-09-04T18:00:00Z,AI-FinOps-MOCK,dataverse.msdyn_aievents,2026-08-22,batch-2026-09-04,MOCK
"W/""3124570""",ce597877-444e-e413-894e-5db4e96f3437,2026-08-22T12:36:42Z,2026-08-22T12:36:42Z,Classic answer,Billed,55,true,c143f0a5-53f4-a980-54e9-49094bf588f8,79adf71e-0a92-62f2-e02e-e1bdfecfecb6,bdd640fb-0667-1ad1-1c80-317fa3b1799d,HR Helpdesk Bot,3f2ad9c1-7b64-4f6a-9d8e-52c0b7a13e45,Contoso Production,Web chat,Abandoned,0,1,33010443,2026-09-04T18:00:00Z,AI-FinOps-MOCK,dataverse.msdyn_aievents,2026-08-22,batch-2026-09-04,MOCK
"W/""1339827""",f7cf5a26-7ce5-1943-b63b-cbfc323c81f0,2026-08-22T16:09:55Z,2026-08-22T16:09:55Z,Classic answer,Billed,48,true,449b7a03-4619-2ee7-af2e-18f0949c8b0f,02991d49-0d67-ba12-fdcd-3b0f07b62573,bdd640fb-0667-1ad1-1c80-317fa3b1799d,HR Helpdesk Bot,3f2ad9c1-7b64-4f6a-9d8e-52c0b7a13e45,Contoso Production,Microsoft Teams,Resolved,0,1,54154067,2026-09-04T18:00:00Z,AI-FinOps-MOCK,dataverse.msdyn_aievents,2026-08-22,batch-2026-09-04,MOCK
"W/""1845505""",b926e743-f56e-ffa2-f047-3eca3965e5d6,2026-08-22T15:30:38Z,2026-08-22T15:30:38Z,Classic answer,Billed,41,true,e7682c1c-41e6-fdf0-d4bd-17466ea750d3,4dc90ce3-606a-89df-9bf7-adb8e91cfa50,bdd640fb-0667-1ad1-1c80-317fa3b1799d,HR Helpdesk Bot,3f2ad9c1-7b64-4f6a-9d8e-52c0b7a13e45,Contoso Production,Web chat,Resolved,0,1,99859695,2026-09-04T18:00:00Z,AI-FinOps-MOCK,dataverse.msdyn_aievents,2026-08-22,batch-2026-09-04,MOCK
"W/""9781688""",b1f0e7c3-2b7b-7ef7-cbbe-91ce9b5ec564,2026-08-22T14:37:26Z,2026-08-22T14:37:26Z,Generative answer,Billed,24,true,7c940086-9052-9adc-6eb5-a4098002886d,f5c8c34b-742d-5842-cf50-70a6955dfbad,bdd640fb-0667-1ad1-1c80-317fa3b1799d,HR Helpdesk Bot,3f2ad9c1-7b64-4f6a-9d8e-52c0b7a13e45,Contoso Production,Custom website,Resolved,0,1,49380296,2026-09-04T18:00:00Z,AI-FinOps-MOCK,dataverse.msdyn_aievents,2026-08-22,batch-2026-09-04,MOCK
"W/""4149428""",200feb8b-7944-64b0-5c60-aab5da6d6a18,2026-08-22T17:27:56Z,2026-08-22T17:27:56Z,Generative answer,Billed,50,true,aa7a58c0-e417-7076-ce19-4b4320e98900,50dc581e-15be-cc5e-b989-e53833184f97,bdd640fb-0667-1ad1-1c80-317fa3b1799d,HR Helpdesk Bot,3f2ad9c1-7b64-4f6a-9d8e-52c0b7a13e45,Contoso Production,Microsoft Teams,Abandoned,0,1,64045717,2026-09-04T18:00:00Z,AI-FinOps-MOCK,dataverse.msdyn_aievents,2026-08-22,batch-2026-09-04,MOCK
"W/""2153311""",87b28a30-51a8-89d8-750d-193a50203436,2026-08-22T15:37:18Z,2026-08-22T15:37:18Z,Generative answer,Zero-rated,0,false,09200bf2-0610-4526-fec0-8c061e9a36d1,4e87f08f-5e73-08d0-bf50-f01013cc4591,bdd640fb-0667-1ad1-1c80-317fa3b1799d,HR Helpdesk Bot,3f2ad9c1-7b64-4f6a-9d8e-52c0b7a13e45,Contoso Production,Web chat,Escalated,0,1,58288232,2026-09-04T18:00:00Z,AI-FinOps-MOCK,dataverse.msdyn_aievents,2026-08-22,batch-2026-09-04,MOCK
"W/""5500077""",b438a16e-09b5-b54b-d1c3-3bf882d1bbec,2026-08-22T15:15:30Z,2026-08-22T15:15:30Z,Agent action,Billed,84,true,010e1768-cd75-b8cf-258c-fcbb0e98eec5,2b075cbb-3905-a327-aef1-9eb9cee656dd,bdd640fb-0667-1ad1-1c80-317fa3b1799d,HR Helpdesk Bot,3f2ad9c1-7b64-4f6a-9d8e-52c0b7a13e45,Contoso Production,Custom website,Escalated,0,1,96356131,2026-09-04T18:00:00Z,AI-FinOps-MOCK,dataverse.msdyn_aievents,2026-08-22,batch-2026-09-04,MOCK
"W/""7449110""",86d1dbc2-7a88-4b4d-115f-5e37b6e6c0f9,2026-08-22T16:49:36Z,2026-08-22T16:49:36Z,Agent action,Billed,99,true,3c0e714f-c2aa-1c22-dfce-4fb6b95e7103,e21ef84d-a9ba-258c-2660-e38bcc1882a1,bdd640fb-0667-1ad1-1c80-317fa3b1799d,HR Helpdesk Bot,3f2ad9c1-7b64-4f6a-9d8e-52c0b7a13e45,Contoso Production,Microsoft Teams,Escalated,0,1,99307233,2026-09-04T18:00:00Z,AI-FinOps-MOCK,dataverse.msdyn_aievents,2026-08-22,batch-2026-09-04,MOCK
"W/""7052695""",2d803089-28a5-46f9-3aba-9ffd73cdae4a,2026-08-22T13:46:52Z,2026-08-22T13:46:52Z,Classic answer,Billed,11,true,3e138f42-2f2a-c35d-253e-5c1ff1085aa7,e25f4a3b-66dd-8568-228a-79f8b3e213c1,23b8c1e9-3924-56de-3eb1-3b9046685257,Claims Triage Agent,3f2ad9c1-7b64-4f6a-9d8e-52c0b7a13e45,Contoso Production,Microsoft Teams,Resolved,0,1,70862510,2026-09-04T18:00:00Z,AI-FinOps-MOCK,dataverse.msdyn_aievents,2026-08-22,batch-2026-09-04,MOCK
"W/""9906182""",34c0361c-f481-2ccb-c783-8bdb8546ad58,2026-08-22T10:25:39Z,2026-08-22T10:25:39Z,Classic answer,Billed,23,true,e78040c4-e9eb-a6a8-0f73-c9c92ac6793c,a18d4394-d347-960f-9313-35609d2f1ad0,23b8c1e9-3924-56de-3eb1-3b9046685257,Claims Triage Agent,3f2ad9c1-7b64-4f6a-9d8e-52c0b7a13e45,Contoso Production,Microsoft Teams,Resolved,0,1,46583072,2026-09-04T18:00:00Z,AI-FinOps-MOCK,dataverse.msdyn_aievents,2026-08-22,batch-2026-09-04,MOCK
"W/""1631045""",b42373ee-1420-a6dc-6b0d-d372b816074b,2026-08-22T11:41:39Z,2026-08-22T11:41:39Z,Generative answer,Billed,80,true,54f1c04f-c51e-e8ae-454c-6bc88451e97b,7bda2c84-b409-2360-b202-84a767cf7dbe,23b8c1e9-3924-56de-3eb1-3b9046685257,Claims Triage Agent,3f2ad9c1-7b64-4f6a-9d8e-52c0b7a13e45,Contoso Production,Microsoft Teams,Escalated,0,1,78587038,2026-09-04T18:00:00Z,AI-FinOps-MOCK,dataverse.msdyn_aievents,2026-08-22,batch-2026-09-04,MOCK
"W/""4523314""",d3bd36a5-9781-c643-bea4-8b30a942b580,2026-08-22T08:08:45Z,2026-08-22T08:08:45Z,Generative answer,Billed,34,true,7ae5daff-4a90-2a72-8ebe-34244a7b13d0,44c6e399-145a-7cf1-7120-09cab28239de,23b8c1e9-3924-56de-3eb1-3b9046685257,Claims Triage Agent,3f2ad9c1-7b64-4f6a-9d8e-52c0b7a13e45,Contoso Production,Web chat,Escalated,0,1,41368475,2026-09-04T18:00:00Z,AI-FinOps-MOCK,dataverse.msdyn_aievents,2026-08-22,batch-2026-09-04,MOCK
"W/""3582160""",7144b3db-bf66-a28c-3e26-e97e1f42ca41,2026-08-22T19:46:03Z,2026-08-22T19:46:03Z,Generative answer,Billed,84,true,365e49bd-85a4-17a8-1ccf-9aaa0a28dcda,4322aab9-7c5e-636b-2804-2f21d38d0936,23b8c1e9-3924-56de-3eb1-3b9046685257,Claims Triage Agent,3f2ad9c1-7b64-4f6a-9d8e-52c0b7a13e45,Contoso Production,Microsoft Teams,Resolved,0,1,25680461,2026-09-04T18:00:00Z,AI-FinOps-MOCK,dataverse.msdyn_aievents,2026-08-22,batch-2026-09-04,MOCK
"W/""5498171""",89c6602d-15fd-f6bf-42a4-3c083de45032,2026-08-22T19:30:51Z,2026-08-22T19:30:51Z,Agent action,Billed,135,true,c2ea8b4e-f595-fbf5-1c3f-ea5887dfb176,a1f11ddf-de50-fd7c-5c44-b5bbc0b9e4c9,23b8c1e9-3924-56de-3eb1-3b9046685257,Claims Triage Agent,3f2ad9c1-7b64-4f6a-9d8e-52c0b7a13e45,Contoso Production,Web chat,Abandoned,0,1,67553433,2026-09-04T18:00:00Z,AI-FinOps-MOCK,dataverse.msdyn_aievents,2026-08-22,batch-2026-09-04,MOCK
"W/""2020699""",66b84241-82f9-aaff-18c5-5600246a4703,2026-08-22T13:05:23Z,2026-08-22T13:05:23Z,Agent action,Billed,159,true,5737ee98-ec9b-e669-42bf-7ae9f211f6cb,1601b35d-238a-f0ba-8f67-70679bb19518,23b8c1e9-3924-56de-3eb1-3b9046685257,Claims Triage Agent,3f2ad9c1-7b64-4f6a-9d8e-52c0b7a13e45,Contoso Production,Custom website,Escalated,0,1,25705253,2026-09-04T18:00:00Z,AI-FinOps-MOCK,dataverse.msdyn_aievents,2026-08-22,batch-2026-09-04,MOCK
"W/""9583879""",a7771823-8d44-4581-16a0-6d5b68941e33,2026-08-22T14:48:15Z,2026-08-22T14:48:15Z,Agent action,Billed,105,true,599dab27-8c74-dca2-06f0-6db59c375349,a177a36b-0200-5926-eb78-59904d155838,23b8c1e9-3924-56de-3eb1-3b9046685257,Claims Triage Agent,3f2ad9c1-7b64-4f6a-9d8e-52c0b7a13e45,Contoso Production,Microsoft Teams,Resolved,0,1,36134652,2026-09-04T18:00:00Z,AI-FinOps-MOCK,dataverse.msdyn_aievents,2026-08-22,batch-2026-09-04,MOCK
"W/""6536607""",5c5348be-b94e-e777-9a89-b37297080153,2026-08-22T11:23:20Z,2026-08-22T11:23:20Z,Agent action,Zero-rated,0,false,2e59542e-72f7-cbce-98f3-992e3227ffbf,fb8fd305-e22e-75a5-c4f1-1d1002d49cd4,23b8c1e9-3924-56de-3eb1-3b9046685257,Claims Triage Agent,3f2ad9c1-7b64-4f6a-9d8e-52c0b7a13e45,Contoso Production,Custom website,Abandoned,0,1,53556179,2026-09-04T18:00:00Z,AI-FinOps-MOCK,dataverse.msdyn_aievents,2026-08-22,batch-2026-09-04,MOCK
"W/""5929565""",9b33ffe4-0092-9772-23d7-7d13d992266c,2026-08-22T08:40:26Z,2026-08-22T08:40:26Z,Agent action,Billed,18,true,d90ee8f6-2463-347d-da34-71012c686258,cf164ed5-7de7-3f01-915e-e0d55cc55edd,23b8c1e9-3924-56de-3eb1-3b9046685257,Claims Triage Agent,3f2ad9c1-7b64-4f6a-9d8e-52c0b7a13e45,Contoso Production,Microsoft Teams,Abandoned,0,1,65644194,2026-09-04T18:00:00Z,AI-FinOps-MOCK,dataverse.msdyn_aievents,2026-08-22,batch-2026-09-04,MOCK
"W/""1370163""",c1812daa-be41-5faa-1987-812defcf9fdf,2026-08-22T09:02:24Z,2026-08-22T09:02:24Z,Classic answer,Billed,33,true,a190ab32-3b8b-f403-b407-57d115dd8a26,22c14a3e-3955-3bdb-011b-d2a0cf7a79cd,bd9c66b3-ad3c-2d6d-1a3d-1fa7bc8960a9,Store Ops Assistant,3f2ad9c1-7b64-4f6a-9d8e-52c0b7a13e45,Contoso Production,Microsoft Teams,Resolved,0,1,99398692,2026-09-04T18:00:00Z,AI-FinOps-MOCK,dataverse.msdyn_aievents,2026-08-22,batch-2026-09-04,MOCK
"W/""4335603""",e98322ed-b883-3940-7e75-51c3b021cc13,2026-08-22T19:19:14Z,2026-08-22T19:19:14Z,Classic answer,Billed,27,true,d1807291-352f-f0bd-5191-c78b426af77c,55c0b388-d8b3-046c-b3a3-77106e014bc8,bd9c66b3-ad3c-2d6d-1a3d-1fa7bc8960a9,Store Ops Assistant,3f2ad9c1-7b64-4f6a-9d8e-52c0b7a13e45,Contoso Production,Web chat,Resolved,0,1,28455756,2026-09-04T18:00:00Z,AI-FinOps-MOCK,dataverse.msdyn_aievents,2026-08-22,batch-2026-09-04,MOCK
"W/""3888943""",3871fe5e-653c-0b99-d93f-f2f814aebb83,2026-08-22T12:56:06Z,2026-08-22T12:56:06Z,Classic answer,Billed,50,true,403aecab-2a50-a607-821e-9b0ff719517e,61fbfcfe-e874-26d1-9572-6342507310ae,bd9c66b3-ad3c-2d6d-1a3d-1fa7bc8960a9,Store Ops Assistant,3f2ad9c1-7b64-4f6a-9d8e-52c0b7a13e45,Contoso Production,Microsoft Teams,Resolved,0,1,40450793,2026-09-04T18:00:00Z,AI-FinOps-MOCK,dataverse.msdyn_aievents,2026-08-22,batch-2026-09-04,MOCK
"W/""5405999""",b9365767-6d7a-453f-9278-330437c04b35,2026-08-22T15:09:17Z,2026-08-22T15:09:17Z,Classic answer,Billed,45,true,0ca75914-b811-c796-b353-0922bc8a764c,614171fa-96a9-4e04-e720-912198e7a6f3,bd9c66b3-ad3c-2d6d-1a3d-1fa7bc8960a9,Store Ops Assistant,3f2ad9c1-7b64-4f6a-9d8e-52c0b7a13e45,Contoso Production,Custom website,Resolved,0,1,71555932,2026-09-04T18:00:00Z,AI-FinOps-MOCK,dataverse.msdyn_aievents,2026-08-22,batch-2026-09-04,MOCK
"W/""2605097""",bdce5c48-07e5-b3e2-a147-31385a6b274f,2026-08-22T09:00:22Z,2026-08-22T09:00:22Z,Classic answer,Billed,42,true,dcfb9f12-a0ab-d87b-11da-181575b0c3cc,87e320b9-f72c-b351-efc4-3fa50f4c75dc,bd9c66b3-ad3c-2d6d-1a3d-1fa7bc8960a9,Store Ops Assistant,3f2ad9c1-7b64-4f6a-9d8e-52c0b7a13e45,Contoso Production,Microsoft Teams,Escalated,0,1,59709514,2026-09-04T18:00:00Z,AI-FinOps-MOCK,dataverse.msdyn_aievents,2026-08-22,batch-2026-09-04,MOCK
"W/""9937962""",1022ecec-a91a-8be1-bb22-0c845cb00596,2026-08-22T17:45:42Z,2026-08-22T17:45:42Z,Generative answer,Billed,52,true,f0403feb-a4b4-222d-5d7f-35acc6126c8c,27a69ae1-da4a-e8ac-a018-4aeb337e76f0,bd9c66b3-ad3c-2d6d-1a3d-1fa7bc8960a9,Store Ops Assistant,3f2ad9c1-7b64-4f6a-9d8e-52c0b7a13e45,Contoso Production,Microsoft Teams,Abandoned,0,1,92818550,2026-09-04T18:00:00Z,AI-FinOps-MOCK,dataverse.msdyn_aievents,2026-08-22,batch-2026-09-04,MOCK
"W/""5566387""",a3b39c4f-466e-02b6-a687-cb5c269bf596,2026-08-22T18:23:15Z,2026-08-22T18:23:15Z,Generative answer,Billed,38,true,b4541280-024c-fdeb-54dd-eab59a8652cb,f745ddc2-f440-a53b-51b9-bdad147f61e0,bd9c66b3-ad3c-2d6d-1a3d-1fa7bc8960a9,Store Ops Assistant,3f2ad9c1-7b64-4f6a-9d8e-52c0b7a13e45,Contoso Production,Microsoft Teams,Abandoned,0,1,81463980,2026-09-04T18:00:00Z,AI-FinOps-MOCK,dataverse.msdyn_aievents,2026-08-22,batch-2026-09-04,MOCK
"W/""5412913""",68b4dac9-ebe6-258a-86f7-d9d6d629cb34,2026-08-22T19:51:26Z,2026-08-22T19:51:26Z,Generative answer,Billed,16,true,504f6242-a035-44b5-f38f-a29f1f45eee6,cb4935f1-74e8-97f6-a874-863472661ec6,bd9c66b3-ad3c-2d6d-1a3d-1fa7bc8960a9,Store Ops Assistant,3f2ad9c1-7b64-4f6a-9d8e-52c0b7a13e45,Contoso Production,Custom website,Abandoned,0,1,38410938,2026-09-04T18:00:00Z,AI-FinOps-MOCK,dataverse.msdyn_aievents,2026-08-22,batch-2026-09-04,MOCK
"W/""5461065""",f3050b10-2ba0-67c4-dcc6-ce209ae724d9,2026-08-22T17:41:25Z,2026-08-22T17:41:25Z,Agent action,Billed,150,true,6ef7d2aa-96da-b814-eb70-df5385f52eda,9e301523-8734-5c2f-c48a-cbb2337ea67c,bd9c66b3-ad3c-2d6d-1a3d-1fa7bc8960a9,Store Ops Assistant,3f2ad9c1-7b64-4f6a-9d8e-52c0b7a13e45,Contoso Production,Custom website,Abandoned,0,1,87497230,2026-09-04T18:00:00Z,AI-FinOps-MOCK,dataverse.msdyn_aievents,2026-08-22,batch-2026-09-04,MOCK
"W/""8068735""",9cea5864-b8ce-78e8-91f4-d79e608f7a5d,2026-08-22T09:11:45Z,2026-08-22T09:11:45Z,Agent action,Billed,15,true,08affc1e-0ddd-df3d-d4e9-9b373151e274,671f96b3-7231-78ea-4fb2-05a151fa15f9,bd9c66b3-ad3c-2d6d-1a3d-1fa7bc8960a9,Store Ops Assistant,3f2ad9c1-7b64-4f6a-9d8e-52c0b7a13e45,Contoso Production,Web chat,Resolved,0,1,48634436,2026-09-04T18:00:00Z,AI-FinOps-MOCK,dataverse.msdyn_aievents,2026-08-22,batch-2026-09-04,MOCK
"W/""3991703""",e5b99b6e-1722-97f6-8a45-a8b0d720f1f4,2026-08-22T10:47:35Z,2026-08-22T10:47:35Z,Agent action,Billed,72,true,2792893a-3114-209c-e424-d7ad83b6303a,d27b0f35-1516-795e-5d0e-ffd656581795,bd9c66b3-ad3c-2d6d-1a3d-1fa7bc8960a9,Store Ops Assistant,3f2ad9c1-7b64-4f6a-9d8e-52c0b7a13e45,Contoso Production,Microsoft Teams,Escalated,0,1,63054344,2026-09-04T18:00:00Z,AI-FinOps-MOCK,dataverse.msdyn_aievents,2026-08-22,batch-2026-09-04,MOCK
"W/""3637735""",2f6b95a6-dccd-4ade-7565-53d19b0b93f2,2026-08-23T10:53:28Z,2026-08-23T10:53:28Z,Classic answer,Billed,39,true,9d9fd838-6f0a-3d9f-3d38-60051cc9721b,64e003ec-8e90-5251-05af-302bb0d1c3b4,bdd640fb-0667-1ad1-1c80-317fa3b1799d,HR Helpdesk Bot,3f2ad9c1-7b64-4f6a-9d8e-52c0b7a13e45,Contoso Production,Web chat,Resolved,0,1,32600138,2026-09-04T18:00:00Z,AI-FinOps-MOCK,dataverse.msdyn_aievents,2026-08-23,batch-2026-09-04,MOCK
"W/""7885824""",1dffdbf2-0c49-4646-d854-6c185b0b853a,2026-08-23T14:14:04Z,2026-08-23T14:14:04Z,Classic answer,Billed,42,true,d42388d7-466a-0ae7-2e3e-4005b63fca9d,aa291f8a-fac3-0cec-4bbc-561c0f42489a,bdd640fb-0667-1ad1-1c80-317fa3b1799d,HR Helpdesk Bot,3f2ad9c1-7b64-4f6a-9d8e-52c0b7a13e45,Contoso Production,Microsoft Teams,Abandoned,0,1,38034161,2026-09-04T18:00:00Z,AI-FinOps-MOCK,dataverse.msdyn_aievents,2026-08-23,batch-2026-09-04,MOCK
"W/""9189578""",7ffe24d2-ead2-d9ed-3352-ba011d39d669,2026-08-23T15:26:00Z,2026-08-23T15:26:00Z,Generative answer,Billed,22,true,9f996680-d7c2-45ee-7af7-5af27a337b0b,4c33a635-60f2-620e-850f-188e3770897f,bdd640fb-0667-1ad1-1c80-317fa3b1799d,HR Helpdesk Bot,3f2ad9c1-7b64-4f6a-9d8e-52c0b7a13e45,Contoso Production,Microsoft Teams,Escalated,0,1,72504596,2026-09-04T18:00:00Z,AI-FinOps-MOCK,dataverse.msdyn_aievents,2026-08-23,batch-2026-09-04,MOCK
"W/""8109901""",4c0ffdfb-b894-b714-677e-193acd214d80,2026-08-23T10:02:42Z,2026-08-23T10:02:42Z,Generative answer,Billed,44,true,6b285419-87f9-8886-be3a-53047e5daf24,97f31efb-b2e3-155d-5d22-47b23045e60a,bdd640fb-0667-1ad1-1c80-317fa3b1799d,HR Helpdesk Bot,3f2ad9c1-7b64-4f6a-9d8e-52c0b7a13e45,Contoso Production,Custom website,Escalated,0,1,43455656,2026-09-04T18:00:00Z,AI-FinOps-MOCK,dataverse.msdyn_aievents,2026-08-23,batch-2026-09-04,MOCK
"W/""3171822""",1e2c6571-4d09-61e9-9aba-0131633c1667,2026-08-23T09:50:09Z,2026-08-23T09:50:09Z,Generative answer,Zero-rated,0,false,52c61ee8-a874-aae7-3e77-4716530b99f5,1f28db13-32be-ce87-d006-1819405c0915,bdd640fb-0667-1ad1-1c80-317fa3b1799d,HR Helpdesk Bot,3f2ad9c1-7b64-4f6a-9d8e-52c0b7a13e45,Contoso Production,Custom website,Escalated,0,1,11718094,2026-09-04T18:00:00Z,AI-FinOps-MOCK,dataverse.msdyn_aievents,2026-08-23,batch-2026-09-04,MOCK
"W/""3720022""",c10a4040-10b6-100e-2587-a74ae7c01bf1,2026-08-23T13:48:02Z,2026-08-23T13:48:02Z,Generative answer,Billed,92,true,b92de912-2384-c00a-dd63-22a2681b673b,ddb4b728-9ef3-7ba0-e8b8-99ab5ff113be,bdd640fb-0667-1ad1-1c80-317fa3b1799d,HR Helpdesk Bot,3f2ad9c1-7b64-4f6a-9d8e-52c0b7a13e45,Contoso Production,Microsoft Teams,Resolved,0,1,34268896,2026-09-04T18:00:00Z,AI-FinOps-MOCK,dataverse.msdyn_aievents,2026-08-23,batch-2026-09-04,MOCK
"W/""1275631""",4b6a4365-7f7b-a118-a609-0ad9e3b4bfbc,2026-08-23T16:53:18Z,2026-08-23T16:53:18Z,Agent action,Zero-rated,0,false,3e339237-87e1-cb4c-32f2-df5992fea421,68368d4f-1478-be9b-e35c-05aa43d663e4,bdd640fb-0667-1ad1-1c80-317fa3b1799d,HR Helpdesk Bot,3f2ad9c1-7b64-4f6a-9d8e-52c0b7a13e45,Contoso Production,Microsoft Teams,Resolved,0,1,29529809,2026-09-04T18:00:00Z,AI-FinOps-MOCK,dataverse.msdyn_aievents,2026-08-23,batch-2026-09-04,MOCK
"W/""5635439""",06949ee8-e3a5-e932-f050-53d64ee87764,2026-08-23T10:32:31Z,2026-08-23T10:32:31Z,Agent action,Billed,159,true,f2bb7756-1cc1-3844-91c5-83fd23e51318,26df8145-22d0-d514-35f2-e7813259448f,bdd640fb-0667-1ad1-1c80-317fa3b1799d,HR Helpdesk Bot,3f2ad9c1-7b64-4f6a-9d8e-52c0b7a13e45,Contoso Production,Web chat,Escalated,0,1,12746818,2026-09-04T18:00:00Z,AI-FinOps-MOCK,dataverse.msdyn_aievents,2026-08-23,batch-2026-09-04,MOCK
"W/""2735561""",6927ea10-ed07-0336-fe50-9462fca47500,2026-08-23T10:50:07Z,2026-08-23T10:50:07Z,Agent action,Billed,126,true,c0eb8074-8021-6953-53ac-450eccc3528d,f0642867-420b-8945-6373-653909aec302,bdd640fb-0667-1ad1-1c80-317fa3b1799d,HR Helpdesk Bot,3f2ad9c1-7b64-4f6a-9d8e-52c0b7a13e45,Contoso Production,Microsoft Teams,Abandoned,0,1,78711926,2026-09-04T18:00:00Z,AI-FinOps-MOCK,dataverse.msdyn_aievents,2026-08-23,batch-2026-09-04,MOCK
"W/""9506659""",3c6c8a79-b3d3-b68b-674d-80ae6c9d4c76,2026-08-23T19:04:08Z,2026-08-23T19:04:08Z,Agent action,Billed,78,true,aec20503-844f-439b-1ccd-6b6cdad3e13d,fa0b00e5-822c-908b-52ad-4e8407bae340,bdd640fb-0667-1ad1-1c80-317fa3b1799d,HR Helpdesk Bot,3f2ad9c1-7b64-4f6a-9d8e-52c0b7a13e45,Contoso Production,Microsoft Teams,Resolved,0,1,92392177,2026-09-04T18:00:00Z,AI-FinOps-MOCK,dataverse.msdyn_aievents,2026-08-23,batch-2026-09-04,MOCK
"W/""4357462""",7f791df5-05e8-763f-50e6-3074d62bb621,2026-08-23T18:18:24Z,2026-08-23T18:18:24Z,Classic answer,Billed,6,true,bfdd4216-f54d-4b5c-3b8c-ac987949e5a0,894f2882-d2a8-ee9b-8c2b-dc971bfb38e6,23b8c1e9-3924-56de-3eb1-3b9046685257,Claims Triage Agent,3f2ad9c1-7b64-4f6a-9d8e-52c0b7a13e45,Contoso Production,Web chat,Abandoned,0,1,41665325,2026-09-04T18:00:00Z,AI-FinOps-MOCK,dataverse.msdyn_aievents,2026-08-23,batch-2026-09-04,MOCK
"W/""6894637""",41fe8f05-b1ac-64d9-ab49-c2e69855d370,2026-08-23T13:15:13Z,2026-08-23T13:15:13Z,Classic answer,Billed,34,true,fb00a4b9-91ee-ab03-0b65-eba7a31cc148,fef09b55-50aa-bc39-cea5-c48bf179093b,23b8c1e9-3924-56de-3eb1-3b9046685257,Claims Triage Agent,3f2ad9c1-7b64-4f6a-9d8e-52c0b7a13e45,Contoso Production,Custom website,Abandoned,0,1,42751205,2026-09-04T18:00:00Z,AI-FinOps-MOCK,dataverse.msdyn_aievents,2026-08-23,batch-2026-09-04,MOCK
"W/""5459681""",3f6c5426-bd39-cf7d-a094-75e8adeb28c4,2026-08-23T11:58:10Z,2026-08-23T11:58:10Z,Classic answer,Billed,57,true,d9f35a9f-3275-fe69-fd8d-803afc38eecc,04e4f64e-df71-7f33-53d1-d73fb8387d75,23b8c1e9-3924-56de-3eb1-3b9046685257,Claims Triage Agent,3f2ad9c1-7b64-4f6a-9d8e-52c0b7a13e45,Contoso Production,Web chat,Abandoned,0,1,80623749,2026-09-04T18:00:00Z,AI-FinOps-MOCK,dataverse.msdyn_aievents,2026-08-23,batch-2026-09-04,MOCK
"W/""9682775""",52ed7379-291f-8c28-0522-36e19e827568,2026-08-23T12:15:13Z,2026-08-23T12:15:13Z,Classic answer,Billed,60,true,bf703e64-7fbe-bf58-4409-aee3e6e31799,2d105d9c-e9af-9c82-a9f7-39bd16e48d2b,23b8c1e9-3924-56de-3eb1-3b9046685257,Claims Triage Agent,3f2ad9c1-7b64-4f6a-9d8e-52c0b7a13e45,Contoso Production,Web chat,Abandoned,0,1,10641625,2026-09-04T18:00:00Z,AI-FinOps-MOCK,dataverse.msdyn_aievents,2026-08-23,batch-2026-09-04,MOCK
"W/""6188432""",a4653880-fd6b-45f1-5d6d-21718d490faf,2026-08-23T14:16:48Z,2026-08-23T14:16:48Z,Classic answer,Billed,30,true,7b9811ec-cf81-cbcb-681a-e7fcf7d9b6b3,ea9db1d4-b08e-578e-8c06-c41fcabb895e,23b8c1e9-3924-56de-3eb1-3b9046685257,Claims Triage Agent,3f2ad9c1-7b64-4f6a-9d8e-52c0b7a13e45,Contoso Production,Web chat,Abandoned,0,1,90202213,2026-09-04T18:00:00Z,AI-FinOps-MOCK,dataverse.msdyn_aievents,2026-08-23,batch-2026-09-04,MOCK
"W/""2847951""",e1a998ab-c441-a874-7af0-c39325be2393,2026-08-23T13:45:20Z,2026-08-23T13:45:20Z,Generative answer,Billed,74,true,1a68566e-1866-5fb8-bd6e-9d590d83f548,6bcb8339-342a-be11-b737-a32e87070228,23b8c1e9-3924-56de-3eb1-3b9046685257,Claims Triage Agent,3f2ad9c1-7b64-4f6a-9d8e-52c0b7a13e45,Contoso Production,Microsoft Teams,Escalated,0,1,40383987,2026-09-04T18:00:00Z,AI-FinOps-MOCK,dataverse.msdyn_aievents,2026-08-23,batch-2026-09-04,MOCK
"W/""6376900""",68d78d6b-5b73-e5ee-4ecc-d313563944a9,2026-08-23T19:31:00Z,2026-08-23T19:31:00Z,Generative answer,Billed,120,true,559520b9-1a9a-d025-5638-8c97b5f43f50,d6416118-16da-8cbe-a000-4b2d45dd7571,23b8c1e9-3924-56de-3eb1-3b9046685257,Claims Triage Agent,3f2ad9c1-7b64-4f6a-9d8e-52c0b7a13e45,Contoso Production,Web chat,Resolved,0,1,39613699,2026-09-04T18:00:00Z,AI-FinOps-MOCK,dataverse.msdyn_aievents,2026-08-23,batch-2026-09-04,MOCK
"W/""6285623""",1ffce178-4e0d-b169-9b9b-b098057e175a,2026-08-23T14:04:19Z,2026-08-23T14:04:19Z,Generative answer,Billed,78,true,8e150294-a700-0b45-a351-b24939899fb6,5adf2bc3-ccf9-494a-27c9-c32d2b8d9c35,23b8c1e9-3924-56de-3eb1-3b9046685257,Claims Triage Agent,3f2ad9c1-7b64-4f6a-9d8e-52c0b7a13e45,Contoso Production,Custom website,Resolved,0,1,45871828,2026-09-04T18:00:00Z,AI-FinOps-MOCK,dataverse.msdyn_aievents,2026-08-23,batch-2026-09-04,MOCK
"W/""1417077""",4d7fc6c3-a9ff-bd7f-08e4-9fc358247f94,2026-08-23T09:42:07Z,2026-08-23T09:42:07Z,Agent action,Zero-rated,0,false,2bb0e7f3-bbb4-1fa2-4ed7-9dcdba2bc004,6b6ee90c-1a0c-c967-8af2-fb4fab203ee8,23b8c1e9-3924-56de-3eb1-3b9046685257,Claims Triage Agent,3f2ad9c1-7b64-4f6a-9d8e-52c0b7a13e45,Contoso Production,Web chat,Escalated,0,1,77650440,2026-09-04T18:00:00Z,AI-FinOps-MOCK,dataverse.msdyn_aievents,2026-08-23,batch-2026-09-04,MOCK
"W/""2828875""",659d34ae-bbf1-cfc8-a206-1a8f08c966fe,2026-08-23T18:47:33Z,2026-08-23T18:47:33Z,Agent action,Billed,21,true,54de28e2-e8be-3142-39fa-1c31b3449691,7da3f8a5-9437-4329-19de-b5d95b4554cb,23b8c1e9-3924-56de-3eb1-3b9046685257,Claims Triage Agent,3f2ad9c1-7b64-4f6a-9d8e-52c0b7a13e45,Contoso Production,Microsoft Teams,Escalated,0,1,35553453,2026-09-04T18:00:00Z,AI-FinOps-MOCK,dataverse.msdyn_aievents,2026-08-23,batch-2026-09-04,MOCK
"W/""3661163""",8ea516a2-6aec-cb0d-7e7c-f3294a54d4c0,2026-08-23T13:26:23Z,2026-08-23T13:26:23Z,Classic answer,Billed,27,true,d7e7adb1-b80b-9db6-b0b6-78d422d6d603,db50c511-88d2-89b9-ef5b-418750f66c94,bd9c66b3-ad3c-2d6d-1a3d-1fa7bc8960a9,Store Ops Assistant,3f2ad9c1-7b64-4f6a-9d8e-52c0b7a13e45,Contoso Production,Web chat,Escalated,0,1,89081982,2026-09-04T18:00:00Z,AI-FinOps-MOCK,dataverse.msdyn_aievents,2026-08-23,batch-2026-09-04,MOCK
"W/""3031220""",058c42e3-622a-982c-15f8-5e91afe429f9,2026-08-23T08:23:02Z,2026-08-23T08:23:02Z,Classic answer,Billed,14,true,6d89c78c-23d4-b9cd-ff57-8aec05bd6037,95bbb4d7-acaf-dc7f-4d3f-bde384b57341,bd9c66b3-ad3c-2d6d-1a3d-1fa7bc8960a9,Store Ops Assistant,3f2ad9c1-7b64-4f6a-9d8e-52c0b7a13e45,Contoso Production,Web chat,Escalated,0,1,71511251,2026-09-04T18:00:00Z,AI-FinOps-MOCK,dataverse.msdyn_aievents,2026-08-23,batch-2026-09-04,MOCK
"W/""3965641""",d1085f9b-943b-f952-21f4-acb80c3201a0,2026-08-23T19:07:37Z,2026-08-23T19:07:37Z,Classic answer,Billed,32,true,7084dacc-3f66-9921-66da-686e77491652,d53ada3a-58e0-52e1-5767-1ce37247ac8a,bd9c66b3-ad3c-2d6d-1a3d-1fa7bc8960a9,Store Ops Assistant,3f2ad9c1-7b64-4f6a-9d8e-52c0b7a13e45,Contoso Production,Web chat,Abandoned,0,1,69434612,2026-09-04T18:00:00Z,AI-FinOps-MOCK,dataverse.msdyn_aievents,2026-08-23,batch-2026-09-04,MOCK
"W/""4178256""",61cfd670-fada-476f-6208-9fccd9fc9a1d,2026-08-23T19:14:06Z,2026-08-23T19:14:06Z,Classic answer,Billed,24,true,1772ae54-1797-c917-e139-946671d07a5b,5bb61b32-cf0a-eaac-2a0c-b98c66783e9c,bd9c66b3-ad3c-2d6d-1a3d-1fa7bc8960a9,Store Ops Assistant,3f2ad9c1-7b64-4f6a-9d8e-52c0b7a13e45,Contoso Production,Microsoft Teams,Escalated,0,1,34017309,2026-09-04T18:00:00Z,AI-FinOps-MOCK,dataverse.msdyn_aievents,2026-08-23,batch-2026-09-04,MOCK
"W/""7673860""",930ca76a-e27f-41f3-dcc2-3c0d2ab9228d,2026-08-23T11:48:35Z,2026-08-23T11:48:35Z,Generative answer,Billed,114,true,79f0c7b5-894f-b7de-14d7-cb61a67e5c4b,e221bd23-3370-5996-95b8-b74ba3382893,bd9c66b3-ad3c-2d6d-1a3d-1fa7bc8960a9,Store Ops Assistant,3f2ad9c1-7b64-4f6a-9d8e-52c0b7a13e45,Contoso Production,Custom website,Abandoned,0,1,96098172,2026-09-04T18:00:00Z,AI-FinOps-MOCK,dataverse.msdyn_aievents,2026-08-23,batch-2026-09-04,MOCK
"W/""5189877""",a27e6d51-743c-9ec3-a020-c134fc5eb319,2026-08-23T13:38:49Z,2026-08-23T13:38:49Z,Generative answer,Billed,68,true,f7062f38-5ab7-58e7-7a6c-2d922190ad33,c796ae02-13e9-b8fe-3776-f8131949a415,bd9c66b3-ad3c-2d6d-1a3d-1fa7bc8960a9,Store Ops Assistant,3f2ad9c1-7b64-4f6a-9d8e-52c0b7a13e45,Contoso Production,Web chat,Abandoned,0,1,60909282,2026-09-04T18:00:00Z,AI-FinOps-MOCK,dataverse.msdyn_aievents,2026-08-23,batch-2026-09-04,MOCK
"W/""9796781""",79d9c41d-407d-6000-e981-bad29260f03b,2026-08-23T15:04:13Z,2026-08-23T15:04:13Z,Generative answer,Zero-rated,0,false,ab6d3bdf-f971-87bd-7746-da0daa86e1e0,a2f315aa-4ca8-dbc2-5607-7a908dcbd116,bd9c66b3-ad3c-2d6d-1a3d-1fa7bc8960a9,Store Ops Assistant,3f2ad9c1-7b64-4f6a-9d8e-52c0b7a13e45,Contoso Production,Custom website,Resolved,0,1,69589490,2026-09-04T18:00:00Z,AI-FinOps-MOCK,dataverse.msdyn_aievents,2026-08-23,batch-2026-09-04,MOCK
"W/""2421848""",37e33101-f323-8574-2f49-92a61a6dd022,2026-08-23T17:13:17Z,2026-08-23T17:13:17Z,Agent action,Billed,60,true,d2a96df5-4cbd-e389-6871-df7ae12fe15d,a593cf53-2e59-cc06-b16f-7b526812ea07,bd9c66b3-ad3c-2d6d-1a3d-1fa7bc8960a9,Store Ops Assistant,3f2ad9c1-7b64-4f6a-9d8e-52c0b7a13e45,Contoso Production,Custom website,Escalated,0,1,16576901,2026-09-04T18:00:00Z,AI-FinOps-MOCK,dataverse.msdyn_aievents,2026-08-23,batch-2026-09-04,MOCK
"W/""1102937""",d860e8e8-c266-bbd9-f4a1-ab3565b2c75e,2026-08-23T15:44:09Z,2026-08-23T15:44:09Z,Agent action,Billed,90,true,01612c06-4ebf-db31-75e8-8c9544078f44,b544e56f-5edc-e00b-572b-b0b2b63324d8,bd9c66b3-ad3c-2d6d-1a3d-1fa7bc8960a9,Store Ops Assistant,3f2ad9c1-7b64-4f6a-9d8e-52c0b7a13e45,Contoso Production,Microsoft Teams,Resolved,0,1,73856556,2026-09-04T18:00:00Z,AI-FinOps-MOCK,dataverse.msdyn_aievents,2026-08-23,batch-2026-09-04,MOCK
"W/""6417492""",0b1b1b03-bf06-ccab-7d41-b5535d49ef4e,2026-08-23T19:26:00Z,2026-08-23T19:26:00Z,Agent action,Billed,36,true,8222c407-7afc-d8e8-d9ee-ea3a47124272,1021c452-ab09-c52e-7221-f9b8db34fbd4,bd9c66b3-ad3c-2d6d-1a3d-1fa7bc8960a9,Store Ops Assistant,3f2ad9c1-7b64-4f6a-9d8e-52c0b7a13e45,Contoso Production,Microsoft Teams,Resolved,0,1,74372750,2026-09-04T18:00:00Z,AI-FinOps-MOCK,dataverse.msdyn_aievents,2026-08-23,batch-2026-09-04,MOCK
"W/""4980289""",d51f347e-6682-a97e-7d2e-34715c942485,2026-08-23T16:30:45Z,2026-08-23T16:30:45Z,Agent action,Billed,48,true,6f109a8c-5b96-c206-84c4-8f5ede7b5e61,69cc31db-9fa5-6c84-26cb-4c5a40d321cf,bd9c66b3-ad3c-2d6d-1a3d-1fa7bc8960a9,Store Ops Assistant,3f2ad9c1-7b64-4f6a-9d8e-52c0b7a13e45,Contoso Production,Web chat,Resolved,0,1,93002593,2026-09-04T18:00:00Z,AI-FinOps-MOCK,dataverse.msdyn_aievents,2026-08-23,batch-2026-09-04,MOCK
"W/""8356856""",baec42b1-e105-a72e-40fd-22b7cd31534b,2026-08-24T15:05:31Z,2026-08-24T15:05:31Z,Classic answer,Billed,23,true,6c26daa5-86b2-5d67-6c36-f57618a2083e,471b4e3e-b058-39ae-4861-14b47ceb841f,bdd640fb-0667-1ad1-1c80-317fa3b1799d,HR Helpdesk Bot,3f2ad9c1-7b64-4f6a-9d8e-52c0b7a13e45,Contoso Production,Custom website,Abandoned,0,1,93149780,2026-09-04T18:00:00Z,AI-FinOps-MOCK,dataverse.msdyn_aievents,2026-08-24,batch-2026-09-04,MOCK
"W/""8252109""",0302aca9-8e79-9a36-0472-115303a28e47,2026-08-24T13:54:06Z,2026-08-24T13:54:06Z,Classic answer,Billed,49,true,342294ff-f2ca-4966-48bf-b6ba41346c88,3a6206f6-8922-bcf7-bc85-dbba5d1cd4f1,bdd640fb-0667-1ad1-1c80-317fa3b1799d,HR Helpdesk Bot,3f2ad9c1-7b64-4f6a-9d8e-52c0b7a13e45,Contoso Production,Web chat,Abandoned,0,1,24232313,2026-09-04T18:00:00Z,AI-FinOps-MOCK,dataverse.msdyn_aievents,2026-08-24,batch-2026-09-04,MOCK
"W/""8491511""",3f101bb0-0644-88f2-6e81-0599a0992c40,2026-08-24T15:02:50Z,2026-08-24T15:02:50Z,Generative answer,Zero-rated,0,false,43ece745-af98-bc5a-b7e1-f7b7e73ade21,38db8c3f-5dc7-be3a-f444-aeffc23940fc,bdd640fb-0667-1ad1-1c80-317fa3b1799d,HR Helpdesk Bot,3f2ad9c1-7b64-4f6a-9d8e-52c0b7a13e45,Contoso Production,Microsoft Teams,Resolved,0,1,97895015,2026-09-04T18:00:00Z,AI-FinOps-MOCK,dataverse.msdyn_aievents,2026-08-24,batch-2026-09-04,MOCK
"W/""2470500""",46b855f1-7ad9-2e31-27ad-f59a5c1197e5,2026-08-24T18:12:17Z,2026-08-24T18:12:17Z,Generative answer,Billed,68,true,bd8b3452-2762-3842-a9f1-c42bc1c60372,89942477-2435-1d09-fd29-d26d15c1a55c,bdd640fb-0667-1ad1-1c80-317fa3b1799d,HR Helpdesk Bot,3f2ad9c1-7b64-4f6a-9d8e-52c0b7a13e45,Contoso Production,Microsoft Teams,Resolved,0,1,36952495,2026-09-04T18:00:00Z,AI-FinOps-MOCK,dataverse.msdyn_aievents,2026-08-24,batch-2026-09-04,MOCK
"W/""1918999""",ddaa5963-8c73-a2bf-c133-c9411ea8fea0,2026-08-24T11:50:33Z,2026-08-24T11:50:33Z,Agent action,Billed,69,true,7dd39ed5-fb2c-5668-8a48-8b220e0cee52,c54b4863-5a0f-0ee6-b4e6-7fe8dfd36410,bdd640fb-0667-1ad1-1c80-317fa3b1799d,HR Helpdesk Bot,3f2ad9c1-7b64-4f6a-9d8e-52c0b7a13e45,Contoso Production,Microsoft Teams,Escalated,0,1,49900845,2026-09-04T18:00:00Z,AI-FinOps-MOCK,dataverse.msdyn_aievents,2026-08-24,batch-2026-09-04,MOCK
"W/""1412187""",ec331e24-f83e-f424-2953-3e74edb07bca,2026-08-24T19:26:01Z,2026-08-24T19:26:01Z,Agent action,Zero-rated,0,false,bbc29a0b-dfac-b694-a1f0-6a9f6c704285,af038c15-57ae-7f7b-4438-87f0707b689f,bdd640fb-0667-1ad1-1c80-317fa3b1799d,HR Helpdesk Bot,3f2ad9c1-7b64-4f6a-9d8e-52c0b7a13e45,Contoso Production,Custom website,Escalated,0,1,19880664,2026-09-04T18:00:00Z,AI-FinOps-MOCK,dataverse.msdyn_aievents,2026-08-24,batch-2026-09-04,MOCK
"W/""5939514""",808755a8-74fb-8eee-88e4-0775893885ab,2026-08-24T14:09:55Z,2026-08-24T14:09:55Z,Classic answer,Zero-rated,0,false,ed515d97-aafa-1f24-e332-4abc213ea084,c01f2c03-292c-2c78-d6de-7daa07e9267f,23b8c1e9-3924-56de-3eb1-3b9046685257,Claims Triage Agent,3f2ad9c1-7b64-4f6a-9d8e-52c0b7a13e45,Contoso Production,Custom website,Resolved,0,1,56801217,2026-09-04T18:00:00Z,AI-FinOps-MOCK,dataverse.msdyn_aievents,2026-08-24,batch-2026-09-04,MOCK
"W/""6334400""",504a021e-0592-51d4-27b0-a0292638b09a,2026-08-24T14:22:50Z,2026-08-24T14:22:50Z,Classic answer,Billed,54,true,497f5efa-89cc-e569-cf74-fb33307e0771,3bcff11d-0fe9-004c-8617-e299d89cd81d,23b8c1e9-3924-56de-3eb1-3b9046685257,Claims Triage Agent,3f2ad9c1-7b64-4f6a-9d8e-52c0b7a13e45,Contoso Production,Microsoft Teams,Resolved,0,1,57350872,2026-09-04T18:00:00Z,AI-FinOps-MOCK,dataverse.msdyn_aievents,2026-08-24,batch-2026-09-04,MOCK
"W/""2052820""",4c353b32-b6fc-bf6e-56ce-ff019a35556a,2026-08-24T09:25:53Z,2026-08-24T09:25:53Z,Classic answer,Zero-rated,0,false,308aa5c1-26c1-cd9d-7508-044568fd5d04,a819f311-c2cf-423f-03db-ab8498f59593,23b8c1e9-3924-56de-3eb1-3b9046685257,Claims Triage Agent,3f2ad9c1-7b64-4f6a-9d8e-52c0b7a13e45,Contoso Production,Web chat,Escalated,0,1,24265895,2026-09-04T18:00:00Z,AI-FinOps-MOCK,dataverse.msdyn_aievents,2026-08-24,batch-2026-09-04,MOCK
"W/""2299682""",33231753-f8d5-1223-80bf-d4ea35197f18,2026-08-24T08:28:04Z,2026-08-24T08:28:04Z,Classic answer,Billed,48,true,5845ca68-ab80-55da-a75e-4222d6c39f41,3f2d32e3-6fa6-634a-429f-2f1711173a78,23b8c1e9-3924-56de-3eb1-3b9046685257,Claims Triage Agent,3f2ad9c1-7b64-4f6a-9d8e-52c0b7a13e45,Contoso Production,Web chat,Escalated,0,1,71876643,2026-09-04T18:00:00Z,AI-FinOps-MOCK,dataverse.msdyn_aievents,2026-08-24,batch-2026-09-04,MOCK
"W/""6415515""",b52a39b1-c54a-c14d-4c82-5d09e302c7fd,2026-08-24T16:44:46Z,2026-08-24T16:44:46Z,Generative answer,Billed,44,true,2d9e4ac1-68b8-eb26-7546-684fba2b4ca9,913ce266-f855-e8cc-6cf6-202e007bab63,23b8c1e9-3924-56de-3eb1-3b9046685257,Claims Triage Agent,3f2ad9c1-7b64-4f6a-9d8e-52c0b7a13e45,Contoso Production,Microsoft Teams,Abandoned,0,1,96839687,2026-09-04T18:00:00Z,AI-FinOps-MOCK,dataverse.msdyn_aievents,2026-08-24,batch-2026-09-04,MOCK
"W/""9126496""",ea092377-0459-46c3-74a3-f9f33640af51,2026-08-24T16:56:24Z,2026-08-24T16:56:24Z,Generative answer,Billed,108,true,b4f6365d-1bcc-5ae9-2f5d-e8ebade77321,cb8bccb7-645e-8302-7a39-552498c65140,23b8c1e9-3924-56de-3eb1-3b9046685257,Claims Triage Agent,3f2ad9c1-7b64-4f6a-9d8e-52c0b7a13e45,Contoso Production,Microsoft Teams,Escalated,0,1,44862092,2026-09-04T18:00:00Z,AI-FinOps-MOCK,dataverse.msdyn_aievents,2026-08-24,batch-2026-09-04,MOCK
"W/""2404567""",ac1b3226-ccdd-11e2-28e5-58407b0bf6fd,2026-08-24T14:19:46Z,2026-08-24T14:19:46Z,Generative answer,Billed,110,true,1eb420aa-5cc8-fa54-5c2c-e4de2f6e9bce,cf2f97e6-8db1-377e-597f-ab0a4af3d177,23b8c1e9-3924-56de-3eb1-3b9046685257,Claims Triage Agent,3f2ad9c1-7b64-4f6a-9d8e-52c0b7a13e45,Contoso Production,Custom website,Escalated,0,1,12990568,2026-09-04T18:00:00Z,AI-FinOps-MOCK,dataverse.msdyn_aievents,2026-08-24,batch-2026-09-04,MOCK
"W/""1259020""",ee4523f6-0288-e2b8-17c0-94d79c8e71cd,2026-08-24T17:37:36Z,2026-08-24T17:37:36Z,Generative answer,Zero-rated,0,false,60e29661-2bae-fa9c-0e59-ea601bedb70d,95315bce-f5c6-5232-de8e-22683eceea62,23b8c1e9-3924-56de-3eb1-3b9046685257,Claims Triage Agent,3f2ad9c1-7b64-4f6a-9d8e-52c0b7a13e45,Contoso Production,Custom website,Resolved,0,1,11747174,2026-09-04T18:00:00Z,AI-FinOps-MOCK,dataverse.msdyn_aievents,2026-08-24,batch-2026-09-04,MOCK
"W/""1505623""",9143ea5b-3ba6-04cd-b80d-e17372bda61d,2026-08-24T09:38:37Z,2026-08-24T09:38:37Z,Generative answer,Billed,118,true,c1b270f9-8f9b-4b39-45ab-f186f317481a,0018d327-4e25-49b7-3f44-71c78e8ce97c,23b8c1e9-3924-56de-3eb1-3b9046685257,Claims Triage Agent,3f2ad9c1-7b64-4f6a-9d8e-52c0b7a13e45,Contoso Production,Microsoft Teams,Abandoned,0,1,14887387,2026-09-04T18:00:00Z,AI-FinOps-MOCK,dataverse.msdyn_aievents,2026-08-24,batch-2026-09-04,MOCK
"W/""2101111""",d11d6c55-efc8-8f77-887a-bf0ce79161c3,2026-08-24T18:30:53Z,2026-08-24T18:30:53Z,Agent action,Billed,99,true,e123ef38-cfaa-24a6-2d0e-80a57634443e,308323d0-0c35-17b3-7c7a-6f39984c8937,23b8c1e9-3924-56de-3eb1-3b9046685257,Claims Triage Agent,3f2ad9c1-7b64-4f6a-9d8e-52c0b7a13e45,Contoso Production,Web chat,Escalated,0,1,17380428,2026-09-04T18:00:00Z,AI-FinOps-MOCK,dataverse.msdyn_aievents,2026-08-24,batch-2026-09-04,MOCK
"W/""3842592""",400d4635-2be3-5089-0b18-5e75aa4d6006,2026-08-24T18:32:47Z,2026-08-24T18:32:47Z,Agent action,Billed,117,true,ab92bbef-6658-991a-e822-5e0b408d5241,a0c17b29-48c5-b0dd-96e8-af6cc40d5ffa,23b8c1e9-3924-56de-3eb1-3b9046685257,Claims Triage Agent,3f2ad9c1-7b64-4f6a-9d8e-52c0b7a13e45,Contoso Production,Microsoft Teams,Abandoned,0,1,94719020,2026-09-04T18:00:00Z,AI-FinOps-MOCK,dataverse.msdyn_aievents,2026-08-24,batch-2026-09-04,MOCK
"W/""3497034""",97f058f1-7de2-8a34-7d88-ffd9530a6229,2026-08-24T15:18:11Z,2026-08-24T15:18:11Z,Agent action,Billed,159,true,38a197be-82b4-2427-ba6d-424ffdd4acec,a4cab5d3-db4e-fc61-4f2f-9acf02733a07,23b8c1e9-3924-56de-3eb1-3b9046685257,Claims Triage Agent,3f2ad9c1-7b64-4f6a-9d8e-52c0b7a13e45,Contoso Production,Microsoft Teams,Resolved,0,1,46837870,2026-09-04T18:00:00Z,AI-FinOps-MOCK,dataverse.msdyn_aievents,2026-08-24,batch-2026-09-04,MOCK
"W/""4303613""",375235e7-1730-7357-2b25-601c3d6b4536,2026-08-24T10:59:51Z,2026-08-24T10:59:51Z,Agent action,Billed,111,true,118c6864-0955-cbcb-e25c-db57b7f2ea29,8c906bec-37e9-3ae8-97f9-e969d810d075,23b8c1e9-3924-56de-3eb1-3b9046685257,Claims Triage Agent,3f2ad9c1-7b64-4f6a-9d8e-52c0b7a13e45,Contoso Production,Web chat,Abandoned,0,1,78975166,2026-09-04T18:00:00Z,AI-FinOps-MOCK,dataverse.msdyn_aievents,2026-08-24,batch-2026-09-04,MOCK
"W/""5142489""",105b0193-19b5-5ba5-6b88-c88357f0678f,2026-08-24T14:29:11Z,2026-08-24T14:29:11Z,Agent action,Billed,39,true,3127c484-49a9-4a7e-dfa3-c08598e4a330,7d9b0ed8-4867-510f-1921-b734691fd43a,23b8c1e9-3924-56de-3eb1-3b9046685257,Claims Triage Agent,3f2ad9c1-7b64-4f6a-9d8e-52c0b7a13e45,Contoso Production,Web chat,Escalated,0,1,28500190,2026-09-04T18:00:00Z,AI-FinOps-MOCK,dataverse.msdyn_aievents,2026-08-24,batch-2026-09-04,MOCK
"W/""4512508""",8827f1e8-ecf8-6a46-121d-3ee2f66e0ed2,2026-08-24T11:22:21Z,2026-08-24T11:22:21Z,Classic answer,Billed,14,true,b718b069-a40b-d222-d9a8-a70bef424c37,dfaf1951-4ae2-baf0-41d0-5139a25a4614,bd9c66b3-ad3c-2d6d-1a3d-1fa7bc8960a9,Store Ops Assistant,3f2ad9c1-7b64-4f6a-9d8e-52c0b7a13e45,Contoso Production,Web chat,Abandoned,0,1,62379686,2026-09-04T18:00:00Z,AI-FinOps-MOCK,dataverse.msdyn_aievents,2026-08-24,batch-2026-09-04,MOCK
"W/""6635712""",48e2104e-f2cd-c154-3306-31846455d0d7,2026-08-24T16:33:12Z,2026-08-24T16:33:12Z,Classic answer,Billed,24,true,ecca4509-d045-fc3d-1947-d2167d197301,86ee04cb-a4dd-0c9f-8d9c-91896e3df3b4,bd9c66b3-ad3c-2d6d-1a3d-1fa7bc8960a9,Store Ops Assistant,3f2ad9c1-7b64-4f6a-9d8e-52c0b7a13e45,Contoso Production,Microsoft Teams,Resolved,0,1,73361375,2026-09-04T18:00:00Z,AI-FinOps-MOCK,dataverse.msdyn_aievents,2026-08-24,batch-2026-09-04,MOCK
"W/""7583688""",654608e9-0a27-facf-42a4-ca175de5c829,2026-08-24T16:47:27Z,2026-08-24T16:47:27Z,Classic answer,Billed,8,true,0d3fb153-06dd-ee97-ed3a-31905cbb137a,671b4e5c-5eb0-dd2f-3283-cd4c25431998,bd9c66b3-ad3c-2d6d-1a3d-1fa7bc8960a9,Store Ops Assistant,3f2ad9c1-7b64-4f6a-9d8e-52c0b7a13e45,Contoso Production,Custom website,Escalated,0,1,21185304,2026-09-04T18:00:00Z,AI-FinOps-MOCK,dataverse.msdyn_aievents,2026-08-24,batch-2026-09-04,MOCK
"W/""5231935""",b5e1d326-14d3-e755-24ae-b1c4db32e323,2026-08-24T15:29:07Z,2026-08-24T15:29:07Z,Classic answer,Billed,7,true,4eb6c54e-5158-4c35-05c9-5c1ffdca3443,cae4160e-be44-d6d8-54b7-34533eb78918,bd9c66b3-ad3c-2d6d-1a3d-1fa7bc8960a9,Store Ops Assistant,3f2ad9c1-7b64-4f6a-9d8e-52c0b7a13e45,Contoso Production,Microsoft Teams,Resolved,0,1,69382622,2026-09-04T18:00:00Z,AI-FinOps-MOCK,dataverse.msdyn_aievents,2026-08-24,batch-2026-09-04,MOCK
"W/""9237425""",263a4bda-92b0-5bc3-94d6-c95eb34277aa,2026-08-24T19:16:57Z,2026-08-24T19:16:57Z,Classic answer,Zero-rated,0,false,1a19a565-9c76-b91e-2748-0743c9a392fe,8bfbcb95-e391-3fad-b7f9-5d330f012b2b,bd9c66b3-ad3c-2d6d-1a3d-1fa7bc8960a9,Store Ops Assistant,3f2ad9c1-7b64-4f6a-9d8e-52c0b7a13e45,Contoso Production,Microsoft Teams,Escalated,0,1,69869942,2026-09-04T18:00:00Z,AI-FinOps-MOCK,dataverse.msdyn_aievents,2026-08-24,batch-2026-09-04,MOCK
"W/""2437078""",83a67144-2c9d-01b7-9de5-3e20adaef93e,2026-08-24T13:39:51Z,2026-08-24T13:39:51Z,Generative answer,Billed,74,true,26229a58-ad0d-3f41-ace1-8dfc96cdebcb,76492a5a-dc26-488f-c7e4-e4a11e261aeb,bd9c66b3-ad3c-2d6d-1a3d-1fa7bc8960a9,Store Ops Assistant,3f2ad9c1-7b64-4f6a-9d8e-52c0b7a13e45,Contoso Production,Web chat,Abandoned,0,1,67578172,2026-09-04T18:00:00Z,AI-FinOps-MOCK,dataverse.msdyn_aievents,2026-08-24,batch-2026-09-04,MOCK
"W/""5389604""",867f51b2-d4de-4afe-f758-682d7db205a3,2026-08-24T16:55:15Z,2026-08-24T16:55:15Z,Generative answer,Billed,38,true,464065e4-68d4-6aa9-2626-59d66e3181ed,b8a81707-157a-a2a2-c933-daec6c08c349,bd9c66b3-ad3c-2d6d-1a3d-1fa7bc8960a9,Store Ops Assistant,3f2ad9c1-7b64-4f6a-9d8e-52c0b7a13e45,Contoso Production,Web chat,Resolved,0,1,54547156,2026-09-04T18:00:00Z,AI-FinOps-MOCK,dataverse.msdyn_aievents,2026-08-24,batch-2026-09-04,MOCK
"W/""1361213""",53b6a204-3cb3-81dd-034d-a95f566753a7,2026-08-24T09:34:26Z,2026-08-24T09:34:26Z,Generative answer,Billed,16,true,d15f667d-e242-98b9-08c1-abd3fb38354a,9f9f34ac-c1ad-71f0-bb20-8adae03b0eb4,bd9c66b3-ad3c-2d6d-1a3d-1fa7bc8960a9,Store Ops Assistant,3f2ad9c1-7b64-4f6a-9d8e-52c0b7a13e45,Contoso Production,Microsoft Teams,Abandoned,0,1,76951770,2026-09-04T18:00:00Z,AI-FinOps-MOCK,dataverse.msdyn_aievents,2026-08-24,batch-2026-09-04,MOCK
"W/""5279006""",6e4a57cc-76c1-c6e1-af69-2763058c32bf,2026-08-24T09:54:06Z,2026-08-24T09:54:06Z,Generative answer,Billed,60,true,4d1bd6ff-3b3d-5479-0532-613973afb1a5,0541bc71-76fe-af15-a80d-36f9f596ad22,bd9c66b3-ad3c-2d6d-1a3d-1fa7bc8960a9,Store Ops Assistant,3f2ad9c1-7b64-4f6a-9d8e-52c0b7a13e45,Contoso Production,Microsoft Teams,Abandoned,0,1,27611541,2026-09-04T18:00:00Z,AI-FinOps-MOCK,dataverse.msdyn_aievents,2026-08-24,batch-2026-09-04,MOCK
"W/""5742525""",a9ae8ce1-22c1-5cd1-26d3-20d5600936d2,2026-08-24T12:43:26Z,2026-08-24T12:43:26Z,Agent action,Billed,105,true,a4448820-0b12-08cc-58f0-4d5af86e9a9b,6f75fa40-750f-1f26-42ab-83bb729cee82,bd9c66b3-ad3c-2d6d-1a3d-1fa7bc8960a9,Store Ops Assistant,3f2ad9c1-7b64-4f6a-9d8e-52c0b7a13e45,Contoso Production,Microsoft Teams,Resolved,0,1,85632649,2026-09-04T18:00:00Z,AI-FinOps-MOCK,dataverse.msdyn_aievents,2026-08-24,batch-2026-09-04,MOCK
"W/""4634386""",9208ba7d-51b7-90ce-afff-af48be67cf7c,2026-08-24T19:15:47Z,2026-08-24T19:15:47Z,Agent action,Billed,123,true,648e78fa-1330-8a96-0376-fa8b3ac1f765,90b60fdf-4136-acf1-c883-d36f81ccc7b1,bd9c66b3-ad3c-2d6d-1a3d-1fa7bc8960a9,Store Ops Assistant,3f2ad9c1-7b64-4f6a-9d8e-52c0b7a13e45,Contoso Production,Web chat,Resolved,0,1,69251767,2026-09-04T18:00:00Z,AI-FinOps-MOCK,dataverse.msdyn_aievents,2026-08-24,batch-2026-09-04,MOCK
"W/""6487456""",13d62f89-7534-d982-1a75-b34a1e9a9e6e,2026-08-24T10:23:30Z,2026-08-24T10:23:30Z,Agent action,Zero-rated,0,false,b12dc5a9-db65-81b8-4baf-739140ab80e2,4913106d-313e-e8d2-df95-ced006696fa2,bd9c66b3-ad3c-2d6d-1a3d-1fa7bc8960a9,Store Ops Assistant,3f2ad9c1-7b64-4f6a-9d8e-52c0b7a13e45,Contoso Production,Microsoft Teams,Abandoned,0,1,71236550,2026-09-04T18:00:00Z,AI-FinOps-MOCK,dataverse.msdyn_aievents,2026-08-24,batch-2026-09-04,MOCK
"W/""2900529""",0c1a3fbb-c404-4341-1b3e-6c21bb005cad,2026-08-24T14:28:12Z,2026-08-24T14:28:12Z,Agent action,Billed,135,true,62b4009b-6259-74f2-7710-b32b1ffa651d,2eaa6a7b-d8fe-3413-ec7d-2047009f8e7c,bd9c66b3-ad3c-2d6d-1a3d-1fa7bc8960a9,Store Ops Assistant,3f2ad9c1-7b64-4f6a-9d8e-52c0b7a13e45,Contoso Production,Web chat,Abandoned,0,1,22306346,2026-09-04T18:00:00Z,AI-FinOps-MOCK,dataverse.msdyn_aievents,2026-08-24,batch-2026-09-04,MOCK
"W/""1616208""",ea752da7-8363-9e1e-9eb3-5e42f27bb59c,2026-08-24T09:22:17Z,2026-08-24T09:22:17Z,Agent action,Billed,93,true,6699f880-5dc8-1f1e-a86a-8bbae7df0252,01491e7b-153c-4630-dec2-2ab19a1f7b0c,bd9c66b3-ad3c-2d6d-1a3d-1fa7bc8960a9,Store Ops Assistant,3f2ad9c1-7b64-4f6a-9d8e-52c0b7a13e45,Contoso Production,Microsoft Teams,Abandoned,0,1,37094603,2026-09-04T18:00:00Z,AI-FinOps-MOCK,dataverse.msdyn_aievents,2026-08-24,batch-2026-09-04,MOCK
"W/""6236372""",c4c4fdc3-35c9-22ab-5718-4713a3ab0111,2026-08-25T08:15:12Z,2026-08-25T08:15:12Z,Classic answer,Billed,8,true,a29621e8-1c53-ff95-305f-2d9a92f9054b,2135f0bb-b8a6-39e4-4f56-aa8c79cca95b,bdd640fb-0667-1ad1-1c80-317fa3b1799d,HR Helpdesk Bot,3f2ad9c1-7b64-4f6a-9d8e-52c0b7a13e45,Contoso Production,Microsoft Teams,Resolved,0,1,68167223,2026-09-04T18:00:00Z,AI-FinOps-MOCK,dataverse.msdyn_aievents,2026-08-25,batch-2026-09-04,MOCK
"W/""7058277""",7a172878-c765-919e-bd4d-38c9bc5c0df5,2026-08-25T16:06:05Z,2026-08-25T16:06:05Z,Classic answer,Billed,42,true,908a3a28-c16c-f2ed-fc40-c376c6bc07a1,32c8545e-f042-d18b-1703-3c82c16ca2ad,bdd640fb-0667-1ad1-1c80-317fa3b1799d,HR Helpdesk Bot,3f2ad9c1-7b64-4f6a-9d8e-52c0b7a13e45,Contoso Production,Web chat,Abandoned,0,1,69558091,2026-09-04T18:00:00Z,AI-FinOps-MOCK,dataverse.msdyn_aievents,2026-08-25,batch-2026-09-04,MOCK
"W/""5147220""",71481798-de45-8dc4-d8fb-f4d3d3d3b528,2026-08-25T18:38:21Z,2026-08-25T18:38:21Z,Classic answer,Billed,38,true,8a7ea0ba-fbec-d066-2538-c74f9b5aef72,3d880ea4-e37b-918e-63e0-70bd0f3b1041,bdd640fb-0667-1ad1-1c80-317fa3b1799d,HR Helpdesk Bot,3f2ad9c1-7b64-4f6a-9d8e-52c0b7a13e45,Contoso Production,Custom website,Escalated,0,1,99876156,2026-09-04T18:00:00Z,AI-FinOps-MOCK,dataverse.msdyn_aievents,2026-08-25,batch-2026-09-04,MOCK
"W/""4121625""",37b8e9f2-1a97-0628-7e24-6f6f9cf67782,2026-08-25T16:04:31Z,2026-08-25T16:04:31Z,Classic answer,Billed,21,true,53d438de-ae3d-43c1-17a5-f9cc115740c1,2b24ac8c-d035-29ce-83de-60fdbe4f93c1,bdd640fb-0667-1ad1-1c80-317fa3b1799d,HR Helpdesk Bot,3f2ad9c1-7b64-4f6a-9d8e-52c0b7a13e45,Contoso Production,Web chat,Resolved,0,1,82313546,2026-09-04T18:00:00Z,AI-FinOps-MOCK,dataverse.msdyn_aievents,2026-08-25,batch-2026-09-04,MOCK
"W/""2967692""",b144f1e9-1840-c4d7-28fb-b015f90d17fc,2026-08-25T18:11:05Z,2026-08-25T18:11:05Z,Generative answer,Billed,44,true,bb420162-f878-590f-dc8e-53938bda89c4,bf6efd8a-8669-ea1f-89af-d2642ed78af5,bdd640fb-0667-1ad1-1c80-317fa3b1799d,HR Helpdesk Bot,3f2ad9c1-7b64-4f6a-9d8e-52c0b7a13e45,Contoso Production,Microsoft Teams,Abandoned,0,1,22684099,2026-09-04T18:00:00Z,AI-FinOps-MOCK,dataverse.msdyn_aievents,2026-08-25,batch-2026-09-04,MOCK
"W/""6370333""",e9cbc5f6-4849-7805-f49c-7512ebda2003,2026-08-25T15:02:41Z,2026-08-25T15:02:41Z,Generative answer,Billed,48,true,17e77289-2d7a-9eb9-3594-6c633f9334b4,b3cf4e2b-96df-b8c1-5218-8c7e27626bdb,bdd640fb-0667-1ad1-1c80-317fa3b1799d,HR Helpdesk Bot,3f2ad9c1-7b64-4f6a-9d8e-52c0b7a13e45,Contoso Production,Web chat,Abandoned,0,1,49380884,2026-09-04T18:00:00Z,AI-FinOps-MOCK,dataverse.msdyn_aievents,2026-08-25,batch-2026-09-04,MOCK
"W/""4611427""",2c8195e6-2ef9-bec4-9c19-1af6bd5d5a9b,2026-08-25T12:18:45Z,2026-08-25T12:18:45Z,Generative answer,Billed,98,true,83b24fe7-776d-6feb-fd43-39550f42336f,1c1df034-a40c-bd1d-a6ae-0e13f8ca945b,bdd640fb-0667-1ad1-1c80-317fa3b1799d,HR Helpdesk Bot,3f2ad9c1-7b64-4f6a-9d8e-52c0b7a13e45,Contoso Production,Microsoft Teams,Escalated,0,1,13986378,2026-09-04T18:00:00Z,AI-FinOps-MOCK,dataverse.msdyn_aievents,2026-08-25,batch-2026-09-04,MOCK
"W/""5528846""",be843160-0d79-5483-bc60-a818bb21a524,2026-08-25T16:44:42Z,2026-08-25T16:44:42Z,Generative answer,Billed,84,true,1526dc82-bd48-7393-b01b-ee538a649d38,7618e6b7-ffdd-aa15-a0c6-452367c3b016,bdd640fb-0667-1ad1-1c80-317fa3b1799d,HR Helpdesk Bot,3f2ad9c1-7b64-4f6a-9d8e-52c0b7a13e45,Contoso Production,Microsoft Teams,Resolved,0,1,38710184,2026-09-04T18:00:00Z,AI-FinOps-MOCK,dataverse.msdyn_aievents,2026-08-25,batch-2026-09-04,MOCK
"W/""8785567""",101c9c6e-5fbf-328c-8354-0f0b378d1871,2026-08-25T09:47:02Z,2026-08-25T09:47:02Z,Agent action,Billed,84,true,37e3abae-fd4b-caba-cf46-6431513ca94b,5c86c048-365f-6c6d-a0e3-c3d849e56473,bdd640fb-0667-1ad1-1c80-317fa3b1799d,HR Helpdesk Bot,3f2ad9c1-7b64-4f6a-9d8e-52c0b7a13e45,Contoso Production,Web chat,Escalated,0,1,89513589,2026-09-04T18:00:00Z,AI-FinOps-MOCK,dataverse.msdyn_aievents,2026-08-25,batch-2026-09-04,MOCK
"W/""1101523""",6b3d5ba2-4d38-839b-9d88-6d9ce3b819f7,2026-08-25T12:57:42Z,2026-08-25T12:57:42Z,Agent action,Billed,81,true,5e05abf3-46e1-bfab-71c3-37e918745035,cb3d6b2f-3204-dbd4-68ef-843051b37ed6,bdd640fb-0667-1ad1-1c80-317fa3b1799d,HR Helpdesk Bot,3f2ad9c1-7b64-4f6a-9d8e-52c0b7a13e45,Contoso Production,Web chat,Abandoned,0,1,15176998,2026-09-04T18:00:00Z,AI-FinOps-MOCK,dataverse.msdyn_aievents,2026-08-25,batch-2026-09-04,MOCK
"W/""2503383""",02383133-dedc-2105-cfb8-35053a1c9f82,2026-08-25T09:45:20Z,2026-08-25T09:45:20Z,Agent action,Zero-rated,0,false,4bf86ed9-3062-8bd7-6562-c21b0159a834,ccaef9f7-6b0d-f8c4-9791-7ee40911d419,bdd640fb-0667-1ad1-1c80-317fa3b1799d,HR Helpdesk Bot,3f2ad9c1-7b64-4f6a-9d8e-52c0b7a13e45,Contoso Production,Microsoft Teams,Resolved,0,1,96633617,2026-09-04T18:00:00Z,AI-FinOps-MOCK,dataverse.msdyn_aievents,2026-08-25,batch-2026-09-04,MOCK
"W/""3496720""",3a57376d-ca3f-9836-e8d9-a5d1af0a20ee,2026-08-25T10:24:51Z,2026-08-25T10:24:51Z,Agent action,Billed,123,true,1c320457-6325-5845-f0bf-49edc38f1613,5da505ba-1c7b-49d1-c4bd-ceca8b11f26b,bdd640fb-0667-1ad1-1c80-317fa3b1799d,HR Helpdesk Bot,3f2ad9c1-7b64-4f6a-9d8e-52c0b7a13e45,Contoso Production,Web chat,Abandoned,0,1,72645731,2026-09-04T18:00:00Z,AI-FinOps-MOCK,dataverse.msdyn_aievents,2026-08-25,batch-2026-09-04,MOCK
"W/""9900907""",0977fe5c-50fb-8f42-8072-aa2eb6fec8be,2026-08-25T10:12:29Z,2026-08-25T10:12:29Z,Agent action,Billed,69,true,b4ce9e74-9038-473a-ea07-432173f08d0f,ed0a0062-a23d-b259-a415-5da70787532e,bdd640fb-0667-1ad1-1c80-317fa3b1799d,HR Helpdesk Bot,3f2ad9c1-7b64-4f6a-9d8e-52c0b7a13e45,Contoso Production,Web chat,Escalated,0,1,60208296,2026-09-04T18:00:00Z,AI-FinOps-MOCK,dataverse.msdyn_aievents,2026-08-25,batch-2026-09-04,MOCK
"W/""4496697""",a1d94506-5017-9a7d-b1ea-2e35b137d9fc,2026-08-25T08:49:15Z,2026-08-25T08:49:15Z,Classic answer,Billed,53,true,2da0a42a-1af8-a246-051c-82c7e12c897d,017260c1-91b0-262f-2acb-d5383a4475b7,23b8c1e9-3924-56de-3eb1-3b9046685257,Claims Triage Agent,3f2ad9c1-7b64-4f6a-9d8e-52c0b7a13e45,Contoso Production,Microsoft Teams,Resolved,0,1,25615720,2026-09-04T18:00:00Z,AI-FinOps-MOCK,dataverse.msdyn_aievents,2026-08-25,batch-2026-09-04,MOCK
"W/""5700136""",5ac9b677-f603-ac18-a144-ff9b1b2f019d,2026-08-25T12:39:15Z,2026-08-25T12:39:15Z,Classic answer,Billed,56,true,e97e7172-e8f0-54c3-81b0-1fc4af8b2d23,156e4dfa-2399-64c0-26ae-23ccf2f813ff,23b8c1e9-3924-56de-3eb1-3b9046685257,Claims Triage Agent,3f2ad9c1-7b64-4f6a-9d8e-52c0b7a13e45,Contoso Production,Microsoft Teams,Resolved,0,1,59762571,2026-09-04T18:00:00Z,AI-FinOps-MOCK,dataverse.msdyn_aievents,2026-08-25,batch-2026-09-04,MOCK
"W/""1004604""",90c24db3-8ace-9ad8-9aab-efbfb36448d5,2026-08-25T16:34:56Z,2026-08-25T16:34:56Z,Classic answer,Zero-rated,0,false,634cf791-0c9e-eaf4-ed07-31cc57f3334c,99e59cba-5f64-7466-cd44-09be683c2504,23b8c1e9-3924-56de-3eb1-3b9046685257,Claims Triage Agent,3f2ad9c1-7b64-4f6a-9d8e-52c0b7a13e45,Contoso Production,Custom website,Resolved,0,1,55895833,2026-09-04T18:00:00Z,AI-FinOps-MOCK,dataverse.msdyn_aievents,2026-08-25,batch-2026-09-04,MOCK
"W/""1983018""",1902e0d6-b951-04f0-8c69-d1af063e2884,2026-08-25T19:17:55Z,2026-08-25T19:17:55Z,Classic answer,Billed,11,true,210122b4-59aa-234a-ace5-d79a4d21bfa9,fadab840-e33b-cf6b-a47f-1b31e406e6b8,23b8c1e9-3924-56de-3eb1-3b9046685257,Claims Triage Agent,3f2ad9c1-7b64-4f6a-9d8e-52c0b7a13e45,Contoso Production,Custom website,Escalated,0,1,11508132,2026-09-04T18:00:00Z,AI-FinOps-MOCK,dataverse.msdyn_aievents,2026-08-25,batch-2026-09-04,MOCK
"W/""6149441""",0430009d-b922-80ac-7dfd-523d43189d9e,2026-08-25T09:30:47Z,2026-08-25T09:30:47Z,Generative answer,Billed,28,true,99a22f57-4062-5adf-7b1b-926ced20e734,2c495f37-5504-fde7-ba07-b1c7ab1662b1,23b8c1e9-3924-56de-3eb1-3b9046685257,Claims Triage Agent,3f2ad9c1-7b64-4f6a-9d8e-52c0b7a13e45,Contoso Production,Microsoft Teams,Escalated,0,1,91525582,2026-09-04T18:00:00Z,AI-FinOps-MOCK,dataverse.msdyn_aievents,2026-08-25,batch-2026-09-04,MOCK
"W/""8429648""",91aed7be-3aab-712f-e3ec-71dc66252329,2026-08-25T18:38:41Z,2026-08-25T18:38:41Z,Generative answer,Billed,42,true,0c1fce5b-079f-f5f0-60db-11fc1ef028d4,49f9f885-919f-e8e0-6523-460d72e532c5,23b8c1e9-3924-56de-3eb1-3b9046685257,Claims Triage Agent,3f2ad9c1-7b64-4f6a-9d8e-52c0b7a13e45,Contoso Production,Microsoft Teams,Abandoned,0,1,66114626,2026-09-04T18:00:00Z,AI-FinOps-MOCK,dataverse.msdyn_aievents,2026-08-25,batch-2026-09-04,MOCK
"W/""2224278""",9ed91f80-ed12-4a65-2043-0df05928fba9,2026-08-25T15:01:47Z,2026-08-25T15:01:47Z,Generative answer,Billed,80,true,cf4eaf7d-c1d4-8f39-0d63-f5dc591b2c13,dce968c6-c1c9-b95f-3eab-94676ae167a4,23b8c1e9-3924-56de-3eb1-3b9046685257,Claims Triage Agent,3f2ad9c1-7b64-4f6a-9d8e-52c0b7a13e45,Contoso Production,Web chat,Escalated,0,1,24788485,2026-09-04T18:00:00Z,AI-FinOps-MOCK,dataverse.msdyn_aievents,2026-08-25,batch-2026-09-04,MOCK
"W/""9820751""",38f9fef0-550d-9126-a17d-afbafc51bd24,2026-08-25T19:27:28Z,2026-08-25T19:27:28Z,Generative answer,Billed,114,true,505b8716-4deb-2ff5-46d8-09b406b3dcc5,e20e0c3c-c710-3646-771f-9dbb633fb347,23b8c1e9-3924-56de-3eb1-3b9046685257,Claims Triage Agent,3f2ad9c1-7b64-4f6a-9d8e-52c0b7a13e45,Contoso Production,Web chat,Abandoned,0,1,87669079,2026-09-04T18:00:00Z,AI-FinOps-MOCK,dataverse.msdyn_aievents,2026-08-25,batch-2026-09-04,MOCK
"W/""7772602""",a3d2ce27-22ce-afb4-d750-68753e68ec6e,2026-08-25T09:35:40Z,2026-08-25T09:35:40Z,Generative answer,Billed,96,true,358ad68e-b84f-e48d-c1d3-ce224ceb4858,023d6f81-5193-8dd3-32e6-1cb7faeeea90,23b8c1e9-3924-56de-3eb1-3b9046685257,Claims Triage Agent,3f2ad9c1-7b64-4f6a-9d8e-52c0b7a13e45,Contoso Production,Custom website,Abandoned,0,1,57327780,2026-09-04T18:00:00Z,AI-FinOps-MOCK,dataverse.msdyn_aievents,2026-08-25,batch-2026-09-04,MOCK
"W/""9593745""",199e2617-b62f-7080-a68b-69ffec73fdda,2026-08-25T15:16:57Z,2026-08-25T15:16:57Z,Agent action,Billed,39,true,bec18734-6ba1-f014-2482-1d7e622c3002,5e383c1b-87b7-ec1d-9fdd-3b18c8364c53,23b8c1e9-3924-56de-3eb1-3b9046685257,Claims Triage Agent,3f2ad9c1-7b64-4f6a-9d8e-52c0b7a13e45,Contoso Production,Microsoft Teams,Resolved,0,1,55598879,2026-09-04T18:00:00Z,AI-FinOps-MOCK,dataverse.msdyn_aievents,2026-08-25,batch-2026-09-04,MOCK
"W/""4248028""",a4cfde0b-ffc0-c91d-e0c7-80f12572b371,2026-08-25T08:21:44Z,2026-08-25T08:21:44Z,Agent action,Billed,93,true,c483b280-7642-0ca8-9386-f62f10780c90,fa1dbc9f-5fee-d5fd-66c2-178c45b764bd,23b8c1e9-3924-56de-3eb1-3b9046685257,Claims Triage Agent,3f2ad9c1-7b64-4f6a-9d8e-52c0b7a13e45,Contoso Production,Web chat,Resolved,0,1,94679851,2026-09-04T18:00:00Z,AI-FinOps-MOCK,dataverse.msdyn_aievents,2026-08-25,batch-2026-09-04,MOCK
"W/""9822899""",177ffb9e-64bf-82e1-a343-ab6b719f815e,2026-08-25T08:10:49Z,2026-08-25T08:10:49Z,Classic answer,Billed,43,true,706232cb-9f2d-13fd-b2ee-aa54cea0b10f,caff2b26-69c1-7b26-b6f8-e6bcfa957514,bd9c66b3-ad3c-2d6d-1a3d-1fa7bc8960a9,Store Ops Assistant,3f2ad9c1-7b64-4f6a-9d8e-52c0b7a13e45,Contoso Production,Custom website,Resolved,0,1,39694308,2026-09-04T18:00:00Z,AI-FinOps-MOCK,dataverse.msdyn_aievents,2026-08-25,batch-2026-09-04,MOCK
"W/""1661412""",4fbe7664-b73d-468b-7fda-03fb8b77d606,2026-08-25T09:01:08Z,2026-08-25T09:01:08Z,Classic answer,Billed,60,true,885a9ce4-f39a-817f-2cda-52df0854ddb2,d67683f1-3b81-0c62-9502-56f696e74f4d,bd9c66b3-ad3c-2d6d-1a3d-1fa7bc8960a9,Store Ops Assistant,3f2ad9c1-7b64-4f6a-9d8e-52c0b7a13e45,Contoso Production,Web chat,Escalated,0,1,96512575,2026-09-04T18:00:00Z,AI-FinOps-MOCK,dataverse.msdyn_aievents,2026-08-25,batch-2026-09-04,MOCK
"W/""5179638""",88312e7b-0562-ceef-9c3d-5c131077c18d,2026-08-25T19:42:59Z,2026-08-25T19:42:59Z,Classic answer,Billed,7,true,e7162e60-8e71-530f-74ee-586d50ea4930,511ccc6e-28bd-1d7e-8e56-d41cdb96d0eb,bd9c66b3-ad3c-2d6d-1a3d-1fa7bc8960a9,Store Ops Assistant,3f2ad9c1-7b64-4f6a-9d8e-52c0b7a13e45,Contoso Production,Custom website,Escalated,0,1,28898139,2026-09-04T18:00:00Z,AI-FinOps-MOCK,dataverse.msdyn_aievents,2026-08-25,batch-2026-09-04,MOCK
"W/""1890157""",d5d791c0-4afd-5e41-7f95-2308743de6cd,2026-08-25T14:22:08Z,2026-08-25T14:22:08Z,Generative answer,Zero-rated,0,false,0c5ccf97-63aa-e48e-f941-994285e1eafd,6823cb87-c02d-d818-5a80-6c592e04ac86,bd9c66b3-ad3c-2d6d-1a3d-1fa7bc8960a9,Store Ops Assistant,3f2ad9c1-7b64-4f6a-9d8e-52c0b7a13e45,Contoso Production,Microsoft Teams,Escalated,0,1,78235857,2026-09-04T18:00:00Z,AI-FinOps-MOCK,dataverse.msdyn_aievents,2026-08-25,batch-2026-09-04,MOCK
"W/""7509768""",af3c0341-0d98-5a78-96a7-a913ff4f42c5,2026-08-25T19:42:40Z,2026-08-25T19:42:40Z,Generative answer,Billed,20,true,dac6c1df-261d-1898-7015-927e9ba6038b,a7f3f392-2c06-2dc8-3e36-7e507110fbc6,bd9c66b3-ad3c-2d6d-1a3d-1fa7bc8960a9,Store Ops Assistant,3f2ad9c1-7b64-4f6a-9d8e-52c0b7a13e45,Contoso Production,Custom website,Escalated,0,1,60012096,2026-09-04T18:00:00Z,AI-FinOps-MOCK,dataverse.msdyn_aievents,2026-08-25,batch-2026-09-04,MOCK
"W/""8980166""",41236498-ee64-eced-8e52-11e74448df7a,2026-08-25T15:37:56Z,2026-08-25T15:37:56Z,Generative answer,Billed,72,true,85b34acb-002e-1d10-db37-143abf119101,d261f228-c01e-4934-2a35-34f25c5d52c6,bd9c66b3-ad3c-2d6d-1a3d-1fa7bc8960a9,Store Ops Assistant,3f2ad9c1-7b64-4f6a-9d8e-52c0b7a13e45,Contoso Production,Microsoft Teams,Abandoned,0,1,65966173,2026-09-04T18:00:00Z,AI-FinOps-MOCK,dataverse.msdyn_aievents,2026-08-25,batch-2026-09-04,MOCK
"W/""7854859""",01a8de64-d45a-40fe-d3dc-e38cc8217e68,2026-08-25T10:28:09Z,2026-08-25T10:28:09Z,Agent action,Billed,114,true,6f03800d-7a66-bbed-56c1-63e6609f5aae,b4c5d4cb-c497-3da8-28c1-b719825c54b1,bd9c66b3-ad3c-2d6d-1a3d-1fa7bc8960a9,Store Ops Assistant,3f2ad9c1-7b64-4f6a-9d8e-52c0b7a13e45,Contoso Production,Custom website,Abandoned,0,1,68558712,2026-09-04T18:00:00Z,AI-FinOps-MOCK,dataverse.msdyn_aievents,2026-08-25,batch-2026-09-04,MOCK
"W/""6157051""",f2e0336a-ff0f-5390-d161-fd8d1ac4fe27,2026-08-25T10:52:55Z,2026-08-25T10:52:55Z,Agent action,Billed,114,true,ff8c60f4-ec65-618a-b2d4-02dbbbda31ed,ba940b10-8059-4a18-7605-02cb9fcb9a71,bd9c66b3-ad3c-2d6d-1a3d-1fa7bc8960a9,Store Ops Assistant,3f2ad9c1-7b64-4f6a-9d8e-52c0b7a13e45,Contoso Production,Web chat,Abandoned,0,1,15801849,2026-09-04T18:00:00Z,AI-FinOps-MOCK,dataverse.msdyn_aievents,2026-08-25,batch-2026-09-04,MOCK
"W/""3714624""",8662ceae-91fe-0078-cde0-8ddb53c0d43a,2026-08-26T15:32:43Z,2026-08-26T15:32:43Z,Classic answer,Billed,39,true,b0edd661-70a1-6bc2-e350-932165393ba5,1f2bbae5-4be6-015e-b18d-8e42278c3cb0,bdd640fb-0667-1ad1-1c80-317fa3b1799d,HR Helpdesk Bot,3f2ad9c1-7b64-4f6a-9d8e-52c0b7a13e45,Contoso Production,Custom website,Escalated,0,1,48742817,2026-09-04T18:00:00Z,AI-FinOps-MOCK,dataverse.msdyn_aievents,2026-08-26,batch-2026-09-04,MOCK
"W/""8971702""",91ca2b5e-677f-fb7b-2b98-f8956fa3fb1d,2026-08-26T13:30:04Z,2026-08-26T13:30:04Z,Classic answer,Billed,45,true,2cfbcebe-d69d-09a4-7678-0f0461614e8f,90f28c0f-fe2b-561a-88cb-7f41ce807c66,bdd640fb-0667-1ad1-1c80-317fa3b1799d,HR Helpdesk Bot,3f2ad9c1-7b64-4f6a-9d8e-52c0b7a13e45,Contoso Production,Microsoft Teams,Escalated,0,1,75183437,2026-09-04T18:00:00Z,AI-FinOps-MOCK,dataverse.msdyn_aievents,2026-08-26,batch-2026-09-04,MOCK
"W/""6638442""",6e4eb521-4367-ea99-10e8-463de7f29a79,2026-08-26T13:21:54Z,2026-08-26T13:21:54Z,Classic answer,Billed,53,true,96726d2e-9b4b-0ee7-5c68-eb52e9843ddc,44c3311b-10af-698d-3ab9-6566816c99cd,bdd640fb-0667-1ad1-1c80-317fa3b1799d,HR Helpdesk Bot,3f2ad9c1-7b64-4f6a-9d8e-52c0b7a13e45,Contoso Production,Microsoft Teams,Resolved,0,1,89819263,2026-09-04T18:00:00Z,AI-FinOps-MOCK,dataverse.msdyn_aievents,2026-08-26,batch-2026-09-04,MOCK
"W/""4976563""",ff01a970-a594-17a8-df47-378c1b1edf7b,2026-08-26T11:10:06Z,2026-08-26T11:10:06Z,Classic answer,Billed,27,true,3fa79a17-afbe-9785-ffa5-c68e5cef80f5,82ed5996-aa26-4dd1-53bc-0f760bf60f8e,bdd640fb-0667-1ad1-1c80-317fa3b1799d,HR Helpdesk Bot,3f2ad9c1-7b64-4f6a-9d8e-52c0b7a13e45,Contoso Production,Custom website,Escalated,0,1,59467194,2026-09-04T18:00:00Z,AI-FinOps-MOCK,dataverse.msdyn_aievents,2026-08-26,batch-2026-09-04,MOCK
"W/""1745975""",9a9bca05-1bde-b299-7fdb-647d6cdb86b6,2026-08-26T11:42:32Z,2026-08-26T11:42:32Z,Generative answer,Billed,114,true,2c664277-48de-6f9d-7e2b-ac9b1a8d874f,836cc47c-1517-a0cf-f1e7-cd235d1a62ef,bdd640fb-0667-1ad1-1c80-317fa3b1799d,HR Helpdesk Bot,3f2ad9c1-7b64-4f6a-9d8e-52c0b7a13e45,Contoso Production,Custom website,Escalated,0,1,93751173,2026-09-04T18:00:00Z,AI-FinOps-MOCK,dataverse.msdyn_aievents,2026-08-26,batch-2026-09-04,MOCK
"W/""8956709""",c6e29ae4-e27a-7451-d536-719d19e84e21,2026-08-26T18:26:24Z,2026-08-26T18:26:24Z,Generative answer,Billed,52,true,ddd59242-5d4d-bb98-a7e8-577673bbec9c,db06d394-4cdb-0401-200d-c2e5bb91a8d7,bdd640fb-0667-1ad1-1c80-317fa3b1799d,HR Helpdesk Bot,3f2ad9c1-7b64-4f6a-9d8e-52c0b7a13e45,Contoso Production,Custom website,Resolved,0,1,92316450,2026-09-04T18:00:00Z,AI-FinOps-MOCK,dataverse.msdyn_aievents,2026-08-26,batch-2026-09-04,MOCK
"W/""5136067""",e1db1659-c7db-4d53-ff41-7150a796c576,2026-08-26T16:24:06Z,2026-08-26T16:24:06Z,Generative answer,Billed,54,true,46080818-3ae6-49fa-904b-2ce4e9f83394,aa5fa461-428a-4aea-7872-8630ed34d2a0,bdd640fb-0667-1ad1-1c80-317fa3b1799d,HR Helpdesk Bot,3f2ad9c1-7b64-4f6a-9d8e-52c0b7a13e45,Contoso Production,Custom website,Abandoned,0,1,58859539,2026-09-04T18:00:00Z,AI-FinOps-MOCK,dataverse.msdyn_aievents,2026-08-26,batch-2026-09-04,MOCK
"W/""2075775""",a1dc95d6-5ba5-767a-d861-55b48a1f1e2f,2026-08-26T08:19:19Z,2026-08-26T08:19:19Z,Generative answer,Billed,14,true,c1a9b15b-bd39-74bd-027b-eca70e575a6d,020597ce-3192-e67e-094b-71226dd945bd,bdd640fb-0667-1ad1-1c80-317fa3b1799d,HR Helpdesk Bot,3f2ad9c1-7b64-4f6a-9d8e-52c0b7a13e45,Contoso Production,Web chat,Abandoned,0,1,89912672,2026-09-04T18:00:00Z,AI-FinOps-MOCK,dataverse.msdyn_aievents,2026-08-26,batch-2026-09-04,MOCK
"W/""9828367""",b864cdd6-528a-a2ef-1521-0e2d66430a86,2026-08-26T11:53:17Z,2026-08-26T11:53:17Z,Agent action,Billed,87,true,82bf4c7d-8b9b-a1ab-51e4-a8ba6dad2234,fc92b645-9a2a-4109-793e-bc22f671413d,bdd640fb-0667-1ad1-1c80-317fa3b1799d,HR Helpdesk Bot,3f2ad9c1-7b64-4f6a-9d8e-52c0b7a13e45,Contoso Production,Microsoft Teams,Escalated,0,1,14158453,2026-09-04T18:00:00Z,AI-FinOps-MOCK,dataverse.msdyn_aievents,2026-08-26,batch-2026-09-04,MOCK
"W/""5162036""",124a60a5-43bd-78c1-b5da-bcbb8af2b429,2026-08-26T16:25:38Z,2026-08-26T16:25:38Z,Agent action,Billed,63,true,79896384-febb-fd51-fadd-de3833271389,787b311e-858c-ad89-7144-380b04369592,bdd640fb-0667-1ad1-1c80-317fa3b1799d,HR Helpdesk Bot,3f2ad9c1-7b64-4f6a-9d8e-52c0b7a13e45,Contoso Production,Microsoft Teams,Resolved,0,1,98390820,2026-09-04T18:00:00Z,AI-FinOps-MOCK,dataverse.msdyn_aievents,2026-08-26,batch-2026-09-04,MOCK
"W/""2881411""",6337aa95-e92c-5fb6-265d-985f81a02b6c,2026-08-26T09:17:04Z,2026-08-26T09:17:04Z,Agent action,Billed,24,true,b17588f1-6e72-086e-0e75-5738a1ac812f,8701d1ea-6372-8d77-c72e-c0b20b15f6ab,bdd640fb-0667-1ad1-1c80-317fa3b1799d,HR Helpdesk Bot,3f2ad9c1-7b64-4f6a-9d8e-52c0b7a13e45,Contoso Production,Microsoft Teams,Abandoned,0,1,20851785,2026-09-04T18:00:00Z,AI-FinOps-MOCK,dataverse.msdyn_aievents,2026-08-26,batch-2026-09-04,MOCK
"W/""7699199""",f1d0ef4c-c61b-ec65-052e-4dea7ff384e7,2026-08-26T14:17:53Z,2026-08-26T14:17:53Z,Agent action,Billed,99,true,cc22ed0d-7f57-246b-e0c7-dd7657cb3078,000a4571-2b3a-b935-e674-7dde4c647d9c,bdd640fb-0667-1ad1-1c80-317fa3b1799d,HR Helpdesk Bot,3f2ad9c1-7b64-4f6a-9d8e-52c0b7a13e45,Contoso Production,Web chat,Resolved,0,1,96883947,2026-09-04T18:00:00Z,AI-FinOps-MOCK,dataverse.msdyn_aievents,2026-08-26,batch-2026-09-04,MOCK
"W/""3550817""",b066053e-0103-4907-f08f-b2b36b1932fc,2026-08-26T08:04:33Z,2026-08-26T08:04:33Z,Classic answer,Billed,5,true,f422a50b-0fec-dd08-2f61-8166663f1f36,9a719624-9d71-986c-1f22-310c1e2e5a03,23b8c1e9-3924-56de-3eb1-3b9046685257,Claims Triage Agent,3f2ad9c1-7b64-4f6a-9d8e-52c0b7a13e45,Contoso Production,Microsoft Teams,Escalated,0,1,81955042,2026-09-04T18:00:00Z,AI-FinOps-MOCK,dataverse.msdyn_aievents,2026-08-26,batch-2026-09-04,MOCK
"W/""1673289""",4ed12e85-cc03-9c5a-0ddc-d916951bd1a3,2026-08-26T19:46:38Z,2026-08-26T19:46:38Z,Classic answer,Billed,5,true,f3885744-2650-adc6-3ef7-3ce929c9be6d,d86c2506-a34e-1b6f-bc5c-b7de68a7b23c,23b8c1e9-3924-56de-3eb1-3b9046685257,Claims Triage Agent,3f2ad9c1-7b64-4f6a-9d8e-52c0b7a13e45,Contoso Production,Web chat,Resolved,0,1,47672666,2026-09-04T18:00:00Z,AI-FinOps-MOCK,dataverse.msdyn_aievents,2026-08-26,batch-2026-09-04,MOCK
"W/""5449032""",7a8d36a1-b413-98ee-0887-bedcc638b99c,2026-08-26T08:40:40Z,2026-08-26T08:40:40Z,Generative answer,Billed,52,true,cde4b6a9-4b26-5069-ae23-fe6997835f60,d8eddbf4-59e6-c6a7-a4ed-9ee525b68c0a,23b8c1e9-3924-56de-3eb1-3b9046685257,Claims Triage Agent,3f2ad9c1-7b64-4f6a-9d8e-52c0b7a13e45,Contoso Production,Custom website,Resolved,0,1,26881642,2026-09-04T18:00:00Z,AI-FinOps-MOCK,dataverse.msdyn_aievents,2026-08-26,batch-2026-09-04,MOCK
"W/""6481850""",78ef930e-06a5-92bb-2156-b1cdc880b163,2026-08-26T11:39:41Z,2026-08-26T11:39:41Z,Generative answer,Zero-rated,0,false,43121aa9-e6c8-8e40-69d7-f528d21ae0a6,3f960506-df49-0ef1-ae4f-4c7af3a7d442,23b8c1e9-3924-56de-3eb1-3b9046685257,Claims Triage Agent,3f2ad9c1-7b64-4f6a-9d8e-52c0b7a13e45,Contoso Production,Web chat,Abandoned,0,1,39016848,2026-09-04T18:00:00Z,AI-FinOps-MOCK,dataverse.msdyn_aievents,2026-08-26,batch-2026-09-04,MOCK
"W/""9550693""",33c2d8a6-d10c-796c-dbe9-34bcc807e6d2,2026-08-26T09:59:41Z,2026-08-26T09:59:41Z,Generative answer,Billed,62,true,0a3f565a-7841-8480-d377-13b7b04951fe,743fbc42-57bf-8bab-c8b0-1d3a1fd2c14e,23b8c1e9-3924-56de-3eb1-3b9046685257,Claims Triage Agent,3f2ad9c1-7b64-4f6a-9d8e-52c0b7a13e45,Contoso Production,Web chat,Escalated,0,1,51724285,2026-09-04T18:00:00Z,AI-FinOps-MOCK,dataverse.msdyn_aievents,2026-08-26,batch-2026-09-04,MOCK
"W/""5804259""",905105c2-ba08-aa19-535a-4f53b337d810,2026-08-26T14:09:07Z,2026-08-26T14:09:07Z,Generative answer,Zero-rated,0,false,a7b99ac1-ade2-b2ba-4e4e-161d83bbc088,a0582784-b2f8-4702-d20c-a6ba84668547,23b8c1e9-3924-56de-3eb1-3b9046685257,Claims Triage Agent,3f2ad9c1-7b64-4f6a-9d8e-52c0b7a13e45,Contoso Production,Web chat,Escalated,0,1,96694194,2026-09-04T18:00:00Z,AI-FinOps-MOCK,dataverse.msdyn_aievents,2026-08-26,batch-2026-09-04,MOCK
"W/""4748438""",190de33a-ba8b-9e24-f6ae-b4d36bd81d02,2026-08-26T18:36:44Z,2026-08-26T18:36:44Z,Agent action,Billed,159,true,60267994-526c-56e8-ad2e-f9cc7e69b871,ac01eb57-2bb3-cae4-fc84-d5b88d9c9510,23b8c1e9-3924-56de-3eb1-3b9046685257,Claims Triage Agent,3f2ad9c1-7b64-4f6a-9d8e-52c0b7a13e45,Contoso Production,Custom website,Escalated,0,1,81784246,2026-09-04T18:00:00Z,AI-FinOps-MOCK,dataverse.msdyn_aievents,2026-08-26,batch-2026-09-04,MOCK
"W/""7140834""",eb0e1dac-078e-f9eb-a89d-834154123f47,2026-08-26T12:42:07Z,2026-08-26T12:42:07Z,Agent action,Billed,27,true,55d642d3-4ba0-6cec-a288-6f2b1605c55e,0314b5de-038d-4850-748b-7514dfe9e998,23b8c1e9-3924-56de-3eb1-3b9046685257,Claims Triage Agent,3f2ad9c1-7b64-4f6a-9d8e-52c0b7a13e45,Contoso Production,Web chat,Abandoned,0,1,12193389,2026-09-04T18:00:00Z,AI-FinOps-MOCK,dataverse.msdyn_aievents,2026-08-26,batch-2026-09-04,MOCK
"W/""6605322""",1a6be29e-1733-0041-f239-2c2295fc4963,2026-08-26T18:14:29Z,2026-08-26T18:14:29Z,Classic answer,Billed,17,true,a0310f41-86f7-1b54-2b9d-d54fa30201a0,3a884db2-13e4-05a2-b30f-60836bbbefad,bd9c66b3-ad3c-2d6d-1a3d-1fa7bc8960a9,Store Ops Assistant,3f2ad9c1-7b64-4f6a-9d8e-52c0b7a13e45,Contoso Production,Microsoft Teams,Abandoned,0,1,79234908,2026-09-04T18:00:00Z,AI-FinOps-MOCK,dataverse.msdyn_aievents,2026-08-26,batch-2026-09-04,MOCK
"W/""2517422""",6d593fc0-18e7-6630-0754-84e96b8288ff,2026-08-26T13:28:02Z,2026-08-26T13:28:02Z,Classic answer,Billed,26,true,9ed86f2e-9c14-f841-a920-3ad9161cc101,5ebd15a3-b935-dc43-b6cd-07b0bea50b40,bd9c66b3-ad3c-2d6d-1a3d-1fa7bc8960a9,Store Ops Assistant,3f2ad9c1-7b64-4f6a-9d8e-52c0b7a13e45,Contoso Production,Custom website,Escalated,0,1,32737268,2026-09-04T18:00:00Z,AI-FinOps-MOCK,dataverse.msdyn_aievents,2026-08-26,batch-2026-09-04,MOCK
"W/""4976215""",4cf48372-9cf7-32e5-0383-dbdb73258dbd,2026-08-26T10:55:23Z,2026-08-26T10:55:23Z,Generative answer,Billed,50,true,b53f4d4d-d515-bf7d-075e-57cd27c3215a,d41a0075-9fa7-3130-5b85-0893635a9913,bd9c66b3-ad3c-2d6d-1a3d-1fa7bc8960a9,Store Ops Assistant,3f2ad9c1-7b64-4f6a-9d8e-52c0b7a13e45,Contoso Production,Custom website,Abandoned,0,1,53491374,2026-09-04T18:00:00Z,AI-FinOps-MOCK,dataverse.msdyn_aievents,2026-08-26,batch-2026-09-04,MOCK
"W/""1201747""",51266f49-94fb-5bfa-95e2-6619bb271b05,2026-08-26T12:00:35Z,2026-08-26T12:00:35Z,Generative answer,Billed,44,true,a79238d1-27d9-899b-9b3c-cf068f4ff98e,d153bf10-23de-d063-84b6-caaca9bdd490,bd9c66b3-ad3c-2d6d-1a3d-1fa7bc8960a9,Store Ops Assistant,3f2ad9c1-7b64-4f6a-9d8e-52c0b7a13e45,Contoso Production,Microsoft Teams,Abandoned,0,1,54826767,2026-09-04T18:00:00Z,AI-FinOps-MOCK,dataverse.msdyn_aievents,2026-08-26,batch-2026-09-04,MOCK
"W/""8147970""",8131c64e-02f7-3779-fd72-5bbb3066b6f5,2026-08-26T17:49:41Z,2026-08-26T17:49:41Z,Generative answer,Billed,118,true,b1f07752-b256-f4d2-9bbe-c8133c3d9165,23003c5f-7a67-e276-ff91-86167a8d5229,bd9c66b3-ad3c-2d6d-1a3d-1fa7bc8960a9,Store Ops Assistant,3f2ad9c1-7b64-4f6a-9d8e-52c0b7a13e45,Contoso Production,Custom website,Escalated,0,1,25228744,2026-09-04T18:00:00Z,AI-FinOps-MOCK,dataverse.msdyn_aievents,2026-08-26,batch-2026-09-04,MOCK
"W/""6629100""",961f883d-d127-fef2-4d47-525d3e6d6ead,2026-08-26T11:12:35Z,2026-08-26T11:12:35Z,Generative answer,Billed,74,true,08ad2904-fd60-7207-141e-dca7fbf5f4d8,398bd872-637b-9d74-cd28-cf282da8d94f,bd9c66b3-ad3c-2d6d-1a3d-1fa7bc8960a9,Store Ops Assistant,3f2ad9c1-7b64-4f6a-9d8e-52c0b7a13e45,Contoso Production,Custom website,Abandoned,0,1,66043068,2026-09-04T18:00:00Z,AI-FinOps-MOCK,dataverse.msdyn_aievents,2026-08-26,batch-2026-09-04,MOCK
"W/""9143593""",dd039ed7-56d1-cf06-728b-af46031ddb61,2026-08-26T12:16:37Z,2026-08-26T12:16:37Z,Agent action,Billed,84,true,30c8e42f-5c84-b102-4a56-9aa451ac74d1,2b99d124-dcaf-fa81-8bec-22ae888a037b,bd9c66b3-ad3c-2d6d-1a3d-1fa7bc8960a9,Store Ops Assistant,3f2ad9c1-7b64-4f6a-9d8e-52c0b7a13e45,Contoso Production,Microsoft Teams,Resolved,0,1,96893383,2026-09-04T18:00:00Z,AI-FinOps-MOCK,dataverse.msdyn_aievents,2026-08-26,batch-2026-09-04,MOCK
"W/""1560616""",b1ad1918-fa80-2511-809b-a386c6578e5b,2026-08-26T17:07:28Z,2026-08-26T17:07:28Z,Agent action,Billed,18,true,e9a3dc9a-e734-2c39-5216-7d3990f992e1,4e25b97b-db61-2cfd-fd04-ed457c3a34db,bd9c66b3-ad3c-2d6d-1a3d-1fa7bc8960a9,Store Ops Assistant,3f2ad9c1-7b64-4f6a-9d8e-52c0b7a13e45,Contoso Production,Microsoft Teams,Abandoned,0,1,29355232,2026-09-04T18:00:00Z,AI-FinOps-MOCK,dataverse.msdyn_aievents,2026-08-26,batch-2026-09-04,MOCK
"W/""8395966""",84f80be2-fe34-ed0d-949f-08d55a4d4032,2026-08-26T10:35:10Z,2026-08-26T10:35:10Z,Agent action,Billed,114,true,8641262e-605a-0d9b-73cc-a899ee0b86be,933bed25-773c-85e8-0b43-4138e0ec38f1,bd9c66b3-ad3c-2d6d-1a3d-1fa7bc8960a9,Store Ops Assistant,3f2ad9c1-7b64-4f6a-9d8e-52c0b7a13e45,Contoso Production,Custom website,Resolved,0,1,16090253,2026-09-04T18:00:00Z,AI-FinOps-MOCK,dataverse.msdyn_aievents,2026-08-26,batch-2026-09-04,MOCK
"W/""6147215""",286fa8d0-d027-f221-9518-06596fd9ff07,2026-08-26T19:14:06Z,2026-08-26T19:14:06Z,Agent action,Billed,36,true,381344da-9fff-457e-d4a1-5ce094c93bba,80275567-a080-19d9-fa4b-2e48340ef185,bd9c66b3-ad3c-2d6d-1a3d-1fa7bc8960a9,Store Ops Assistant,3f2ad9c1-7b64-4f6a-9d8e-52c0b7a13e45,Contoso Production,Web chat,Abandoned,0,1,39096346,2026-09-04T18:00:00Z,AI-FinOps-MOCK,dataverse.msdyn_aievents,2026-08-26,batch-2026-09-04,MOCK
"W/""5161952""",866e7521-2667-a9ce-6005-272aa75fb348,2026-08-27T10:14:24Z,2026-08-27T10:14:24Z,Classic answer,Billed,36,true,80ac02f6-b514-d520-bfcc-756a54c32f57,cbe0bae1-a569-b7bb-e4e0-0e664999d054,bdd640fb-0667-1ad1-1c80-317fa3b1799d,HR Helpdesk Bot,3f2ad9c1-7b64-4f6a-9d8e-52c0b7a13e45,Contoso Production,Custom website,Abandoned,0,1,19923872,2026-09-04T18:00:00Z,AI-FinOps-MOCK,dataverse.msdyn_aievents,2026-08-27,batch-2026-09-04,MOCK
"W/""9171265""",758967dc-b822-bad2-8731-97db5c6d765c,2026-08-27T12:53:23Z,2026-08-27T12:53:23Z,Classic answer,Zero-rated,0,false,e257c1ac-881f-69ec-e531-d5353931c519,86a426b1-8bb4-5acf-f065-6cd7689d39e3,bdd640fb-0667-1ad1-1c80-317fa3b1799d,HR Helpdesk Bot,3f2ad9c1-7b64-4f6a-9d8e-52c0b7a13e45,Contoso Production,Microsoft Teams,Escalated,0,1,16498888,2026-09-04T18:00:00Z,AI-FinOps-MOCK,dataverse.msdyn_aievents,2026-08-27,batch-2026-09-04,MOCK
"W/""6592537""",d0d33a18-766a-d9ad-4b17-4c0e2d927632,2026-08-27T13:06:07Z,2026-08-27T13:06:07Z,Classic answer,Billed,24,true,bd9ec554-86f4-fa53-f8bc-f56f13083c83,cf444041-15b9-8f07-bf6b-457a7087759c,bdd640fb-0667-1ad1-1c80-317fa3b1799d,HR Helpdesk Bot,3f2ad9c1-7b64-4f6a-9d8e-52c0b7a13e45,Contoso Production,Microsoft Teams,Abandoned,0,1,15178044,2026-09-04T18:00:00Z,AI-FinOps-MOCK,dataverse.msdyn_aievents,2026-08-27,batch-2026-09-04,MOCK
"W/""5117021""",db8791c9-2237-aa4b-a8e1-1a7157489269,2026-08-27T08:57:03Z,2026-08-27T08:57:03Z,Classic answer,Zero-rated,0,false,f89b96c9-5317-c49b-798d-c994a8b58e56,2c3b3774-a29e-673b-76bb-5cf219140f0b,bdd640fb-0667-1ad1-1c80-317fa3b1799d,HR Helpdesk Bot,3f2ad9c1-7b64-4f6a-9d8e-52c0b7a13e45,Contoso Production,Custom website,Escalated,0,1,39777729,2026-09-04T18:00:00Z,AI-FinOps-MOCK,dataverse.msdyn_aievents,2026-08-27,batch-2026-09-04,MOCK
"W/""9466315""",3d4c2815-e552-dbd0-fa5e-f857fd69f7a9,2026-08-27T16:31:56Z,2026-08-27T16:31:56Z,Generative answer,Billed,48,true,fc7805b2-c1f9-04f1-e9d8-9c116c957f15,0aaf1b1b-ac50-3240-b7b8-a0530992224a,bdd640fb-0667-1ad1-1c80-317fa3b1799d,HR Helpdesk Bot,3f2ad9c1-7b64-4f6a-9d8e-52c0b7a13e45,Contoso Production,Microsoft Teams,Abandoned,0,1,77809736,2026-09-04T18:00:00Z,AI-FinOps-MOCK,dataverse.msdyn_aievents,2026-08-27,batch-2026-09-04,MOCK
"W/""7019633""",ce60e87e-2f02-f0ce-8b5b-9772bba2ec82,2026-08-27T19:23:41Z,2026-08-27T19:23:41Z,Generative answer,Billed,92,true,c09216f6-4bb3-1b75-121b-0863810bdbc7,773031fd-19c0-7821-a109-ef2f675c01d5,bdd640fb-0667-1ad1-1c80-317fa3b1799d,HR Helpdesk Bot,3f2ad9c1-7b64-4f6a-9d8e-52c0b7a13e45,Contoso Production,Custom website,Resolved,0,1,73027359,2026-09-04T18:00:00Z,AI-FinOps-MOCK,dataverse.msdyn_aievents,2026-08-27,batch-2026-09-04,MOCK
"W/""9625348""",ffbdd367-c7c2-6493-7ea5-9d3e8ec1b442,2026-08-27T17:07:13Z,2026-08-27T17:07:13Z,Generative answer,Zero-rated,0,false,acab7752-7c06-9c89-1d01-c80c200acf88,3ecd86e1-8a94-10b1-af71-53e1218f34a3,bdd640fb-0667-1ad1-1c80-317fa3b1799d,HR Helpdesk Bot,3f2ad9c1-7b64-4f6a-9d8e-52c0b7a13e45,Contoso Production,Web chat,Resolved,0,1,68201112,2026-09-04T18:00:00Z,AI-FinOps-MOCK,dataverse.msdyn_aievents,2026-08-27,batch-2026-09-04,MOCK
"W/""5585593""",7e31265d-8ba6-aadc-4050-4668c7e7c15c,2026-08-27T16:48:49Z,2026-08-27T16:48:49Z,Agent action,Billed,117,true,3e0d7151-9c1b-bdc0-49ac-838e95faf164,329cb94e-3187-234b-73af-da9016462bfa,bdd640fb-0667-1ad1-1c80-317fa3b1799d,HR Helpdesk Bot,3f2ad9c1-7b64-4f6a-9d8e-52c0b7a13e45,Contoso Production,Microsoft Teams,Resolved,0,1,13906571,2026-09-04T18:00:00Z,AI-FinOps-MOCK,dataverse.msdyn_aievents,2026-08-27,batch-2026-09-04,MOCK
"W/""1517023""",e02f39b0-290a-2e41-fa4f-50c276af8651,2026-08-27T12:45:35Z,2026-08-27T12:45:35Z,Agent action,Billed,48,true,55fbeef7-3786-1c60-48c6-a1d274db17d6,5d04d76c-adbf-6fb2-828e-1065d65ae920,bdd640fb-0667-1ad1-1c80-317fa3b1799d,HR Helpdesk Bot,3f2ad9c1-7b64-4f6a-9d8e-52c0b7a13e45,Contoso Production,Web chat,Abandoned,0,1,38377508,2026-09-04T18:00:00Z,AI-FinOps-MOCK,dataverse.msdyn_aievents,2026-08-27,batch-2026-09-04,MOCK
"W/""5456081""",e44a442d-3ee8-178d-b3db-cae6f4a65a65,2026-08-27T10:32:31Z,2026-08-27T10:32:31Z,Agent action,Billed,162,true,2308b41b-4a25-07d1-c416-ac5bfa48ef41,f721eaa3-0d5e-2a0b-ffba-30b1ded711b7,bdd640fb-0667-1ad1-1c80-317fa3b1799d,HR Helpdesk Bot,3f2ad9c1-7b64-4f6a-9d8e-52c0b7a13e45,Contoso Production,Web chat,Resolved,0,1,31856624,2026-09-04T18:00:00Z,AI-FinOps-MOCK,dataverse.msdyn_aievents,2026-08-27,batch-2026-09-04,MOCK
"W/""6922520""",35f74567-a171-4287-8f29-9d840a827c31,2026-08-27T17:53:00Z,2026-08-27T17:53:00Z,Agent action,Billed,171,true,b340ca94-f39d-6866-da7d-98c9b5f4e80f,322b9bb1-0e8d-7351-590e-c29848ff2d07,bdd640fb-0667-1ad1-1c80-317fa3b1799d,HR Helpdesk Bot,3f2ad9c1-7b64-4f6a-9d8e-52c0b7a13e45,Contoso Production,Web chat,Resolved,0,1,60068443,2026-09-04T18:00:00Z,AI-FinOps-MOCK,dataverse.msdyn_aievents,2026-08-27,batch-2026-09-04,MOCK
"W/""3894846""",afe9f804-ea64-4975-b289-401657cd2bcf,2026-08-27T18:24:58Z,2026-08-27T18:24:58Z,Agent action,Zero-rated,0,false,29777b51-a579-ad49-da2a-4b21b90cdec6,5f1b2285-78c2-4891-1163-73996d06e3cd,bdd640fb-0667-1ad1-1c80-317fa3b1799d,HR Helpdesk Bot,3f2ad9c1-7b64-4f6a-9d8e-52c0b7a13e45,Contoso Production,Microsoft Teams,Escalated,0,1,44286270,2026-09-04T18:00:00Z,AI-FinOps-MOCK,dataverse.msdyn_aievents,2026-08-27,batch-2026-09-04,MOCK
"W/""3982357""",7398f5c5-81dc-36b8-afef-172aeed86694,2026-08-27T18:08:56Z,2026-08-27T18:08:56Z,Classic answer,Billed,39,true,115c4b94-248d-cd4e-0e19-3cf608311c3a,c0154ede-6de5-4444-37ba-abc1dcee930c,23b8c1e9-3924-56de-3eb1-3b9046685257,Claims Triage Agent,3f2ad9c1-7b64-4f6a-9d8e-52c0b7a13e45,Contoso Production,Custom website,Resolved,0,1,39000160,2026-09-04T18:00:00Z,AI-FinOps-MOCK,dataverse.msdyn_aievents,2026-08-27,batch-2026-09-04,MOCK
"W/""4629368""",b6dae5f9-813f-5d12-ae59-f144962ac83a,2026-08-27T10:13:09Z,2026-08-27T10:13:09Z,Classic answer,Billed,41,true,47b67a7f-b74c-3719-d4bd-f69b71b9ca55,a4f6cc03-ad79-550c-f845-5f08faf226b9,23b8c1e9-3924-56de-3eb1-3b9046685257,Claims Triage Agent,3f2ad9c1-7b64-4f6a-9d8e-52c0b7a13e45,Contoso Production,Web chat,Escalated,0,1,22732291,2026-09-04T18:00:00Z,AI-FinOps-MOCK,dataverse.msdyn_aievents,2026-08-27,batch-2026-09-04,MOCK
"W/""1044342""",73665fd4-d679-5e1c-dc1d-ef0ff7061aba,2026-08-27T18:43:42Z,2026-08-27T18:43:42Z,Generative answer,Zero-rated,0,false,6de65b01-6b41-19e3-88c3-b83fd0160dbb,edc87fdd-726f-c505-f201-fdef01eb6e5a,23b8c1e9-3924-56de-3eb1-3b9046685257,Claims Triage Agent,3f2ad9c1-7b64-4f6a-9d8e-52c0b7a13e45,Contoso Production,Custom website,Escalated,0,1,49010115,2026-09-04T18:00:00Z,AI-FinOps-MOCK,dataverse.msdyn_aievents,2026-08-27,batch-2026-09-04,MOCK
"W/""8614483""",1a5984ef-7d39-f632-7e65-1cdb099f4e11,2026-08-27T10:48:00Z,2026-08-27T10:48:00Z,Generative answer,Billed,94,true,5ee0ebfa-a54e-7c27-f032-3f1e3b321be0,27ede83f-9c9c-3dac-929b-bb58acbcdcb8,23b8c1e9-3924-56de-3eb1-3b9046685257,Claims Triage Agent,3f2ad9c1-7b64-4f6a-9d8e-52c0b7a13e45,Contoso Production,Custom website,Resolved,0,1,43120520,2026-09-04T18:00:00Z,AI-FinOps-MOCK,dataverse.msdyn_aievents,2026-08-27,batch-2026-09-04,MOCK
"W/""6306502""",bd5a6ebf-8211-2000-16b4-3f2b1dee8ec8,2026-08-27T17:37:32Z,2026-08-27T17:37:32Z,Generative answer,Zero-rated,0,false,f8ab331e-ad76-aa21-bc22-982c6e0a2fb2,44d4d82c-58e0-1cba-00b4-4b1fdf595a4a,23b8c1e9-3924-56de-3eb1-3b9046685257,Claims Triage Agent,3f2ad9c1-7b64-4f6a-9d8e-52c0b7a13e45,Contoso Production,Microsoft Teams,Resolved,0,1,20095393,2026-09-04T18:00:00Z,AI-FinOps-MOCK,dataverse.msdyn_aievents,2026-08-27,batch-2026-09-04,MOCK
"W/""8550372""",f84931a7-834c-cca6-f756-945345470c0d,2026-08-27T10:22:49Z,2026-08-27T10:22:49Z,Agent action,Billed,87,true,47e28ede-e83e-b503-e424-e48f989242b7,7e855680-b49d-0f7d-66d4-636165399d75,23b8c1e9-3924-56de-3eb1-3b9046685257,Claims Triage Agent,3f2ad9c1-7b64-4f6a-9d8e-52c0b7a13e45,Contoso Production,Web chat,Escalated,0,1,53680391,2026-09-04T18:00:00Z,AI-FinOps-MOCK,dataverse.msdyn_aievents,2026-08-27,batch-2026-09-04,MOCK
"W/""2056932""",4127fc12-3b6f-4fd0-444a-1b52919da5a5,2026-08-27T15:20:42Z,2026-08-27T15:20:42Z,Agent action,Billed,84,true,80540331-46dd-7903-5613-bd6920bfff5a,aa5c663f-51a3-b799-a241-49d2240c039a,23b8c1e9-3924-56de-3eb1-3b9046685257,Claims Triage Agent,3f2ad9c1-7b64-4f6a-9d8e-52c0b7a13e45,Contoso Production,Microsoft Teams,Abandoned,0,1,58918143,2026-09-04T18:00:00Z,AI-FinOps-MOCK,dataverse.msdyn_aievents,2026-08-27,batch-2026-09-04,MOCK
"W/""8555482""",5fae1d66-d613-9b80-d483-8f7cb0eeea41,2026-08-27T17:58:16Z,2026-08-27T17:58:16Z,Classic answer,Zero-rated,0,false,02298bae-e57e-b75d-bf0d-3525dc6164da,eacb5e08-6c4f-8103-4bd1-38d5afc8a5f5,bd9c66b3-ad3c-2d6d-1a3d-1fa7bc8960a9,Store Ops Assistant,3f2ad9c1-7b64-4f6a-9d8e-52c0b7a13e45,Contoso Production,Web chat,Resolved,0,1,44344080,2026-09-04T18:00:00Z,AI-FinOps-MOCK,dataverse.msdyn_aievents,2026-08-27,batch-2026-09-04,MOCK
"W/""3528140""",05f1d2bd-8fc4-8f14-8048-14c9c2979860,2026-08-27T12:41:09Z,2026-08-27T12:41:09Z,Classic answer,Billed,26,true,27304be5-b4b6-db3b-3a6b-7a56a77b094a,91d261b7-2b85-a6a4-00bb-78b66bd7fc06,bd9c66b3-ad3c-2d6d-1a3d-1fa7bc8960a9,Store Ops Assistant,3f2ad9c1-7b64-4f6a-9d8e-52c0b7a13e45,Contoso Production,Web chat,Abandoned,0,1,48840119,2026-09-04T18:00:00Z,AI-FinOps-MOCK,dataverse.msdyn_aievents,2026-08-27,batch-2026-09-04,MOCK
"W/""8543684""",eda5eae5-3299-c736-d201-aea7ab55f7a6,2026-08-27T17:27:44Z,2026-08-27T17:27:44Z,Generative answer,Billed,68,true,29bd0d23-5838-a141-c234-2bf23503bfff,8cf64d3c-850a-464d-198c-b3a5092fd83b,bd9c66b3-ad3c-2d6d-1a3d-1fa7bc8960a9,Store Ops Assistant,3f2ad9c1-7b64-4f6a-9d8e-52c0b7a13e45,Contoso Production,Custom website,Escalated,0,1,62963056,2026-09-04T18:00:00Z,AI-FinOps-MOCK,dataverse.msdyn_aievents,2026-08-27,batch-2026-09-04,MOCK
"W/""8496385""",3347f392-f90e-5810-6ed2-a32ed612cb63,2026-08-27T08:43:56Z,2026-08-27T08:43:56Z,Generative answer,Billed,20,true,d2c6733c-29dd-2dfb-09eb-7885fde7144c,6c356816-f1f3-a215-e52c-c09684a83f37,bd9c66b3-ad3c-2d6d-1a3d-1fa7bc8960a9,Store Ops Assistant,3f2ad9c1-7b64-4f6a-9d8e-52c0b7a13e45,Contoso Production,Web chat,Abandoned,0,1,96496372,2026-09-04T18:00:00Z,AI-FinOps-MOCK,dataverse.msdyn_aievents,2026-08-27,batch-2026-09-04,MOCK
"W/""6942880""",76f81140-e860-1ed6-d8ce-4235d1bfa7e1,2026-08-27T18:35:04Z,2026-08-27T18:35:04Z,Agent action,Billed,147,true,a866b20a-1b57-1b77-e55f-ed289e7e2443,43ffe6e1-149a-c29e-2882-3b7b716e6e22,bd9c66b3-ad3c-2d6d-1a3d-1fa7bc8960a9,Store Ops Assistant,3f2ad9c1-7b64-4f6a-9d8e-52c0b7a13e45,Contoso Production,Custom website,Escalated,0,1,84747485,2026-09-04T18:00:00Z,AI-FinOps-MOCK,dataverse.msdyn_aievents,2026-08-27,batch-2026-09-04,MOCK
"W/""6994590""",5844d3bf-ab5f-f349-1ee7-2b0058488d91,2026-08-27T11:35:45Z,2026-08-27T11:35:45Z,Agent action,Billed,135,true,ab487a2f-c6e8-b3b1-0777-3bbc1a0e0492,e4cf3e5c-3ebd-16e9-9589-9208e084195c,bd9c66b3-ad3c-2d6d-1a3d-1fa7bc8960a9,Store Ops Assistant,3f2ad9c1-7b64-4f6a-9d8e-52c0b7a13e45,Contoso Production,Web chat,Escalated,0,1,66775461,2026-09-04T18:00:00Z,AI-FinOps-MOCK,dataverse.msdyn_aievents,2026-08-27,batch-2026-09-04,MOCK
"W/""1109351""",0101561a-a9fe-eddf-8aff-9563428b4f05,2026-08-27T16:52:34Z,2026-08-27T16:52:34Z,Agent action,Billed,24,true,bb167524-2c2f-6ed9-1789-0c9a875affb8,20da0919-f65f-00d8-c57b-75d77c051e18,bd9c66b3-ad3c-2d6d-1a3d-1fa7bc8960a9,Store Ops Assistant,3f2ad9c1-7b64-4f6a-9d8e-52c0b7a13e45,Contoso Production,Web chat,Abandoned,0,1,47264814,2026-09-04T18:00:00Z,AI-FinOps-MOCK,dataverse.msdyn_aievents,2026-08-27,batch-2026-09-04,MOCK
"W/""2494718""",ea4f2825-ec36-79e4-6f65-71145d9abf9f,2026-08-27T09:48:07Z,2026-08-27T09:48:07Z,Agent action,Billed,21,true,f0c0e07e-3c46-b492-6a5b-43f4d775d1f9,bcb46d63-f972-a1e7-1ed7-7e6fa1b498d7,bd9c66b3-ad3c-2d6d-1a3d-1fa7bc8960a9,Store Ops Assistant,3f2ad9c1-7b64-4f6a-9d8e-52c0b7a13e45,Contoso Production,Microsoft Teams,Resolved,0,1,78410440,2026-09-04T18:00:00Z,AI-FinOps-MOCK,dataverse.msdyn_aievents,2026-08-27,batch-2026-09-04,MOCK
"W/""4227576""",c9527de1-af88-db8a-9a4c-a129dc7d2385,2026-08-28T15:44:38Z,2026-08-28T15:44:38Z,Classic answer,Billed,26,true,d55cad38-3969-f3f8-e03d-6b93e0be4e40,e17d481e-19f0-bb35-8489-9a2ed555b104,bdd640fb-0667-1ad1-1c80-317fa3b1799d,HR Helpdesk Bot,3f2ad9c1-7b64-4f6a-9d8e-52c0b7a13e45,Contoso Production,Microsoft Teams,Escalated,0,1,12589790,2026-09-04T18:00:00Z,AI-FinOps-MOCK,dataverse.msdyn_aievents,2026-08-28,batch-2026-09-04,MOCK
"W/""7681990""",6e6504d2-43ab-2c27-8c55-e08e46bef474,2026-08-28T15:25:24Z,2026-08-28T15:25:24Z,Classic answer,Zero-rated,0,false,9d6c451a-54ed-1d3c-d40d-37a71649b12c,4cb3c6fa-1d30-d053-06fa-21361b324dcf,bdd640fb-0667-1ad1-1c80-317fa3b1799d,HR Helpdesk Bot,3f2ad9c1-7b64-4f6a-9d8e-52c0b7a13e45,Contoso Production,Web chat,Resolved,0,1,87045197,2026-09-04T18:00:00Z,AI-FinOps-MOCK,dataverse.msdyn_aievents,2026-08-28,batch-2026-09-04,MOCK
"W/""4403547""",30089312-460a-19aa-020d-8031bd374733,2026-08-28T09:29:42Z,2026-08-28T09:29:42Z,Classic answer,Billed,46,true,edeb5cfb-1935-76a1-ebda-f14bac6f267a,309de929-11de-b03f-e0a9-dfb6c478589a,bdd640fb-0667-1ad1-1c80-317fa3b1799d,HR Helpdesk Bot,3f2ad9c1-7b64-4f6a-9d8e-52c0b7a13e45,Contoso Production,Custom website,Escalated,0,1,53507773,2026-09-04T18:00:00Z,AI-FinOps-MOCK,dataverse.msdyn_aievents,2026-08-28,batch-2026-09-04,MOCK
"W/""1046265""",e21fcff9-b6eb-6072-6925-9be4bbeb086b,2026-08-28T11:04:40Z,2026-08-28T11:04:40Z,Classic answer,Zero-rated,0,false,7b5bf1ae-fd80-58a2-1adb-2acfe5466d7d,585f4da9-b3cd-2eea-5741-085639c6ef3b,bdd640fb-0667-1ad1-1c80-317fa3b1799d,HR Helpdesk Bot,3f2ad9c1-7b64-4f6a-9d8e-52c0b7a13e45,Contoso Production,Custom website,Abandoned,0,1,92804320,2026-09-04T18:00:00Z,AI-FinOps-MOCK,dataverse.msdyn_aievents,2026-08-28,batch-2026-09-04,MOCK
"W/""2904768""",49f83339-fa35-db5e-61d5-9b846dc50136,2026-08-28T15:28:10Z,2026-08-28T15:28:10Z,Generative answer,Zero-rated,0,false,1434e05c-cb07-bd5c-e48c-5c850f1fe8b4,2d8f6437-f8d1-01a3-638b-4f82cea73064,bdd640fb-0667-1ad1-1c80-317fa3b1799d,HR Helpdesk Bot,3f2ad9c1-7b64-4f6a-9d8e-52c0b7a13e45,Contoso Production,Web chat,Abandoned,0,1,55926022,2026-09-04T18:00:00Z,AI-FinOps-MOCK,dataverse.msdyn_aievents,2026-08-28,batch-2026-09-04,MOCK
"W/""8937620""",bf4a489d-e70f-227f-88ba-cc5423a45c1d,2026-08-28T13:17:29Z,2026-08-28T13:17:29Z,Generative answer,Billed,42,true,d66c498a-807a-f32a-07f1-d206ad1264b8,31ce56ac-eee1-ae0b-c19c-9a4798c66ab3,bdd640fb-0667-1ad1-1c80-317fa3b1799d,HR Helpdesk Bot,3f2ad9c1-7b64-4f6a-9d8e-52c0b7a13e45,Contoso Production,Web chat,Resolved,0,1,53055880,2026-09-04T18:00:00Z,AI-FinOps-MOCK,dataverse.msdyn_aievents,2026-08-28,batch-2026-09-04,MOCK
"W/""9975504""",8fe58882-d3c5-7f3e-f1b4-b094992fd8c8,2026-08-28T14:06:25Z,2026-08-28T14:06:25Z,Generative answer,Billed,114,true,ab7d88cd-7f06-e1fc-d9c5-7edd337477f0,4e4d354a-1b1a-f73b-0475-847e50d6bd1f,bdd640fb-0667-1ad1-1c80-317fa3b1799d,HR Helpdesk Bot,3f2ad9c1-7b64-4f6a-9d8e-52c0b7a13e45,Contoso Production,Custom website,Resolved,0,1,16174382,2026-09-04T18:00:00Z,AI-FinOps-MOCK,dataverse.msdyn_aievents,2026-08-28,batch-2026-09-04,MOCK
"W/""5008922""",b728c96d-46d9-8a23-dfa8-b4bf65ab33f9,2026-08-28T15:01:48Z,2026-08-28T15:01:48Z,Generative answer,Billed,30,true,b3973dd6-fcd7-228a-5a3a-d41c67c333c6,bdd8d53a-114f-7a6f-65e1-fe4179ebab08,bdd640fb-0667-1ad1-1c80-317fa3b1799d,HR Helpdesk Bot,3f2ad9c1-7b64-4f6a-9d8e-52c0b7a13e45,Contoso Production,Custom website,Resolved,0,1,58326113,2026-09-04T18:00:00Z,AI-FinOps-MOCK,dataverse.msdyn_aievents,2026-08-28,batch-2026-09-04,MOCK
"W/""9370860""",ea0fc0b5-4f7d-3b10-5848-e2bad0cff452,2026-08-28T15:11:12Z,2026-08-28T15:11:12Z,Generative answer,Billed,114,true,4e4e0ebe-5314-9025-e71e-3bff324337bc,f4c8815c-8e35-07a8-7b70-799378e2ced8,bdd640fb-0667-1ad1-1c80-317fa3b1799d,HR Helpdesk Bot,3f2ad9c1-7b64-4f6a-9d8e-52c0b7a13e45,Contoso Production,Custom website,Resolved,0,1,25973659,2026-09-04T18:00:00Z,AI-FinOps-MOCK,dataverse.msdyn_aievents,2026-08-28,batch-2026-09-04,MOCK
"W/""5978954""",b6e9d969-90ea-4f75-6287-790c888ffd21,2026-08-28T18:00:31Z,2026-08-28T18:00:31Z,Agent action,Billed,171,true,83a298d2-563f-0eb5-3744-bc3e9ef98149,9208d47b-3012-88d3-85a2-3167e9504c9a,bdd640fb-0667-1ad1-1c80-317fa3b1799d,HR Helpdesk Bot,3f2ad9c1-7b64-4f6a-9d8e-52c0b7a13e45,Contoso Production,Web chat,Abandoned,0,1,84084328,2026-09-04T18:00:00Z,AI-FinOps-MOCK,dataverse.msdyn_aievents,2026-08-28,batch-2026-09-04,MOCK
"W/""7772462""",52a4ce7b-f50c-c44b-6652-7b6de658f7f7,2026-08-28T17:07:45Z,2026-08-28T17:07:45Z,Agent action,Billed,99,true,4888526a-14b1-4fc5-a46a-4eab9233969f,045b16d6-5a46-d30e-4245-66304d2411b1,bdd640fb-0667-1ad1-1c80-317fa3b1799d,HR Helpdesk Bot,3f2ad9c1-7b64-4f6a-9d8e-52c0b7a13e45,Contoso Production,Microsoft Teams,Resolved,0,1,36299097,2026-09-04T18:00:00Z,AI-FinOps-MOCK,dataverse.msdyn_aievents,2026-08-28,batch-2026-09-04,MOCK
"W/""2890632""",28bff850-d2b7-d773-415d-fcdec3445159,2026-08-28T18:32:41Z,2026-08-28T18:32:41Z,Agent action,Zero-rated,0,false,e66d7ce5-20d4-5fc8-43b2-0ef77d1188f0,9075a918-8161-7df0-540a-fbbaae16cf9d,bdd640fb-0667-1ad1-1c80-317fa3b1799d,HR Helpdesk Bot,3f2ad9c1-7b64-4f6a-9d8e-52c0b7a13e45,Contoso Production,Microsoft Teams,Escalated,0,1,90727693,2026-09-04T18:00:00Z,AI-FinOps-MOCK,dataverse.msdyn_aievents,2026-08-28,batch-2026-09-04,MOCK
"W/""3526996""",378c0bde-f19c-2703-7b7d-57a6cdde9ec8,2026-08-28T13:57:43Z,2026-08-28T13:57:43Z,Agent action,Billed,72,true,05fffac9-2f3a-a4e6-b3b9-9c817572ae1c,81f15e92-6fa4-0207-1d49-88ea4214dd36,bdd640fb-0667-1ad1-1c80-317fa3b1799d,HR Helpdesk Bot,3f2ad9c1-7b64-4f6a-9d8e-52c0b7a13e45,Contoso Production,Custom website,Resolved,0,1,91767275,2026-09-04T18:00:00Z,AI-FinOps-MOCK,dataverse.msdyn_aievents,2026-08-28,batch-2026-09-04,MOCK
"W/""1302434""",ddd12afe-9640-24e5-866b-09a14a26ef83,2026-08-28T16:55:20Z,2026-08-28T16:55:20Z,Classic answer,Billed,12,true,0515d8d7-6336-9f49-02ed-19770f168b31,db3f4b09-0358-2959-7e01-e51d65016e86,23b8c1e9-3924-56de-3eb1-3b9046685257,Claims Triage Agent,3f2ad9c1-7b64-4f6a-9d8e-52c0b7a13e45,Contoso Production,Custom website,Abandoned,0,1,76348768,2026-09-04T18:00:00Z,AI-FinOps-MOCK,dataverse.msdyn_aievents,2026-08-28,batch-2026-09-04,MOCK
"W/""3138187""",d40603ed-f19c-cc86-370a-1fa78f3f2858,2026-08-28T12:01:32Z,2026-08-28T12:01:32Z,Classic answer,Billed,13,true,0d6a7f10-ed4e-dbe0-a1f8-e12f37309e16,2ec59bf4-93f7-2f7d-ac7b-613407ea96d6,23b8c1e9-3924-56de-3eb1-3b9046685257,Claims Triage Agent,3f2ad9c1-7b64-4f6a-9d8e-52c0b7a13e45,Contoso Production,Web chat,Resolved,0,1,41040836,2026-09-04T18:00:00Z,AI-FinOps-MOCK,dataverse.msdyn_aievents,2026-08-28,batch-2026-09-04,MOCK
"W/""3989912""",06537cb5-7e74-66df-5120-68b2d89a7af7,2026-08-28T16:57:38Z,2026-08-28T16:57:38Z,Classic answer,Billed,14,true,f3778343-b693-55e4-2469-040cd36e7e6e,28673909-7f0a-5ae4-ad79-97546674dea7,23b8c1e9-3924-56de-3eb1-3b9046685257,Claims Triage Agent,3f2ad9c1-7b64-4f6a-9d8e-52c0b7a13e45,Contoso Production,Microsoft Teams,Abandoned,0,1,32529847,2026-09-04T18:00:00Z,AI-FinOps-MOCK,dataverse.msdyn_aievents,2026-08-28,batch-2026-09-04,MOCK
"W/""8591564""",1f7c8e65-b930-4ccd-3b70-47387dbec8f0,2026-08-28T09:51:23Z,2026-08-28T09:51:23Z,Classic answer,Billed,58,true,3d9b7879-542b-1e5d-7aef-a958f41cabe4,9bde0388-3a13-1706-67ef-36e5cb26a3cd,23b8c1e9-3924-56de-3eb1-3b9046685257,Claims Triage Agent,3f2ad9c1-7b64-4f6a-9d8e-52c0b7a13e45,Contoso Production,Web chat,Abandoned,0,1,61343115,2026-09-04T18:00:00Z,AI-FinOps-MOCK,dataverse.msdyn_aievents,2026-08-28,batch-2026-09-04,MOCK
"W/""5022913""",892461e2-68ae-18a3-b923-33159d20a464,2026-08-28T16:55:17Z,2026-08-28T16:55:17Z,Generative answer,Billed,24,true,95bee1d7-cdc2-0ba8-28eb-e4802a74ae57,f7e2c239-302f-7b2f-a7a9-8b8983e31763,23b8c1e9-3924-56de-3eb1-3b9046685257,Claims Triage Agent,3f2ad9c1-7b64-4f6a-9d8e-52c0b7a13e45,Contoso Production,Microsoft Teams,Escalated,0,1,88293506,2026-09-04T18:00:00Z,AI-FinOps-MOCK,dataverse.msdyn_aievents,2026-08-28,batch-2026-09-04,MOCK
"W/""4483545""",31b37a34-b133-ed55-0d1c-8dfd02a03d0c,2026-08-28T15:06:30Z,2026-08-28T15:06:30Z,Generative answer,Zero-rated,0,false,610154c4-5e39-1413-a107-97230736d293,52553cd2-14de-ab85-4061-81404f00499c,23b8c1e9-3924-56de-3eb1-3b9046685257,Claims Triage Agent,3f2ad9c1-7b64-4f6a-9d8e-52c0b7a13e45,Contoso Production,Custom website,Abandoned,0,1,64258310,2026-09-04T18:00:00Z,AI-FinOps-MOCK,dataverse.msdyn_aievents,2026-08-28,batch-2026-09-04,MOCK
"W/""8607011""",894335e1-a4d7-a1d5-e7b9-d951513b5877,2026-08-28T10:42:52Z,2026-08-28T10:42:52Z,Agent action,Billed,114,true,af085b77-ea56-c430-3574-b95dbca0da43,c14da4e8-ff2e-05e5-3120-7846aeeacd7c,23b8c1e9-3924-56de-3eb1-3b9046685257,Claims Triage Agent,3f2ad9c1-7b64-4f6a-9d8e-52c0b7a13e45,Contoso Production,Microsoft Teams,Abandoned,0,1,97922468,2026-09-04T18:00:00Z,AI-FinOps-MOCK,dataverse.msdyn_aievents,2026-08-28,batch-2026-09-04,MOCK
"W/""3176690""",539e8bdf-1631-16f3-d95b-09e1e8107d27,2026-08-28T08:47:47Z,2026-08-28T08:47:47Z,Agent action,Billed,132,true,d0346503-3d57-2a9e-7df8-f9f5b4d3319a,f0c3fe9b-278f-b057-eca6-5892a318ef5c,23b8c1e9-3924-56de-3eb1-3b9046685257,Claims Triage Agent,3f2ad9c1-7b64-4f6a-9d8e-52c0b7a13e45,Contoso Production,Microsoft Teams,Abandoned,0,1,38057963,2026-09-04T18:00:00Z,AI-FinOps-MOCK,dataverse.msdyn_aievents,2026-08-28,batch-2026-09-04,MOCK
"W/""4100635""",96f0e212-7818-f68d-80dd-18b4245caea4,2026-08-28T19:24:44Z,2026-08-28T19:24:44Z,Agent action,Billed,33,true,fa27f646-3ba5-48df-78f4-820d49fb75ee,dbed59f4-106c-5133-f8f2-fd471643330c,23b8c1e9-3924-56de-3eb1-3b9046685257,Claims Triage Agent,3f2ad9c1-7b64-4f6a-9d8e-52c0b7a13e45,Contoso Production,Microsoft Teams,Abandoned,0,1,77801042,2026-09-04T18:00:00Z,AI-FinOps-MOCK,dataverse.msdyn_aievents,2026-08-28,batch-2026-09-04,MOCK
"W/""2875680""",3067d423-1045-f24c-186a-39e2680b5490,2026-08-28T12:33:53Z,2026-08-28T12:33:53Z,Agent action,Billed,24,true,2c2daa70-fd18-57c5-6dd5-673a3ff67eb1,d0a51d27-afbf-a65e-8c9f-f2df8e9a2717,23b8c1e9-3924-56de-3eb1-3b9046685257,Claims Triage Agent,3f2ad9c1-7b64-4f6a-9d8e-52c0b7a13e45,Contoso Production,Custom website,Escalated,0,1,74223965,2026-09-04T18:00:00Z,AI-FinOps-MOCK,dataverse.msdyn_aievents,2026-08-28,batch-2026-09-04,MOCK
"W/""7838021""",6a6aa486-91b9-8631-1ba8-90ff78f0fdfd,2026-08-28T09:23:34Z,2026-08-28T09:23:34Z,Agent action,Billed,24,true,6ecf29e2-a4e6-ad86-28d6-1f28592dccd6,b43c10d1-da2c-0f70-3d6f-bc1fa7391c75,23b8c1e9-3924-56de-3eb1-3b9046685257,Claims Triage Agent,3f2ad9c1-7b64-4f6a-9d8e-52c0b7a13e45,Contoso Production,Microsoft Teams,Resolved,0,1,64554352,2026-09-04T18:00:00Z,AI-FinOps-MOCK,dataverse.msdyn_aievents,2026-08-28,batch-2026-09-04,MOCK
"W/""8435411""",358cbe15-e4e3-cf76-d399-44f3b84c9ef9,2026-08-28T11:08:41Z,2026-08-28T11:08:41Z,Classic answer,Billed,7,true,ed41b2da-bb80-a3b5-bec3-4a0a901fd9a7,6f3c9ce8-6806-ee9b-c22c-6ecd90af00eb,bd9c66b3-ad3c-2d6d-1a3d-1fa7bc8960a9,Store Ops Assistant,3f2ad9c1-7b64-4f6a-9d8e-52c0b7a13e45,Contoso Production,Web chat,Resolved,0,1,87267861,2026-09-04T18:00:00Z,AI-FinOps-MOCK,dataverse.msdyn_aievents,2026-08-28,batch-2026-09-04,MOCK
"W/""5727502""",8b8dcd09-28ad-858b-d64f-e78f11376ad5,2026-08-28T11:29:59Z,2026-08-28T11:29:59Z,Classic answer,Zero-rated,0,false,962b6ca1-b84b-ebbf-3580-48c8cb2e5e7b,a81fc504-124b-b83c-aef9-06d4ecaf7098,bd9c66b3-ad3c-2d6d-1a3d-1fa7bc8960a9,Store Ops Assistant,3f2ad9c1-7b64-4f6a-9d8e-52c0b7a13e45,Contoso Production,Web chat,Escalated,0,1,99642289,2026-09-04T18:00:00Z,AI-FinOps-MOCK,dataverse.msdyn_aievents,2026-08-28,batch-2026-09-04,MOCK
"W/""1775221""",215de78d-2cc6-df71-8884-1c91aed7dee2,2026-08-28T11:48:21Z,2026-08-28T11:48:21Z,Classic answer,Billed,36,true,d7a2dda9-0289-ec3f-dd7b-c3a2b19951ff,a873e55a-7e6f-df05-4638-6ea7b7338cff,bd9c66b3-ad3c-2d6d-1a3d-1fa7bc8960a9,Store Ops Assistant,3f2ad9c1-7b64-4f6a-9d8e-52c0b7a13e45,Contoso Production,Custom website,Abandoned,0,1,39604487,2026-09-04T18:00:00Z,AI-FinOps-MOCK,dataverse.msdyn_aievents,2026-08-28,batch-2026-09-04,MOCK
"W/""1464354""",f5ecc8ec-4797-3382-7249-f515d92e9348,2026-08-28T10:16:36Z,2026-08-28T10:16:36Z,Classic answer,Zero-rated,0,false,2d37e216-87d1-f21d-f9f7-7e67828f1f4a,8c189b7e-de5f-9c7a-1956-6f51473fa474,bd9c66b3-ad3c-2d6d-1a3d-1fa7bc8960a9,Store Ops Assistant,3f2ad9c1-7b64-4f6a-9d8e-52c0b7a13e45,Contoso Production,Microsoft Teams,Abandoned,0,1,39046108,2026-09-04T18:00:00Z,AI-FinOps-MOCK,dataverse.msdyn_aievents,2026-08-28,batch-2026-09-04,MOCK
"W/""2058156""",04b9b3d3-969b-974c-a535-3c9ece20d40d,2026-08-28T10:01:30Z,2026-08-28T10:01:30Z,Classic answer,Billed,34,true,7bd8b679-b58a-4796-4546-27c11bffe682,bddba7e5-46d4-27d6-bb9d-56a63925b538,bd9c66b3-ad3c-2d6d-1a3d-1fa7bc8960a9,Store Ops Assistant,3f2ad9c1-7b64-4f6a-9d8e-52c0b7a13e45,Contoso Production,Microsoft Teams,Escalated,0,1,33220718,2026-09-04T18:00:00Z,AI-FinOps-MOCK,dataverse.msdyn_aievents,2026-08-28,batch-2026-09-04,MOCK
"W/""1172527""",1af5f124-a814-0148-0699-44959d6cc794,2026-08-28T13:34:43Z,2026-08-28T13:34:43Z,Generative answer,Zero-rated,0,false,13278660-e87e-9b38-cb80-49ff5c5b0af4,a98b0a03-4890-b77b-d746-ed6e76b8eea2,bd9c66b3-ad3c-2d6d-1a3d-1fa7bc8960a9,Store Ops Assistant,3f2ad9c1-7b64-4f6a-9d8e-52c0b7a13e45,Contoso Production,Custom website,Abandoned,0,1,77729880,2026-09-04T18:00:00Z,AI-FinOps-MOCK,dataverse.msdyn_aievents,2026-08-28,batch-2026-09-04,MOCK
"W/""8042673""",ff0f5dfe-68fc-bc57-3e9f-af237b08cee6,2026-08-28T08:26:34Z,2026-08-28T08:26:34Z,Generative answer,Billed,26,true,88c2d417-a076-cd2e-3d18-93fc46519c1e,c4d4bd29-1054-b96c-440c-709f98af8e10,bd9c66b3-ad3c-2d6d-1a3d-1fa7bc8960a9,Store Ops Assistant,3f2ad9c1-7b64-4f6a-9d8e-52c0b7a13e45,Contoso Production,Web chat,Resolved,0,1,43399643,2026-09-04T18:00:00Z,AI-FinOps-MOCK,dataverse.msdyn_aievents,2026-08-28,batch-2026-09-04,MOCK
"W/""2035290""",d97f1d6b-fd21-3546-2297-0bd1dfa60b03,2026-08-28T10:41:59Z,2026-08-28T10:41:59Z,Generative answer,Billed,76,true,11f1ebde-0ab4-4ec2-a201-1910925b03b7,c3982efb-b72b-f20f-64e7-7df4fde89702,bd9c66b3-ad3c-2d6d-1a3d-1fa7bc8960a9,Store Ops Assistant,3f2ad9c1-7b64-4f6a-9d8e-52c0b7a13e45,Contoso Production,Web chat,Escalated,0,1,24161829,2026-09-04T18:00:00Z,AI-FinOps-MOCK,dataverse.msdyn_aievents,2026-08-28,batch-2026-09-04,MOCK
"W/""3675135""",358acb86-480e-7313-abbb-03a43e29d3e5,2026-08-28T15:28:48Z,2026-08-28T15:28:48Z,Agent action,Zero-rated,0,false,649b5c90-6e30-2012-af24-aa1dfc61828e,702dcff8-484f-bbd9-6b2e-9640a02dbeac,bd9c66b3-ad3c-2d6d-1a3d-1fa7bc8960a9,Store Ops Assistant,3f2ad9c1-7b64-4f6a-9d8e-52c0b7a13e45,Contoso Production,Custom website,Abandoned,0,1,98197657,2026-09-04T18:00:00Z,AI-FinOps-MOCK,dataverse.msdyn_aievents,2026-08-28,batch-2026-09-04,MOCK
"W/""6630864""",37a353ff-01fd-a627-a6ed-233fcc7c649a,2026-08-28T18:27:58Z,2026-08-28T18:27:58Z,Agent action,Billed,69,true,442ab587-04e5-1b61-5bb0-717c3d86fbd9,b2308ddf-c70c-b21d-8156-9ee262032e54,bd9c66b3-ad3c-2d6d-1a3d-1fa7bc8960a9,Store Ops Assistant,3f2ad9c1-7b64-4f6a-9d8e-52c0b7a13e45,Contoso Production,Microsoft Teams,Abandoned,0,1,23723967,2026-09-04T18:00:00Z,AI-FinOps-MOCK,dataverse.msdyn_aievents,2026-08-28,batch-2026-09-04,MOCK
"W/""6860633""",6499cdb0-cce7-de26-9fd6-0fc709a64a81,2026-08-28T15:50:25Z,2026-08-28T15:50:25Z,Agent action,Billed,39,true,745ce974-0975-10f9-3f14-8ba80899392e,e071c144-5c9a-dfda-d5a5-1662d3553244,bd9c66b3-ad3c-2d6d-1a3d-1fa7bc8960a9,Store Ops Assistant,3f2ad9c1-7b64-4f6a-9d8e-52c0b7a13e45,Contoso Production,Custom website,Abandoned,0,1,56041989,2026-09-04T18:00:00Z,AI-FinOps-MOCK,dataverse.msdyn_aievents,2026-08-28,batch-2026-09-04,MOCK
"W/""7952281""",fbbb21c3-e31c-e3a7-3ba1-05ede67de150,2026-08-28T11:53:58Z,2026-08-28T11:53:58Z,Agent action,Billed,141,true,2c58e023-d2ad-886f-d124-cab821dbffa8,1f6cf1c6-f685-ee51-9ff5-4cce969017ac,bd9c66b3-ad3c-2d6d-1a3d-1fa7bc8960a9,Store Ops Assistant,3f2ad9c1-7b64-4f6a-9d8e-52c0b7a13e45,Contoso Production,Custom website,Escalated,0,1,95154522,2026-09-04T18:00:00Z,AI-FinOps-MOCK,dataverse.msdyn_aievents,2026-08-28,batch-2026-09-04,MOCK
